"","...1","LabID","Animal.ID","FIELDID","lcWGS coverage","tis_LabID","Pcra D_IDs_D_ID","dbo_vw_DNA_Storage_LabID","CellStatus","Freezer","Rack","Box","Row","Column","T_ID","DNAInStock","DNA_Type","DQuant","DQuant_Description","CheckedOut","Checked_Out_By","Checked_Out_For","dbo_vw_DNA_Storage_Comments","Batch_","Extracted_By","Extraction_Date","Extraction_Comments","InventoryDate","Inventory_Tech","Accession_Date","dbo_vw_DNA_Storage_Edit_User","dbo_vw_DNA_Storage_Edit_Date","dbo_vw_DNA_Storage_Record_Creation_Date","...34","Concentration_ID","dbo_vw_DNA_Concentration_D_ID","Quantification_Date","Done_by_Name","Equipment_Method","Concentration_ng_ul","Concentration_260_280","Concentration_260_230","Quantity_Copies","Assay","Comments","Edit_User","Edit_Date","Record_Creation_Date","CRC.ID","cluster"
"1",140,"z0041286","z0041286","HMMC040316.01","x",41286,32885,41286,1,"F1",11,207,"B",6,NA,"Y","Genomic DNA",2,">10ul and <=25ul","N",NA,NA,NA,NA,NA,NA,NA,NA,NA,NA,"Alaina Harmon","5/18/22 13:00","6/28/12",NA,NA,NA,NA,NA,NA,NA,NA,NA,NA,NA,NA,NA,NA,NA,"HIPc129",1
"2",141,"z0041286","z0041286","HMMC040316.01","x",41286,111206,41286,1,"F6",7,1061,"F",13,43946,"Y","Genomic DNA",3,">25ul and <=50ul","N",NA,NA,NA,2158,"Kelly Robertson","8/21/19 0:00",NA,NA,NA,"9/4/19 0:00","Alaina Harmon","2/9/22 14:38","9/4/19",NA,63431,111206,"8/26/19","Kelly Robertson","Victor Fluorometry",219.78,NA,NA,NA,NA,NA,"Gabriela Serra-Valente","11/26/19","10/1/19","HIPc129",1
"3",114,"z0198475","z0041286","RWB2016OCT19.02","x",198475,112069,198475,1,"F6",7,1066,"E",4,238870,"Y","Genomic DNA",3,">25ul and <=50ul","N",NA,NA,NA,2195,"Kelly Robertson","9/16/19 0:00",NA,NA,NA,"10/31/19 0:00","Alaina Harmon","5/18/22 13:00","10/31/19",NA,63816,112069,"9/24/19","Kelly Robertson","Victor Fluorometry",181.79,NA,NA,NA,NA,NA,"Gabriela Serra-Valente","11/5/19","11/5/19","HIPc129",1
"4",79,"z0098732","z0098732","RWB2010JUL28.02","x",98732,61598,98732,1,"F7",13,719,"B",9,NA,"Y","Genomic DNA",3,">25ul and <=50ul","N",NA,NA,NA,NA,NA,NA,NA,NA,NA,NA,"Alaina Harmon","2/2/22 12:38","6/28/12",NA,NA,NA,NA,NA,NA,NA,NA,NA,NA,NA,NA,NA,NA,NA,"HIPc216",1
"5",105,"z0175877","z0098732","RWB2016OCT23.01","x",175877,92297,175877,1,"F6",2,973,"D",1,213155,"Y","Genomic DNA",3,">25ul and <=50ul","N",NA,NA,NA,1699,"Kelly Robertson","11/1/16 0:00",NA,NA,NA,"12/2/16 0:00","Alaina Harmon","5/18/22 13:00","12/2/16",NA,NA,NA,NA,NA,NA,NA,NA,NA,NA,NA,NA,NA,NA,NA,"HIPc216",1
"6",106,"z0175877","z0098732","RWB2016OCT23.01","x",175877,111237,175877,1,"F6",7,1061,"I",5,213155,"Y","Genomic DNA",3,">25ul and <=50ul","N",NA,NA,NA,2158,"Kelly Robertson","8/21/19 0:00",NA,NA,NA,"9/4/19 0:00","Alaina Harmon","2/9/22 14:39","9/4/19",NA,63425,111237,"8/26/19","Kelly Robertson","Victor Fluorometry",118.77,NA,NA,NA,NA,NA,"Gabriela Serra-Valente","11/26/19","10/1/19","HIPc216",1
"7",113,"z0198377","z0183542","RWB2019MAR15.04","x",198377,111249,198377,1,"F6",7,1061,"J",4,238759,"Y","Genomic DNA",2,">10ul and <=25ul","N",NA,NA,NA,2159,"Kelly Robertson","8/28/19 0:00",NA,NA,NA,"9/4/19 0:00","Alaina Harmon","5/18/22 13:00","9/4/19",NA,62798,111249,"9/3/19","Kelly Robertson","Victor Fluorometry",29.57,NA,NA,NA,NA,NA,"Gabriela Serra-Valente","9/21/19","9/21/19","HIPc105",4
"8",108,"z0183542","z0183542","RWB2017MAR09.02","X",183542,97551,183542,1,"F6",3,998,"G",4,222089,"Y","Genomic DNA",4,">50ul","N",NA,NA,NA,1800,"Kelly Robertson","5/16/17 0:00",NA,NA,NA,"5/17/17 0:00","Alaina Harmon","2/9/22 9:00","5/17/17",NA,NA,NA,NA,NA,NA,NA,NA,NA,NA,NA,NA,NA,NA,NA,"HIPc105",4
"9",19,"z0132639","z0030072","RWB2011AUG20.09",NA,132639,65057,132639,-1,"F7",15,757,"I",3,145267,"N","Genomic DNA",0,"None left","N",NA,NA,"Used-up per KMR 7/9/2012",716,"Jake Minich","2/7/12 0:00","random extraction set for KLR",NA,NA,NA,"Alaina Harmon","2/2/22 12:56","6/28/12",NA,NA,NA,NA,NA,NA,NA,NA,NA,NA,NA,NA,NA,NA,NA,"HIPc379",2
"10",22,"z0132640","z0132640","RWB2011AUG20.10",NA,132640,65053,132640,-1,"F7",15,757,"H",8,145268,"N","Genomic DNA",0,"None left","N",NA,NA,"DNA used up for Odont library",716,"Jake Minich","2/7/12 0:00","random extraction set for KLR",NA,NA,NA,"Alaina Harmon","2/2/22 12:56","6/28/12",NA,NA,NA,NA,NA,NA,NA,NA,NA,NA,NA,NA,NA,NA,NA,"HIPc383",2
"11",54,"z0091081","z0091081","RWB2009DEC19.02",NA,91081,52445,91081,1,"F7",2,493,"B",3,NA,"Y","Genomic DNA",1,"<=10ul","N",NA,NA,NA,342,"Jake Minich","2/5/10 0:00","entered by jjm",NA,NA,NA,"Alaina Harmon","2/2/22 11:48","6/28/12",NA,NA,NA,NA,NA,NA,NA,NA,NA,NA,NA,NA,NA,NA,NA,"HIPc266",4
"12",88,"z0098740","z0098740","RWB2010AUG11.07",NA,98740,61605,98740,1,"F7",13,719,"C",7,NA,"Y","Genomic DNA",1,"<=10ul","N",NA,NA,NA,NA,NA,NA,NA,NA,NA,NA,"Alaina Harmon","5/18/22 13:00","6/28/12",NA,NA,NA,NA,NA,NA,NA,NA,NA,NA,NA,NA,NA,NA,NA,"HIPc106",1
"13",17,"z0132638","z0132638","RWB2011AUG20.08",NA,132638,65056,132638,1,"F7",15,757,"I",2,145266,"Y","Genomic DNA",1,"<=10ul","N",NA,NA,NA,716,"Jake Minich","2/7/12 0:00","random extraction set for KLR",NA,NA,NA,"Alaina Harmon","2/2/22 12:56","6/28/12",NA,NA,NA,NA,NA,NA,NA,NA,NA,NA,NA,NA,NA,NA,NA,"HIPc381",2
"14",132,"z0023316","z0023316","RWB010203",NA,23316,26734,23316,1,"F1",10,182,"D",3,NA,"Y","Genomic DNA",2,">10ul and <=25ul","N",NA,NA,NA,NA,NA,NA,NA,"4/14/06 0:00","Lauren Hess",NA,"Alaina Harmon","5/18/22 13:00","6/28/12",NA,NA,NA,NA,NA,NA,NA,NA,NA,NA,NA,NA,NA,NA,NA,"HIPc210",1
"15",75,"z0091286","z0023316","RWB2009DEC18.05",NA,91286,52443,91286,1,"F7",2,493,"B",1,NA,"Y","Genomic DNA",2,">10ul and <=25ul","N",NA,NA,NA,342,"Jake Minich","2/5/10 0:00","entered by jjm",NA,NA,NA,"Alaina Harmon","5/18/22 13:00","6/28/12",NA,NA,NA,NA,NA,NA,NA,NA,NA,NA,NA,NA,NA,NA,NA,"HIPc210",1
"16",133,"z0023319","z0023319","RWB010206",NA,23319,26736,23319,1,"F1",10,182,"D",5,NA,"Y","Genomic DNA",2,">10ul and <=25ul","N",NA,NA,NA,NA,NA,NA,NA,"4/14/06 0:00","Lauren Hess",NA,"Alaina Harmon","5/18/22 13:00","6/28/12",NA,NA,NA,NA,NA,NA,NA,NA,NA,NA,NA,NA,NA,NA,NA,"HIPc114",1
"17",135,"z0030072","z0030072","RWB300902.01",NA,30072,32824,30072,1,"F1",11,206,"D",8,NA,"Y","Genomic DNA",2,">10ul and <=25ul","N",NA,NA,NA,NA,NA,NA,NA,NA,NA,NA,"Alaina Harmon","5/18/22 13:00","6/28/12",NA,NA,NA,NA,NA,NA,NA,NA,NA,NA,NA,NA,NA,NA,NA,"HIPc379",2
"18",136,"z0030072","z0030072","RWB300902.01",NA,30072,111204,30072,1,"F6",7,1061,"F",11,31304,"Y","Genomic DNA",2,">10ul and <=25ul","N",NA,NA,NA,2158,"Kelly Robertson","8/21/19 0:00",NA,NA,NA,"9/4/19 0:00","Alaina Harmon","2/9/22 14:38","9/4/19",NA,63428,111204,"8/26/19","Kelly Robertson","Victor Fluorometry",35.08,NA,NA,NA,NA,NA,"Gabriela Serra-Valente","11/26/19","10/1/19","HIPc379",2
"19",18,"z0132639","z0030072","RWB2011AUG20.09",NA,132639,65029,132639,1,"F7",15,757,"F",2,145267,"Y","Genomic DNA",2,">10ul and <=25ul","N",NA,NA,NA,716,"Jake Minich","2/7/12 0:00","random extraction set for KLR",NA,NA,NA,"Alaina Harmon","5/18/22 13:00","6/28/12",NA,NA,NA,NA,NA,NA,NA,NA,NA,NA,NA,NA,NA,NA,NA,"HIPc379",2
"20",20,"z0132639","z0030072","RWB2011AUG20.09",NA,132639,65080,132639,1,"F7",15,758,"B",8,145267,"Y","Genomic DNA",2,">10ul and <=25ul","N",NA,NA,NA,NA,NA,NA,NA,NA,NA,NA,"Alaina Harmon","5/18/22 13:00","6/28/12",NA,NA,NA,NA,NA,NA,NA,NA,NA,NA,NA,NA,NA,NA,NA,"HIPc379",2
"21",137,"z0033888","z0033888","RWB260503.W11",NA,33888,32840,33888,1,"F1",11,206,"F",6,NA,"Y","Genomic DNA",2,">10ul and <=25ul","N",NA,NA,NA,NA,NA,NA,NA,NA,NA,NA,"Alaina Harmon","5/18/22 13:00","6/28/12",NA,NA,NA,NA,NA,NA,NA,NA,NA,NA,NA,NA,NA,NA,NA,"HIPc168",3
"22",138,"z0033888","z0033888","RWB260503.W11",NA,33888,37342,33888,1,"F1",12,230,"A",7,NA,"Y","Genomic DNA",2,">10ul and <=25ul","N",NA,NA,NA,NA,NA,NA,NA,NA,NA,NA,"Alaina Harmon","5/18/22 13:00","6/28/12",NA,NA,NA,NA,NA,NA,NA,NA,NA,NA,NA,NA,NA,NA,NA,"HIPc168",3
"23",97,"z0102484","z0033888","RWB2010OCT15.02",NA,102484,57755,102484,1,"F7",11,670,"G",4,NA,"Y","Genomic DNA",2,">10ul and <=25ul","N",NA,NA,NA,496,"Louella Dolar","11/9/10 0:00",NA,NA,NA,NA,"Alaina Harmon","5/18/22 13:00","6/28/12",NA,NA,NA,NA,NA,NA,NA,NA,NA,NA,NA,NA,NA,NA,NA,"HIPc168",3
"24",147,"z0049046","z0049046","MAC050807.25",NA,49046,32914,49046,1,"F1",11,207,"E",8,NA,"Y","Genomic DNA",2,">10ul and <=25ul","N",NA,NA,NA,NA,NA,NA,NA,NA,NA,NA,"Alaina Harmon","5/18/22 13:00","6/28/12",NA,NA,NA,NA,NA,NA,NA,NA,NA,NA,NA,NA,NA,NA,NA,"HIPc391",2
"25",148,"z0049046","z0049046","MAC050807.25",NA,49046,54210,49046,1,"F7",3,514,"B",8,NA,"Y","Genomic DNA",2,">10ul and <=25ul","N",NA,NA,NA,NA,NA,NA,NA,NA,NA,NA,"Alaina Harmon","5/18/22 13:00","6/28/12",NA,NA,NA,NA,NA,NA,NA,NA,NA,NA,NA,NA,NA,NA,NA,"HIPc391",2
"26",153,"z0049054","z0049054","MAC050807.33",NA,49054,54201,49054,1,"F7",3,514,"A",8,NA,"Y","Genomic DNA",2,">10ul and <=25ul","N",NA,NA,NA,NA,NA,NA,NA,NA,NA,NA,"Alaina Harmon","5/18/22 13:00","6/28/12",NA,NA,NA,NA,NA,NA,NA,NA,NA,NA,NA,NA,NA,NA,NA,"HIPc338",2
"27",14,"z0132637","z0049054","RWB2011AUG20.07",NA,132637,65027,132637,1,"F7",15,757,"E",9,145265,"Y","Genomic DNA",2,">10ul and <=25ul","N",NA,NA,NA,716,"Jake Minich","2/7/12 0:00","random extraction set for KLR",NA,NA,NA,"Alaina Harmon","2/2/22 12:56","6/28/12",NA,NA,NA,NA,NA,NA,NA,NA,NA,NA,NA,NA,NA,NA,NA,"HIPc338",2
"28",41,"z0075660","z0075660","RWB2008JUL16.01",NA,75660,74074,75660,1,"F7",19,826,"D",6,102381,"Y","Genomic DNA",2,">10ul and <=25ul","N",NA,NA,NA,908,"Louella Dolar","4/29/13 0:00","P cra for KMR",NA,NA,"5/14/13 0:00","Alaina Harmon","5/18/22 13:00","5/14/13",NA,NA,NA,NA,NA,NA,NA,NA,NA,NA,NA,NA,NA,NA,NA,"HIPc179",1
"29",70,"z0091283","z0075660","RWB2009DEC18.02",NA,91283,52440,91283,1,"F7",2,493,"A",7,NA,"Y","Genomic DNA",2,">10ul and <=25ul","N",NA,NA,NA,342,"Jake Minich","2/5/10 0:00","entered by jjm",NA,NA,NA,"Alaina Harmon","2/2/22 11:48","6/28/12",NA,NA,NA,NA,NA,NA,NA,NA,NA,NA,NA,NA,NA,NA,NA,"HIPc179",1
"30",42,"z0075662","z0075662","RWB2008JUL16.03",NA,75662,47113,75662,1,"F1",15,287,"B",5,NA,"Y","Genomic DNA",2,">10ul and <=25ul","N",NA,NA,NA,NA,NA,NA,NA,NA,NA,NA,"Nicky Beaulieu","11/1/12 13:31","6/28/12",NA,NA,NA,NA,NA,NA,NA,NA,NA,NA,NA,NA,NA,NA,NA,"HIPc116",1
"31",43,"z0075663","z0075663","RWB2008JUL16.04",NA,75663,47114,75663,1,"F1",15,287,"B",6,NA,"Y","Genomic DNA",2,">10ul and <=25ul","N",NA,NA,NA,NA,NA,NA,NA,NA,NA,NA,"Alaina Harmon","5/18/22 13:00","6/28/12",NA,NA,NA,NA,NA,NA,NA,NA,NA,NA,NA,NA,NA,NA,NA,"HIPc102",1
"32",44,"z0075663","z0075663","RWB2008JUL16.04",NA,75663,74075,75663,1,"F7",19,826,"D",7,102384,"Y","Genomic DNA",2,">10ul and <=25ul","N",NA,NA,NA,908,"Louella Dolar","4/29/13 0:00","P cra for KMR",NA,NA,"5/14/13 0:00","Alaina Harmon","5/18/22 13:00","5/14/13",NA,NA,NA,NA,NA,NA,NA,NA,NA,NA,NA,NA,NA,NA,NA,"HIPc102",1
"33",29,"z0132659","z0075666","RWB2011AUG25.02",NA,132659,65033,132659,1,"F7",15,757,"F",6,145287,"Y","Genomic DNA",2,">10ul and <=25ul","N",NA,NA,NA,716,"Jake Minich","2/7/12 0:00","random extraction set for KLR",NA,NA,NA,"Alaina Harmon","5/18/22 13:00","6/28/12",NA,NA,NA,NA,NA,NA,NA,NA,NA,NA,NA,NA,NA,NA,NA,"HIPc120",1
"34",30,"z0132659","z0075666","RWB2011AUG25.02",NA,132659,65076,132659,1,"F7",15,758,"B",4,145287,"Y","Genomic DNA",2,">10ul and <=25ul","N",NA,NA,NA,711,"Louella Dolar","2/21/12 0:00","P cra for KMR",NA,NA,NA,"Alaina Harmon","5/18/22 13:00","6/28/12",NA,NA,NA,NA,NA,NA,NA,NA,NA,NA,NA,NA,NA,NA,NA,"HIPc120",1
"35",80,"z0098733","z0075678","RWB2010JUL28.03",NA,98733,61599,98733,1,"F7",13,719,"C",1,NA,"Y","Genomic DNA",2,">10ul and <=25ul","N",NA,NA,NA,NA,NA,NA,NA,NA,NA,NA,"Alaina Harmon","2/2/22 12:38","6/28/12",NA,NA,NA,NA,NA,NA,NA,NA,NA,NA,NA,NA,NA,NA,NA,"HIPc282",1
"36",78,"z0098731","z0075679","RWB2010JUL28.01",NA,98731,61583,98731,1,"F7",13,719,"A",3,NA,"Y","Genomic DNA",2,">10ul and <=25ul","N",NA,NA,NA,NA,NA,NA,NA,NA,NA,NA,"Alaina Harmon","2/2/22 12:38","6/28/12",NA,NA,NA,NA,NA,NA,NA,NA,NA,NA,NA,NA,NA,NA,NA,"HIPc212",1
"37",55,"z0091082","z0091082","RWB2009DEC19.03",NA,91082,52446,91082,1,"F7",2,493,"B",4,NA,"Y","Genomic DNA",2,">10ul and <=25ul","N",NA,NA,NA,342,"Jake Minich","2/5/10 0:00","entered by jjm",NA,NA,NA,"Alaina Harmon","5/18/22 13:00","6/28/12",NA,NA,NA,NA,NA,NA,NA,NA,NA,NA,NA,NA,NA,NA,NA,"HIPc351",4
"38",131,"z0018956","z0091085","RWB001218",NA,18956,26733,18956,1,"F1",10,182,"D",2,NA,"Y","Genomic DNA",2,">10ul and <=25ul","N",NA,NA,NA,NA,NA,NA,NA,"4/14/06 0:00","Lauren Hess",NA,"Alaina Harmon","5/18/22 13:00","6/28/12",NA,NA,NA,NA,NA,NA,NA,NA,NA,NA,NA,NA,NA,NA,NA,"HIPc101",4
"39",59,"z0091085","z0091085","RWB2009DEC19.06",NA,91085,52449,91085,1,"F7",2,493,"B",7,NA,"Y","Genomic DNA",2,">10ul and <=25ul","N",NA,NA,NA,342,"Jake Minich","2/5/10 0:00","entered by jjm",NA,NA,NA,"Alaina Harmon","5/18/22 13:00","6/28/12",NA,NA,NA,NA,NA,NA,NA,NA,NA,NA,NA,NA,NA,NA,NA,"HIPc101",4
"40",61,"z0091086","z0091086","RWB2009DEC19.07",NA,91086,52450,91086,1,"F7",2,493,"B",8,NA,"Y","Genomic DNA",2,">10ul and <=25ul","N",NA,NA,NA,342,"Jake Minich","2/5/10 0:00","entered by jjm",NA,NA,NA,"Alaina Harmon","5/18/22 13:00","6/28/12",NA,NA,NA,NA,NA,NA,NA,NA,NA,NA,NA,NA,NA,NA,NA,"HIPc375",4
"41",63,"z0091275","z0091275","RWB2009DEC10.02",NA,91275,52436,91275,1,"F7",2,493,"A",3,NA,"Y","Genomic DNA",2,">10ul and <=25ul","N",NA,NA,NA,342,"Jake Minich","2/5/10 0:00","entered by jjm",NA,NA,NA,"Alaina Harmon","5/18/22 13:00","6/28/12",NA,NA,NA,NA,NA,NA,NA,NA,NA,NA,NA,NA,NA,NA,NA,"HIPc369",3
"42",65,"z0091276","z0091276","RWB2009DEC10.03",NA,91276,52437,91276,1,"F7",2,493,"A",4,NA,"Y","Genomic DNA",2,">10ul and <=25ul","N",NA,NA,NA,342,"Jake Minich","2/5/10 0:00","entered by jjm",NA,NA,NA,"Alaina Harmon","5/18/22 13:00","6/28/12",NA,NA,NA,NA,NA,NA,NA,NA,NA,NA,NA,NA,NA,NA,NA,"HIPc365",3
"43",67,"z0091277","z0091277","RWB2009DEC10.04",NA,91277,52438,91277,1,"F7",2,493,"A",5,NA,"Y","Genomic DNA",2,">10ul and <=25ul","N",NA,NA,NA,342,"Jake Minich","2/5/10 0:00","entered by jjm",NA,NA,NA,"Alaina Harmon","5/18/22 13:00","6/28/12",NA,NA,NA,NA,NA,NA,NA,NA,NA,NA,NA,NA,NA,NA,NA,"HIPc367",3
"44",100,"z0175868","z0091277","RWB2016OCT09.02",NA,175868,92294,175868,1,"F6",2,973,"C",11,213146,"Y","Genomic DNA",2,">10ul and <=25ul","N",NA,NA,NA,1699,"Kelly Robertson","11/1/16 0:00",NA,NA,NA,"12/2/16 0:00","Alaina Harmon","5/18/22 13:00","12/2/16",NA,NA,NA,NA,NA,NA,NA,NA,NA,NA,NA,NA,NA,NA,NA,"HIPc367",3
"45",53,"z0091080","z0091284","RWB2009DEC19.01",NA,91080,52444,91080,1,"F7",2,493,"B",2,NA,"Y","Genomic DNA",2,">10ul and <=25ul","N",NA,NA,NA,342,"Jake Minich","2/5/10 0:00","entered by jjm",NA,NA,NA,"Alaina Harmon","2/2/22 11:48","6/28/12",NA,NA,NA,NA,NA,NA,NA,NA,NA,NA,NA,NA,NA,NA,NA,"HIPc352",4
"46",71,"z0091284","z0091284","RWB2009DEC18.03",NA,91284,52441,91284,1,"F7",2,493,"A",8,NA,"Y","Genomic DNA",2,">10ul and <=25ul","N",NA,NA,NA,342,"Jake Minich","2/5/10 0:00","entered by jjm",NA,NA,NA,"Alaina Harmon","5/18/22 13:00","6/28/12",NA,NA,NA,NA,NA,NA,NA,NA,NA,NA,NA,NA,NA,NA,NA,"HIPc352",4
"47",72,"z0091284","z0091284","RWB2009DEC18.03",NA,91284,74077,91284,1,"F7",19,826,"D",9,120538,"Y","Genomic DNA",2,">10ul and <=25ul","N",NA,NA,NA,908,"Louella Dolar","4/29/13 0:00","P cra for KMR",NA,NA,"5/14/13 0:00","Alaina Harmon","5/18/22 13:00","5/14/13",NA,NA,NA,NA,NA,NA,NA,NA,NA,NA,NA,NA,NA,NA,NA,"HIPc352",4
"48",73,"z0091285","z0091285","RWB2009DEC18.04",NA,91285,52442,91285,1,"F7",2,493,"A",9,NA,"Y","Genomic DNA",2,">10ul and <=25ul","N",NA,NA,NA,342,"Jake Minich","2/5/10 0:00","entered by jjm",NA,NA,NA,"Alaina Harmon","5/18/22 13:00","6/28/12",NA,NA,NA,NA,NA,NA,NA,NA,NA,NA,NA,NA,NA,NA,NA,"HIPc320",1
"49",81,"z0098734","z0098734","RWB2010AUG11.01",NA,98734,61600,98734,1,"F7",13,719,"C",2,NA,"Y","Genomic DNA",2,">10ul and <=25ul","N",NA,NA,NA,NA,NA,NA,NA,NA,NA,NA,"Alaina Harmon","5/18/22 13:00","6/28/12",NA,NA,NA,NA,NA,NA,NA,NA,NA,NA,NA,NA,NA,NA,NA,"HIPc204",3
"50",83,"z0098735","z0098735","RWB2010AUG11.02",NA,98735,61601,98735,1,"F7",13,719,"C",3,NA,"Y","Genomic DNA",2,">10ul and <=25ul","N",NA,NA,NA,NA,NA,NA,NA,NA,NA,NA,"Alaina Harmon","5/18/22 13:00","6/28/12",NA,NA,NA,NA,NA,NA,NA,NA,NA,NA,NA,NA,NA,NA,NA,"HIPc115",1
"51",84,"z0098737","z0098737","RWB2010AUG11.04",NA,98737,61603,98737,1,"F7",13,719,"C",5,NA,"Y","Genomic DNA",2,">10ul and <=25ul","N",NA,NA,NA,NA,NA,NA,NA,NA,NA,NA,"Alaina Harmon","5/18/22 13:00","6/28/12",NA,NA,NA,NA,NA,NA,NA,NA,NA,NA,NA,NA,NA,NA,NA,"HIPc310",1
"52",86,"z0098738","z0098738","RWB2010AUG11.05",NA,98738,61604,98738,1,"F7",13,719,"C",6,NA,"Y","Genomic DNA",2,">10ul and <=25ul","N",NA,NA,NA,NA,NA,NA,NA,NA,NA,NA,"Alaina Harmon","5/18/22 13:00","6/28/12",NA,NA,NA,NA,NA,NA,NA,NA,NA,NA,NA,NA,NA,NA,NA,"HIPc133",1
"53",91,"z0098743","z0098743","RWB2010AUG14.04",NA,98743,61608,98743,1,"F7",13,719,"D",1,NA,"Y","Genomic DNA",2,">10ul and <=25ul","N",NA,NA,NA,NA,NA,NA,NA,NA,NA,NA,"Alaina Harmon","2/2/22 12:38","6/28/12",NA,NA,NA,NA,NA,NA,NA,NA,NA,NA,NA,NA,NA,NA,NA,"HIPc396",2
"54",92,"z0098744","z0098744","RWB2010AUG14.05",NA,98744,61609,98744,1,"F7",13,719,"D",2,NA,"Y","Genomic DNA",2,">10ul and <=25ul","N",NA,NA,NA,NA,NA,NA,NA,NA,NA,NA,"Alaina Harmon","5/18/22 13:00","6/28/12",NA,NA,NA,NA,NA,NA,NA,NA,NA,NA,NA,NA,NA,NA,NA,"HIPc392",2
"55",93,"z0098745","z0098745","RWB2010AUG14.06",NA,98745,61610,98745,1,"F7",13,719,"D",3,NA,"Y","Genomic DNA",2,">10ul and <=25ul","N",NA,NA,NA,NA,NA,NA,NA,NA,NA,NA,"Alaina Harmon","5/18/22 13:00","6/28/12",NA,NA,NA,NA,NA,NA,NA,NA,NA,NA,NA,NA,NA,NA,NA,"HIPc384",2
"56",94,"z0098746","z0098746","RWB2010AUG14.07",NA,98746,61611,98746,1,"F7",13,719,"D",4,NA,"Y","Genomic DNA",2,">10ul and <=25ul","N",NA,NA,NA,NA,NA,NA,NA,NA,NA,NA,"Alaina Harmon","5/18/22 13:00","6/28/12",NA,NA,NA,NA,NA,NA,NA,NA,NA,NA,NA,NA,NA,NA,NA,"HIPc207",2
"57",95,"z0102483","z0102483","RWB2010OCT15.01",NA,102483,57754,102483,1,"F7",11,670,"G",3,NA,"Y","Genomic DNA",2,">10ul and <=25ul","N",NA,NA,NA,496,"Louella Dolar","11/9/10 0:00",NA,NA,NA,NA,"Alaina Harmon","5/18/22 13:00","6/28/12",NA,NA,NA,NA,NA,NA,NA,NA,NA,NA,NA,NA,NA,NA,NA,"HIPc301",3
"58",98,"z0102485","z0102485","RWB2010OCT15.03",NA,102485,57756,102485,1,"F7",11,670,"G",5,NA,"Y","Genomic DNA",2,">10ul and <=25ul","N",NA,NA,NA,496,"Louella Dolar","11/9/10 0:00",NA,NA,NA,NA,"Alaina Harmon","5/18/22 13:00","6/28/12",NA,NA,NA,NA,NA,NA,NA,NA,NA,NA,NA,NA,NA,NA,NA,"HIPc200",3
"59",1,"z0132631","z0132631","RWB2011AUG20.01",NA,132631,65021,132631,1,"F7",15,757,"E",3,145259,"Y","Genomic DNA",2,">10ul and <=25ul","N",NA,NA,NA,716,"Jake Minich","2/7/12 0:00","random extraction set for KLR",NA,NA,NA,"Alaina Harmon","5/18/22 13:00","6/28/12",NA,NA,NA,NA,NA,NA,NA,NA,NA,NA,NA,NA,NA,NA,NA,"HIPc382",2
"60",2,"z0132631","z0132631","RWB2011AUG20.01",NA,132631,65071,132631,1,"F7",15,758,"A",8,145259,"Y","Genomic DNA",2,">10ul and <=25ul","N",NA,NA,NA,711,"Louella Dolar","2/21/12 0:00","P cra for KMR",NA,NA,NA,"Alaina Harmon","5/18/22 13:00","6/28/12",NA,NA,NA,NA,NA,NA,NA,NA,NA,NA,NA,NA,NA,NA,NA,"HIPc382",2
"61",4,"z0132632","z0132632","RWB2011AUG20.02",NA,132632,65060,132632,1,"F7",15,757,"I",6,145260,"Y","Genomic DNA",2,">10ul and <=25ul","N",NA,NA,NA,716,"Jake Minich","2/7/12 0:00","random extraction set for KLR",NA,NA,NA,"Alaina Harmon","5/18/22 13:00","6/28/12",NA,NA,NA,NA,NA,NA,NA,NA,NA,NA,NA,NA,NA,NA,NA,"HIPc230",2
"62",6,"z0132633","z0132633","RWB2011AUG20.03",NA,132633,65023,132633,1,"F7",15,757,"E",5,145261,"Y","Genomic DNA",2,">10ul and <=25ul","N",NA,NA,NA,716,"Jake Minich","2/7/12 0:00","random extraction set for KLR",NA,NA,NA,"Alaina Harmon","2/2/22 12:56","6/28/12",NA,NA,NA,NA,NA,NA,NA,NA,NA,NA,NA,NA,NA,NA,NA,"HIPc339",2
"63",9,"z0132634","z0132634","RWB2011AUG20.04",NA,132634,65072,132634,1,"F7",15,758,"A",9,145262,"Y","Genomic DNA",2,">10ul and <=25ul","N",NA,NA,NA,711,"Louella Dolar","2/21/12 0:00","P cra for KMR",NA,NA,NA,"Alaina Harmon","5/18/22 13:00","6/28/12",NA,NA,NA,NA,NA,NA,NA,NA,NA,NA,NA,NA,NA,NA,NA,"HIPc233",2
"64",11,"z0132635","z0132635","RWB2011AUG20.05",NA,132635,65073,132635,1,"F7",15,758,"B",1,145263,"Y","Genomic DNA",2,">10ul and <=25ul","N",NA,NA,NA,711,"Louella Dolar","2/21/12 0:00","P cra for KMR",NA,NA,NA,"Alaina Harmon","2/2/22 12:56","6/28/12",NA,NA,NA,NA,NA,NA,NA,NA,NA,NA,NA,NA,NA,NA,NA,"HIPc398",2
"65",12,"z0132636","z0132636","RWB2011AUG20.06",NA,132636,65026,132636,1,"F7",15,757,"E",8,145264,"Y","Genomic DNA",2,">10ul and <=25ul","N",NA,NA,NA,716,"Jake Minich","2/7/12 0:00","random extraction set for KLR",NA,NA,NA,"Alaina Harmon","2/2/22 12:56","6/28/12",NA,NA,NA,NA,NA,NA,NA,NA,NA,NA,NA,NA,NA,NA,NA,"HIPc387",2
"66",13,"z0132636","z0132636","RWB2011AUG20.06",NA,132636,65074,132636,1,"F7",15,758,"B",2,145264,"Y","Genomic DNA",2,">10ul and <=25ul","N",NA,NA,NA,711,"Louella Dolar","2/21/12 0:00","P cra for KMR",NA,NA,NA,"Alaina Harmon","2/2/22 12:56","6/28/12",NA,NA,NA,NA,NA,NA,NA,NA,NA,NA,NA,NA,NA,NA,NA,"HIPc387",2
"67",25,"z0132641","z0132641","RWB2011AUG20.11",NA,132641,74078,132641,1,"F7",19,826,"E",1,145269,"Y","Genomic DNA",2,">10ul and <=25ul","N",NA,NA,NA,908,"Louella Dolar","4/29/13 0:00","P cra for KMR",NA,NA,"5/14/13 0:00","Alaina Harmon","5/18/22 13:00","5/14/13",NA,NA,NA,NA,NA,NA,NA,NA,NA,NA,NA,NA,NA,NA,NA,"HIPc211",2
"68",31,"z0132660","z0132660","RWB2011AUG25.03",NA,132660,65034,132660,1,"F7",15,757,"F",7,145288,"Y","Genomic DNA",2,">10ul and <=25ul","N",NA,NA,NA,716,"Jake Minich","2/7/12 0:00","random extraction set for KLR",NA,NA,NA,"Alaina Harmon","5/18/22 13:00","6/28/12",NA,NA,NA,NA,NA,NA,NA,NA,NA,NA,NA,NA,NA,NA,NA,"HIPc181",1
"69",32,"z0132660","z0132660","RWB2011AUG25.03",NA,132660,65077,132660,1,"F7",15,758,"B",5,145288,"Y","Genomic DNA",2,">10ul and <=25ul","N",NA,NA,NA,711,"Louella Dolar","2/21/12 0:00","P cra for KMR",NA,NA,NA,"Alaina Harmon","5/18/22 13:00","6/28/12",NA,NA,NA,NA,NA,NA,NA,NA,NA,NA,NA,NA,NA,NA,NA,"HIPc181",1
"70",34,"z0132661","z0132661","RWB2011AUG25.04",NA,132661,65035,132661,1,"F7",15,757,"F",8,145289,"Y","Genomic DNA",2,">10ul and <=25ul","N",NA,NA,NA,716,"Jake Minich","2/7/12 0:00","random extraction set for KLR",NA,NA,NA,"Alaina Harmon","2/2/22 12:56","6/28/12",NA,NA,NA,NA,NA,NA,NA,NA,NA,NA,NA,NA,NA,NA,NA,"HIPc316",1
"71",76,"z0091286","z0023316","RWB2009DEC18.05",NA,91286,111227,91286,1,"F6",7,1061,"H",8,120540,"Y","Genomic DNA",3,">25ul and <=50ul","N",NA,NA,NA,2158,"Kelly Robertson","8/21/19 0:00",NA,NA,NA,"9/4/19 0:00","Alaina Harmon","2/9/22 14:38","9/4/19",NA,63441,111227,"8/26/19","Kelly Robertson","Victor Fluorometry",206.48,NA,NA,NA,NA,NA,"Gabriela Serra-Valente","11/26/19","10/1/19","HIPc210",1
"72",28,"z0132658","z0023319","RWB2011AUG25.01",NA,132658,111233,132658,1,"F6",7,1061,"I",1,145286,"Y","Genomic DNA",3,">25ul and <=50ul","N",NA,NA,NA,2158,"Kelly Robertson","8/21/19 0:00",NA,NA,NA,"9/4/19 0:00","Alaina Harmon","2/9/22 14:38","9/4/19",NA,63462,111233,"8/26/19","Kelly Robertson","Victor Fluorometry",244.23,NA,NA,NA,NA,NA,"Gabriela Serra-Valente","11/26/19","10/1/19","HIPc114",1
"73",134,"z0030072","z0030072","RWB300902.01",NA,30072,32823,30072,1,"F1",11,206,"D",7,NA,"Y","Genomic DNA",3,">25ul and <=50ul","N",NA,NA,NA,NA,NA,NA,NA,NA,NA,NA,"Alaina Harmon","5/18/22 13:00","6/28/12",NA,NA,NA,NA,NA,NA,NA,NA,NA,NA,NA,NA,NA,NA,NA,"HIPc379",2
"74",139,"z0033888","z0033888","RWB260503.W11",NA,33888,111200,33888,1,"F6",7,1061,"F",7,35682,"Y","Genomic DNA",3,">25ul and <=50ul","N",NA,NA,NA,2158,"Kelly Robertson","8/21/19 0:00",NA,NA,NA,"9/4/19 0:00","Alaina Harmon","2/9/22 14:38","9/4/19",NA,63460,111200,"8/26/19","Kelly Robertson","Victor Fluorometry",50.74,NA,NA,NA,NA,NA,"Gabriela Serra-Valente","11/26/19","10/1/19","HIPc168",3
"75",142,"z0049043","z0049043","MAC050807.22",NA,49043,32909,49043,1,"F1",11,207,"E",3,NA,"Y","Genomic DNA",3,">25ul and <=50ul","N",NA,NA,NA,NA,NA,NA,NA,NA,NA,NA,"Dan Prosperi","7/2/12 13:04","6/28/12",NA,NA,NA,NA,NA,NA,NA,NA,NA,NA,NA,NA,NA,NA,NA,"HIPc220",2
"76",146,"z0049045","z0049043","MAC050807.24",NA,49045,63731,49045,1,"F7",15,742,"C",1,NA,"Y","Genomic DNA",3,">25ul and <=50ul","N",NA,NA,NA,NA,NA,NA,NA,NA,NA,NA,"Alaina Harmon","2/2/22 12:48","6/28/12",NA,NA,NA,NA,NA,NA,NA,NA,NA,NA,NA,NA,NA,NA,NA,"HIPc220",2
"77",89,"z0098741","z0049043","RWB2010AUG14.01",NA,98741,61606,98741,1,"F7",13,719,"C",8,NA,"Y","Genomic DNA",3,">25ul and <=50ul","N",NA,NA,NA,NA,NA,NA,NA,NA,NA,NA,"Alaina Harmon","2/2/22 12:38","6/28/12",NA,NA,NA,NA,NA,NA,NA,NA,NA,NA,NA,NA,NA,NA,NA,"HIPc220",2
"78",90,"z0098742","z0049046","RWB2010AUG14.02",NA,98742,61607,98742,1,"F7",13,719,"C",9,NA,"Y","Genomic DNA",3,">25ul and <=50ul","N",NA,NA,NA,NA,NA,NA,NA,NA,NA,NA,"Alaina Harmon","2/2/22 12:38","6/28/12",NA,NA,NA,NA,NA,NA,NA,NA,NA,NA,NA,NA,NA,NA,NA,"HIPc391",2
"79",151,"z0049054","z0049054","MAC050807.33",NA,49054,33198,49054,1,"F1",11,209,"D",2,NA,"Y","Genomic DNA",3,">25ul and <=50ul","N",NA,NA,NA,NA,NA,NA,NA,NA,NA,NA,"Alaina Harmon","5/18/22 13:00","6/28/12",NA,NA,NA,NA,NA,NA,NA,NA,NA,NA,NA,NA,NA,NA,NA,"HIPc338",2
"80",152,"z0049054","z0049054","MAC050807.33",NA,49054,33199,49054,1,"F1",11,209,"D",3,NA,"Y","Genomic DNA",3,">25ul and <=50ul","N",NA,NA,NA,NA,NA,NA,NA,NA,NA,NA,"Alaina Harmon","5/18/22 13:00","6/28/12",NA,NA,NA,NA,NA,NA,NA,NA,NA,NA,NA,NA,NA,NA,NA,"HIPc338",2
"81",154,"z0049054","z0049054","MAC050807.33",NA,49054,56013,49054,1,"F7",4,536,"E",2,NA,"Y","Genomic DNA",3,">25ul and <=50ul","N",NA,NA,NA,NA,NA,NA,NA,NA,NA,NA,"Alaina Harmon","5/18/22 13:00","6/28/12",NA,NA,NA,NA,NA,NA,NA,NA,NA,NA,NA,NA,NA,NA,NA,"HIPc338",2
"82",15,"z0132637","z0049054","RWB2011AUG20.07",NA,132637,65075,132637,1,"F7",15,758,"B",3,145265,"Y","Genomic DNA",3,">25ul and <=50ul","N",NA,NA,NA,711,"Louella Dolar","2/21/12 0:00","P cra for KMR",NA,NA,NA,"Alaina Harmon","2/2/22 12:56","6/28/12",NA,NA,NA,NA,NA,NA,NA,NA,NA,NA,NA,NA,NA,NA,NA,"HIPc338",2
"83",40,"z0075660","z0075660","RWB2008JUL16.01",NA,75660,47111,75660,1,"F1",15,287,"B",3,NA,"Y","Genomic DNA",3,">25ul and <=50ul","N",NA,NA,NA,NA,NA,NA,NA,NA,NA,NA,"Alaina Harmon","5/18/22 13:00","6/28/12",NA,NA,NA,NA,NA,NA,NA,NA,NA,NA,NA,NA,NA,NA,NA,"HIPc179",1
"84",37,"z0132662","z0075662","RWB2011AUG25.05",NA,132662,111234,132662,1,"F6",7,1061,"I",2,145290,"Y","Genomic DNA",3,">25ul and <=50ul","N",NA,NA,NA,2158,"Kelly Robertson","8/21/19 0:00",NA,NA,NA,"9/4/19 0:00","Alaina Harmon","2/9/22 14:38","9/4/19",NA,63445,111234,"8/26/19","Kelly Robertson","Victor Fluorometry",122.2,NA,NA,NA,NA,NA,"Gabriela Serra-Valente","11/26/19","10/1/19","HIPc116",1
"85",87,"z0098739","z0075663","RWB2010AUG11.06",NA,98739,61595,98739,1,"F7",13,719,"B",6,NA,"Y","Genomic DNA",3,">25ul and <=50ul","N",NA,NA,NA,NA,NA,NA,NA,NA,NA,NA,"Alaina Harmon","5/18/22 13:00","6/28/12",NA,NA,NA,NA,NA,NA,NA,NA,NA,NA,NA,NA,NA,NA,NA,"HIPc102",1
"86",45,"z0075665","z0075665","RWB2008JUL16.06",NA,75665,47115,75665,1,"F1",15,287,"B",7,NA,"Y","Genomic DNA",3,">25ul and <=50ul","N",NA,NA,NA,NA,NA,NA,NA,NA,NA,NA,"Alaina Harmon","5/18/22 13:00","6/28/12",NA,NA,NA,NA,NA,NA,NA,NA,NA,NA,NA,NA,NA,NA,NA,"HIPc117",1
"87",46,"z0075665","z0075665","RWB2008JUL16.06",NA,75665,111215,75665,1,"F6",7,1061,"G",9,102386,"Y","Genomic DNA",3,">25ul and <=50ul","N",NA,NA,NA,2158,"Kelly Robertson","8/21/19 0:00",NA,NA,NA,"9/4/19 0:00","Alaina Harmon","2/9/22 14:38","9/4/19",NA,63444,111215,"8/26/19","Kelly Robertson","Victor Fluorometry",356.63,NA,NA,NA,NA,NA,"Gabriela Serra-Valente","11/26/19","10/1/19","HIPc117",1
"88",47,"z0075666","z0075666","RWB2008JUL16.07",NA,75666,47109,75666,1,"F1",15,287,"B",1,NA,"Y","Genomic DNA",3,">25ul and <=50ul","N",NA,NA,NA,NA,NA,NA,NA,NA,NA,NA,"Nicky Beaulieu","11/1/12 13:31","6/28/12",NA,NA,NA,NA,NA,NA,NA,NA,NA,NA,NA,NA,NA,NA,NA,"HIPc120",1
"89",48,"z0075676","z0075676","RWB2008JUL26.01",NA,75676,47116,75676,1,"F1",15,287,"B",8,NA,"Y","Genomic DNA",3,">25ul and <=50ul","N",NA,NA,NA,NA,NA,NA,NA,NA,NA,NA,"Alaina Harmon","5/18/22 13:00","6/28/12",NA,NA,NA,NA,NA,NA,NA,NA,NA,NA,NA,NA,NA,NA,NA,"HIPc214",1
"90",49,"z0075676","z0075676","RWB2008JUL26.01",NA,75676,111216,75676,1,"F6",7,1061,"G",10,102397,"Y","Genomic DNA",3,">25ul and <=50ul","N",NA,NA,NA,2158,"Kelly Robertson","8/21/19 0:00",NA,NA,NA,"9/4/19 0:00","Alaina Harmon","2/9/22 14:38","9/4/19",NA,63427,111216,"8/26/19","Kelly Robertson","Victor Fluorometry",197.32,NA,NA,NA,NA,NA,"Gabriela Serra-Valente","11/26/19","10/1/19","HIPc214",1
"91",50,"z0075678","z0075678","RWB2008JUL26.03",NA,75678,47118,75678,1,"F1",15,287,"C",1,NA,"Y","Genomic DNA",3,">25ul and <=50ul","N",NA,NA,NA,NA,NA,NA,NA,NA,NA,NA,"Alaina Harmon","5/18/22 13:00","6/28/12",NA,NA,NA,NA,NA,NA,NA,NA,NA,NA,NA,NA,NA,NA,NA,"HIPc282",1
"92",51,"z0075678","z0075678","RWB2008JUL26.03",NA,75678,111218,75678,1,"F6",7,1061,"G",12,102399,"Y","Genomic DNA",3,">25ul and <=50ul","N",NA,NA,NA,2158,"Kelly Robertson","8/21/19 0:00",NA,NA,NA,"9/4/19 0:00","Alaina Harmon","2/9/22 14:38","9/4/19",NA,63429,111218,"8/26/19","Kelly Robertson","Victor Fluorometry",215.52,NA,NA,NA,NA,NA,"Gabriela Serra-Valente","11/26/19","10/1/19","HIPc282",1
"93",52,"z0075679","z0075679","RWB2008JUL26.06",NA,75679,47110,75679,1,"F1",15,287,"B",2,NA,"Y","Genomic DNA",3,">25ul and <=50ul","N",NA,NA,NA,NA,NA,NA,NA,NA,NA,NA,"Nicky Beaulieu","11/1/12 13:31","6/28/12",NA,NA,NA,NA,NA,NA,NA,NA,NA,NA,NA,NA,NA,NA,NA,"HIPc212",1
"94",56,"z0091082","z0091082","RWB2009DEC19.03",NA,91082,111220,91082,1,"F6",7,1061,"H",1,119729,"Y","Genomic DNA",3,">25ul and <=50ul","N",NA,NA,NA,2158,"Kelly Robertson","8/21/19 0:00",NA,NA,NA,"9/4/19 0:00","Alaina Harmon","2/9/22 14:38","9/4/19",NA,63435,111220,"8/26/19","Kelly Robertson","Victor Fluorometry",147.66,NA,NA,NA,NA,NA,"Gabriela Serra-Valente","11/26/19","10/1/19","HIPc351",4
"95",57,"z0091083","z0091083","RWB2009DEC19.04",NA,91083,52447,91083,1,"F7",2,493,"B",5,NA,"Y","Genomic DNA",3,">25ul and <=50ul","N",NA,NA,NA,342,"Jake Minich","2/5/10 0:00","entered by jjm",NA,NA,NA,"Alaina Harmon","2/2/22 11:48","6/28/12",NA,NA,NA,NA,NA,NA,NA,NA,NA,NA,NA,NA,NA,NA,NA,"HIPc184",4
"96",58,"z0091084","z0091084","RWB2009DEC19.05",NA,91084,52448,91084,1,"F7",2,493,"B",6,NA,"Y","Genomic DNA",3,">25ul and <=50ul","N",NA,NA,NA,342,"Jake Minich","2/5/10 0:00","entered by jjm",NA,NA,NA,"Alaina Harmon","2/2/22 11:48","6/28/12",NA,NA,NA,NA,NA,NA,NA,NA,NA,NA,NA,NA,NA,NA,NA,"HIPc372",4
"97",60,"z0091085","z0091085","RWB2009DEC19.06",NA,91085,111221,91085,1,"F6",7,1061,"H",2,119732,"Y","Genomic DNA",3,">25ul and <=50ul","N",NA,NA,NA,2158,"Kelly Robertson","8/21/19 0:00",NA,NA,NA,"9/4/19 0:00","Alaina Harmon","2/9/22 14:38","9/4/19",NA,63465,111221,"8/26/19","Kelly Robertson","Victor Fluorometry",227.49,NA,NA,NA,NA,NA,"Gabriela Serra-Valente","11/26/19","10/1/19","HIPc101",4
"98",62,"z0091086","z0091086","RWB2009DEC19.07",NA,91086,111222,91086,1,"F6",7,1061,"H",3,119733,"Y","Genomic DNA",3,">25ul and <=50ul","N",NA,NA,NA,2158,"Kelly Robertson","8/21/19 0:00",NA,NA,NA,"9/4/19 0:00","Alaina Harmon","2/9/22 14:38","9/4/19",NA,63451,111222,"8/26/19","Kelly Robertson","Victor Fluorometry",168.7,NA,NA,NA,NA,NA,"Gabriela Serra-Valente","11/26/19","10/1/19","HIPc375",4
"99",64,"z0091275","z0091275","RWB2009DEC10.02",NA,91275,111223,91275,1,"F6",7,1061,"H",4,120529,"Y","Genomic DNA",3,">25ul and <=50ul","N",NA,NA,NA,2158,"Kelly Robertson","8/21/19 0:00",NA,NA,NA,"9/4/19 0:00","Alaina Harmon","2/9/22 14:38","9/4/19",NA,63420,111223,"8/26/19","Kelly Robertson","Victor Fluorometry",128.91,NA,NA,NA,NA,NA,"Gabriela Serra-Valente","11/26/19","10/1/19","HIPc369",3
"100",66,"z0091276","z0091276","RWB2009DEC10.03",NA,91276,111224,91276,1,"F6",7,1061,"H",5,120530,"Y","Genomic DNA",3,">25ul and <=50ul","N",NA,NA,NA,2158,"Kelly Robertson","8/21/19 0:00",NA,NA,NA,"9/4/19 0:00","Alaina Harmon","2/9/22 14:38","9/4/19",NA,63452,111224,"8/26/19","Kelly Robertson","Victor Fluorometry",94.75,NA,NA,NA,NA,NA,"Gabriela Serra-Valente","11/26/19","10/1/19","HIPc365",3
"101",68,"z0091277","z0091277","RWB2009DEC10.04",NA,91277,111225,91277,1,"F6",7,1061,"H",6,120531,"Y","Genomic DNA",3,">25ul and <=50ul","N",NA,NA,NA,2158,"Kelly Robertson","8/21/19 0:00",NA,NA,NA,"9/4/19 0:00","Alaina Harmon","2/9/22 14:38","9/4/19",NA,63439,111225,"8/26/19","Kelly Robertson","Victor Fluorometry",70,NA,NA,NA,NA,NA,"Gabriela Serra-Valente","11/26/19","10/1/19","HIPc367",3
"102",69,"z0091278","z0091278","RWB2009DEC10.05",NA,91278,52439,91278,1,"F7",2,493,"A",6,NA,"Y","Genomic DNA",3,">25ul and <=50ul","N",NA,NA,NA,342,"Jake Minich","2/5/10 0:00","entered by jjm",NA,NA,NA,"Alaina Harmon","2/2/22 11:48","6/28/12",NA,NA,NA,NA,NA,NA,NA,NA,NA,NA,NA,NA,NA,NA,NA,"HIPc366",3
"103",123,"z0207812","z0091284","RWB2020DEC12.08",NA,207812,121265,207812,1,"F6",9,1119,"A",3,249028,"Y","Genomic DNA",3,">25ul and <=50ul","N",NA,NA,NA,2368,"Kelly Robertson","2/23/22 0:00",NA,NA,NA,"3/2/22 0:00","Alaina Harmon","3/15/22 13:02","3/2/22",NA,NA,NA,NA,NA,NA,NA,NA,NA,NA,NA,NA,NA,NA,NA,"HIPc352",4
"104",74,"z0091285","z0091285","RWB2009DEC18.04",NA,91285,111226,91285,1,"F6",7,1061,"H",7,120539,"Y","Genomic DNA",3,">25ul and <=50ul","N",NA,NA,NA,2158,"Kelly Robertson","8/21/19 0:00",NA,NA,NA,"9/4/19 0:00","Alaina Harmon","2/9/22 14:38","9/4/19",NA,63455,111226,"8/26/19","Kelly Robertson","Victor Fluorometry",144.2,NA,NA,NA,NA,NA,"Gabriela Serra-Valente","11/26/19","10/1/19","HIPc320",1
"105",103,"z0175876","z0091285","RWB2016OCT20.02",NA,175876,92296,175876,1,"F6",2,973,"C",13,213154,"Y","Genomic DNA",3,">25ul and <=50ul","N",NA,NA,NA,1699,"Kelly Robertson","11/1/16 0:00",NA,NA,NA,"12/2/16 0:00","Alaina Harmon","5/18/22 13:00","12/2/16",NA,NA,NA,NA,NA,NA,NA,NA,NA,NA,NA,NA,NA,NA,NA,"HIPc320",1
"106",104,"z0175876","z0091285","RWB2016OCT20.02",NA,175876,111236,175876,1,"F6",7,1061,"I",4,213154,"Y","Genomic DNA",3,">25ul and <=50ul","N",NA,NA,NA,2158,"Kelly Robertson","8/21/19 0:00",NA,NA,NA,"9/4/19 0:00","Alaina Harmon","2/9/22 14:38","9/4/19",NA,63448,111236,"8/26/19","Kelly Robertson","Victor Fluorometry",110.23,NA,NA,NA,NA,NA,"Gabriela Serra-Valente","11/26/19","10/1/19","HIPc320",1
"107",82,"z0098734","z0098734","RWB2010AUG11.01",NA,98734,111230,98734,1,"F6",7,1061,"H",11,129732,"Y","Genomic DNA",3,">25ul and <=50ul","N",NA,NA,NA,2158,"Kelly Robertson","8/21/19 0:00",NA,NA,NA,"9/4/19 0:00","Alaina Harmon","2/9/22 14:38","9/4/19",NA,63430,111230,"8/26/19","Kelly Robertson","Victor Fluorometry",119.92,NA,NA,NA,NA,NA,"Gabriela Serra-Valente","11/26/19","10/1/19","HIPc204",3
"108",85,"z0098737","z0098737","RWB2010AUG11.04",NA,98737,111231,98737,1,"F6",7,1061,"H",12,129735,"Y","Genomic DNA",3,">25ul and <=50ul","N",NA,NA,NA,2158,"Kelly Robertson","8/21/19 0:00",NA,NA,NA,"9/4/19 0:00","Alaina Harmon","2/9/22 14:38","9/4/19",NA,63459,111231,"8/26/19","Kelly Robertson","Victor Fluorometry",235.59,NA,NA,NA,NA,NA,"Gabriela Serra-Valente","11/26/19","10/1/19","HIPc310",1
"109",96,"z0102483","z0102483","RWB2010OCT15.01",NA,102483,111232,102483,1,"F6",7,1061,"H",13,133393,"Y","Genomic DNA",3,">25ul and <=50ul","N",NA,NA,NA,2158,"Kelly Robertson","8/21/19 0:00",NA,NA,NA,"9/4/19 0:00","Alaina Harmon","2/9/22 14:38","9/4/19",NA,63432,111232,"8/26/19","Kelly Robertson","Victor Fluorometry",111.97,NA,NA,NA,NA,NA,"Gabriela Serra-Valente","11/26/19","10/1/19","HIPc301",3
"110",112,"z0196956","z0102483","RWB2018NOV17.03",NA,196956,111247,196956,1,"F6",7,1061,"J",2,236831,"Y","Genomic DNA",3,">25ul and <=50ul","N",NA,NA,NA,2159,"Kelly Robertson","8/28/19 0:00",NA,NA,NA,"9/4/19 0:00","Alaina Harmon","5/18/22 13:00","9/4/19",NA,62801,111247,"9/3/19","Kelly Robertson","Victor Fluorometry",192.65,NA,NA,NA,NA,NA,"Gabriela Serra-Valente","9/21/19","9/21/19","HIPc301",3
"111",3,"z0132632","z0132632","RWB2011AUG20.02",NA,132632,65022,132632,1,"F7",15,757,"E",4,145260,"Y","Genomic DNA",3,">25ul and <=50ul","N",NA,NA,NA,716,"Jake Minich","2/7/12 0:00","random extraction set for KLR",NA,NA,NA,"Alaina Harmon","5/18/22 13:00","6/28/12",NA,NA,NA,NA,NA,NA,NA,NA,NA,NA,NA,NA,NA,NA,NA,"HIPc230",2
"112",5,"z0132632","z0132632","RWB2011AUG20.02",NA,132632,74080,132632,1,"F7",19,826,"E",3,145260,"Y","Genomic DNA",3,">25ul and <=50ul","N",NA,NA,NA,908,"Louella Dolar","4/29/13 0:00","P cra for KMR",NA,NA,"5/14/13 0:00","Alaina Harmon","5/18/22 13:00","5/14/13",NA,NA,NA,NA,NA,NA,NA,NA,NA,NA,NA,NA,NA,NA,NA,"HIPc230",2
"113",149,"z0049047","z0132633","MAC050807.26",NA,49047,32915,49047,1,"F1",11,207,"E",9,NA,"Y","Genomic DNA",3,">25ul and <=50ul","N",NA,NA,NA,NA,NA,NA,NA,NA,NA,NA,"Dan Prosperi","7/2/12 13:04","6/28/12",NA,NA,NA,NA,NA,NA,NA,NA,NA,NA,NA,NA,NA,NA,NA,"HIPc339",2
"114",150,"z0049047","z0132633","MAC050807.26",NA,49047,32916,49047,1,"F1",11,207,"F",1,NA,"Y","Genomic DNA",3,">25ul and <=50ul","N",NA,NA,"Sample re-suspended in 25ul Uvzapped H2O by Brian Park (volunteer)",NA,NA,NA,NA,NA,NA,NA,"Dan Prosperi","7/2/12 13:04","6/28/12",NA,NA,NA,NA,NA,NA,NA,NA,NA,NA,NA,NA,NA,NA,NA,"HIPc339",2
"115",7,"z0132633","z0132633","RWB2011AUG20.03",NA,132633,65061,132633,1,"F7",15,757,"I",7,145261,"Y","Genomic DNA",3,">25ul and <=50ul","N",NA,NA,NA,716,"Jake Minich","2/7/12 0:00","random extraction set for KLR",NA,NA,NA,"Alaina Harmon","2/2/22 12:56","6/28/12",NA,NA,NA,NA,NA,NA,NA,NA,NA,NA,NA,NA,NA,NA,NA,"HIPc339",2
"116",8,"z0132634","z0132634","RWB2011AUG20.04",NA,132634,65024,132634,1,"F7",15,757,"E",6,145262,"Y","Genomic DNA",3,">25ul and <=50ul","N",NA,NA,NA,716,"Jake Minich","2/7/12 0:00","random extraction set for KLR",NA,NA,NA,"Alaina Harmon","5/18/22 13:00","6/28/12",NA,NA,NA,NA,NA,NA,NA,NA,NA,NA,NA,NA,NA,NA,NA,"HIPc233",2
"117",10,"z0132635","z0132635","RWB2011AUG20.05",NA,132635,65025,132635,1,"F7",15,757,"E",7,145263,"Y","Genomic DNA",3,">25ul and <=50ul","N",NA,NA,NA,716,"Jake Minich","2/7/12 0:00","random extraction set for KLR",NA,NA,NA,"Alaina Harmon","2/2/22 12:56","6/28/12",NA,NA,NA,NA,NA,NA,NA,NA,NA,NA,NA,NA,NA,NA,NA,"HIPc398",2
"118",16,"z0132638","z0132638","RWB2011AUG20.08",NA,132638,65028,132638,1,"F7",15,757,"F",1,145266,"Y","Genomic DNA",3,">25ul and <=50ul","N",NA,NA,NA,716,"Jake Minich","2/7/12 0:00","random extraction set for KLR",NA,NA,NA,"Alaina Harmon","2/2/22 12:56","6/28/12",NA,NA,NA,NA,NA,NA,NA,NA,NA,NA,NA,NA,NA,NA,NA,"HIPc381",2
"119",21,"z0132640","z0132640","RWB2011AUG20.10",NA,132640,65030,132640,1,"F7",15,757,"F",3,145268,"Y","Genomic DNA",3,">25ul and <=50ul","N",NA,NA,NA,716,"Jake Minich","2/7/12 0:00","random extraction set for KLR",NA,NA,NA,"Alaina Harmon","2/2/22 12:56","6/28/12",NA,61981,65030,"11/17/18","Kelly Robertson","Victor Fluorometry",0,NA,NA,NA,NA,NA,"Gabriela Serra-Valente","6/10/19","5/29/19","HIPc383",2
"120",23,"z0132641","z0132641","RWB2011AUG20.11",NA,132641,65031,132641,1,"F7",15,757,"F",4,145269,"Y","Genomic DNA",3,">25ul and <=50ul","N",NA,NA,NA,716,"Jake Minich","2/7/12 0:00","random extraction set for KLR",NA,NA,NA,"Alaina Harmon","5/18/22 13:00","6/28/12",NA,NA,NA,NA,NA,NA,NA,NA,NA,NA,NA,NA,NA,NA,NA,"HIPc211",2
"121",26,"z0132642","z0132642","RWB2011AUG20.12",NA,132642,65032,132642,1,"F7",15,757,"F",5,145270,"Y","Genomic DNA",3,">25ul and <=50ul","N",NA,NA,NA,716,"Jake Minich","2/7/12 0:00","random extraction set for KLR",NA,NA,NA,"Alaina Harmon","5/18/22 13:00","6/28/12",NA,NA,NA,NA,NA,NA,NA,NA,NA,NA,NA,NA,NA,NA,NA,"HIPc397",2
"122",27,"z0132642","z0132642","RWB2011AUG20.12",NA,132642,65059,132642,1,"F7",15,757,"I",5,145270,"Y","Genomic DNA",3,">25ul and <=50ul","N",NA,NA,NA,716,"Jake Minich","2/7/12 0:00","random extraction set for KLR",NA,NA,NA,"Alaina Harmon","5/18/22 13:00","6/28/12",NA,NA,NA,NA,NA,NA,NA,NA,NA,NA,NA,NA,NA,NA,NA,"HIPc397",2
"123",33,"z0132660","z0132660","RWB2011AUG25.03",NA,132660,74079,132660,1,"F7",19,826,"E",2,145288,"Y","Genomic DNA",3,">25ul and <=50ul","N",NA,NA,NA,908,"Louella Dolar","4/29/13 0:00","P cra for KMR",NA,NA,"5/14/13 0:00","Alaina Harmon","5/18/22 13:00","5/14/13",NA,NA,NA,NA,NA,NA,NA,NA,NA,NA,NA,NA,NA,NA,NA,"HIPc181",1
"124",35,"z0132661","z0132661","RWB2011AUG25.04",NA,132661,65054,132661,1,"F7",15,757,"H",9,145289,"Y","Genomic DNA",3,">25ul and <=50ul","N",NA,NA,NA,716,"Jake Minich","2/7/12 0:00","random extraction set for KLR",NA,NA,NA,"Alaina Harmon","2/2/22 12:56","6/28/12",NA,NA,NA,NA,NA,NA,NA,NA,NA,NA,NA,NA,NA,NA,NA,"HIPc316",1
"125",36,"z0132661","z0132661","RWB2011AUG25.04",NA,132661,65078,132661,1,"F7",15,758,"B",6,145289,"Y","Genomic DNA",3,">25ul and <=50ul","N",NA,NA,NA,711,"Louella Dolar","2/21/12 0:00","P cra for KMR",NA,NA,NA,"Alaina Harmon","2/2/22 12:56","6/28/12",NA,NA,NA,NA,NA,NA,NA,NA,NA,NA,NA,NA,NA,NA,NA,"HIPc316",1
"126",38,"z0159618","z0159618","RWB2015JUN06.01",NA,159618,89105,159618,1,"F6",1,954,"C",13,195388,"Y","Genomic DNA",3,">25ul and <=50ul","N",NA,NA,NA,1513,"Kelly Robertson","3/30/16 0:00",NA,NA,NA,"4/7/16 0:00","Alaina Harmon","2/9/22 8:15","4/7/16",NA,NA,NA,NA,NA,NA,NA,NA,NA,NA,NA,NA,NA,NA,NA,"HIPc660",2
"127",39,"z0159619","z0159619","RWB2015JUN06.02",NA,159619,89106,159619,1,"F6",1,954,"D",1,195389,"Y","Genomic DNA",3,">25ul and <=50ul","N",NA,NA,NA,1513,"Kelly Robertson","3/30/16 0:00",NA,NA,NA,"4/7/16 0:00","Alaina Harmon","2/9/22 8:15","4/7/16",NA,NA,NA,NA,NA,NA,NA,NA,NA,NA,NA,NA,NA,NA,NA,"HIPc389",2
"128",99,"z0159988","z0159988","RWB2015NOV11.01",NA,159988,89114,159988,1,"F6",1,954,"D",9,195767,"Y","Genomic DNA",3,">25ul and <=50ul","N",NA,NA,NA,1513,"Kelly Robertson","3/30/16 0:00",NA,NA,NA,"4/7/16 0:00","Alaina Harmon","2/9/22 8:15","4/7/16",NA,NA,NA,NA,NA,NA,NA,NA,NA,NA,NA,NA,NA,NA,NA,"HIPc177",3
"129",127,"z0211015","z0159988","RWB2021SEP30.03",NA,211015,124602,211015,1,"F6",8,1090,"K",13,252429,"Y","Genomic DNA",3,">25ul and <=50ul","Y","Vicki Pease",NA,NA,2420,"Vicki Pease","9/29/22 0:00",NA,NA,NA,"2/10/23 0:00","Dan Prosperi","2/21/23 10:57","2/10/23",NA,76769,124602,"10/13/22","Vicki Pease","Victor Fluorometry",86.3,NA,NA,NA,NA,NA,"Dan Prosperi","2/21/23","2/21/23","HIPc177",3
"130",101,"z0175874","z0175874","RWB2016OCT19.01",NA,175874,92295,175874,1,"F6",2,973,"C",12,213152,"Y","Genomic DNA",3,">25ul and <=50ul","N",NA,NA,NA,1699,"Kelly Robertson","11/1/16 0:00",NA,NA,NA,"12/2/16 0:00","Alaina Harmon","5/18/22 13:00","12/2/16",NA,NA,NA,NA,NA,NA,NA,NA,NA,NA,NA,NA,NA,NA,NA,"HIPc202",1
"131",102,"z0175874","z0175874","RWB2016OCT19.01",NA,175874,111235,175874,1,"F6",7,1061,"I",3,213152,"Y","Genomic DNA",3,">25ul and <=50ul","N",NA,NA,NA,2158,"Kelly Robertson","8/21/19 0:00",NA,NA,NA,"9/4/19 0:00","Alaina Harmon","2/9/22 14:38","9/4/19",NA,63421,111235,"8/26/19","Kelly Robertson","Victor Fluorometry",126.29,NA,NA,NA,NA,NA,"Gabriela Serra-Valente","11/26/19","10/1/19","HIPc202",1
"132",107,"z0183541","z0183541","RWB2017MAR09.01",NA,183541,97550,183541,1,"F6",3,998,"G",3,222088,"Y","Genomic DNA",3,">25ul and <=50ul","N",NA,NA,NA,1800,"Kelly Robertson","5/16/17 0:00",NA,NA,NA,"5/17/17 0:00","Alaina Harmon","5/18/22 13:00","5/17/17",NA,NA,NA,NA,NA,NA,NA,NA,NA,NA,NA,NA,NA,NA,NA,"HIPc262",4
"133",109,"z0183544","z0183544","RWB2017MAR10.01",NA,183544,97553,183544,1,"F6",3,998,"G",6,222091,"Y","Genomic DNA",3,">25ul and <=50ul","N",NA,NA,NA,1800,"Kelly Robertson","5/16/17 0:00",NA,NA,NA,"5/17/17 0:00","Alaina Harmon","5/18/22 13:00","5/17/17",NA,NA,NA,NA,NA,NA,NA,NA,NA,NA,NA,NA,NA,NA,NA,"HIPc363",1
"134",110,"z0196951","z0196951","RWB2018NOV08.01",NA,196951,121269,196951,1,"F6",9,1119,"A",7,236826,"Y","Genomic DNA",3,">25ul and <=50ul","N",NA,NA,NA,2368,"Kelly Robertson","2/23/22 0:00",NA,NA,NA,"3/2/22 0:00","Alaina Harmon","3/15/22 13:02","3/2/22",NA,NA,NA,NA,NA,NA,NA,NA,NA,NA,NA,NA,NA,NA,NA,"HIPc807",2
"135",111,"z0196952","z0196952","RWB2018NOV08.02",NA,196952,121270,196952,1,"F6",9,1119,"A",8,236827,"Y","Genomic DNA",3,">25ul and <=50ul","N",NA,NA,NA,2368,"Kelly Robertson","2/23/22 0:00",NA,NA,NA,"3/2/22 0:00","Alaina Harmon","3/15/22 13:02","3/2/22",NA,NA,NA,NA,NA,NA,NA,NA,NA,NA,NA,NA,NA,NA,NA,"HIPc806",2
"136",115,"z0207792","z0207792","RWB2020OCT19.02",NA,207792,121256,207792,1,"F6",9,1118,"M",7,249008,"Y","Genomic DNA",3,">25ul and <=50ul","N",NA,NA,NA,2368,"Kelly Robertson","2/23/22 0:00",NA,NA,NA,"3/2/22 0:00","Alaina Harmon","3/15/22 13:02","3/2/22",NA,NA,NA,NA,NA,NA,NA,NA,NA,NA,NA,NA,NA,NA,NA,"HIPc176",3
"137",116,"z0207793","z0207793","RWB2020OCT19.01",NA,207793,121257,207793,1,"F6",9,1118,"M",8,249009,"Y","Genomic DNA",3,">25ul and <=50ul","N",NA,NA,NA,2368,"Kelly Robertson","2/23/22 0:00",NA,NA,NA,"3/2/22 0:00","Alaina Harmon","3/15/22 13:02","3/2/22",NA,NA,NA,NA,NA,NA,NA,NA,NA,NA,NA,NA,NA,NA,NA,"HIPc188",3
"138",117,"z0207803","z0207803","RWB2020DEC05.03",NA,207803,121259,207803,1,"F6",9,1118,"M",10,249019,"Y","Genomic DNA",3,">25ul and <=50ul","N",NA,NA,NA,2368,"Kelly Robertson","2/23/22 0:00",NA,NA,NA,"3/2/22 0:00","Alaina Harmon","3/15/22 13:02","3/2/22",NA,NA,NA,NA,NA,NA,NA,NA,NA,NA,NA,NA,NA,NA,NA,"HIPc840",4
"139",118,"z0207807","z0207807","RWB2020DEC12.03",NA,207807,121260,207807,1,"F6",9,1118,"M",11,249023,"Y","Genomic DNA",3,">25ul and <=50ul","N",NA,NA,NA,2368,"Kelly Robertson","2/23/22 0:00",NA,NA,NA,"3/2/22 0:00","Alaina Harmon","3/15/22 13:02","3/2/22",NA,NA,NA,NA,NA,NA,NA,NA,NA,NA,NA,NA,NA,NA,NA,"HIPc839",4
"140",119,"z0207808","z0207808","RWB2020DEC12.04",NA,207808,121261,207808,1,"F6",9,1118,"M",12,249024,"Y","Genomic DNA",3,">25ul and <=50ul","N",NA,NA,NA,2368,"Kelly Robertson","2/23/22 0:00",NA,NA,NA,"3/2/22 0:00","Alaina Harmon","3/15/22 13:02","3/2/22",NA,NA,NA,NA,NA,NA,NA,NA,NA,NA,NA,NA,NA,NA,NA,"HIPc711",4
"141",120,"z0207809","z0207809","RWB2020DEC12.05",NA,207809,121262,207809,1,"F6",9,1118,"M",13,249025,"Y","Genomic DNA",3,">25ul and <=50ul","N",NA,NA,NA,2368,"Kelly Robertson","2/23/22 0:00",NA,NA,NA,"3/2/22 0:00","Alaina Harmon","3/15/22 13:02","3/2/22",NA,NA,NA,NA,NA,NA,NA,NA,NA,NA,NA,NA,NA,NA,NA,"HIPc705",4
"142",121,"z0207810","z0207810","RWB2020DEC12.06",NA,207810,121263,207810,1,"F6",9,1119,"A",1,249026,"Y","Genomic DNA",3,">25ul and <=50ul","N",NA,NA,NA,2368,"Kelly Robertson","2/23/22 0:00",NA,NA,NA,"3/2/22 0:00","Alaina Harmon","3/15/22 13:02","3/2/22",NA,NA,NA,NA,NA,NA,NA,NA,NA,NA,NA,NA,NA,NA,NA,"HIPc701",4
"143",122,"z0207811","z0207811","RWB2020DEC12.07",NA,207811,121264,207811,1,"F6",9,1119,"A",2,249027,"Y","Genomic DNA",3,">25ul and <=50ul","N",NA,NA,NA,2368,"Kelly Robertson","2/23/22 0:00",NA,NA,NA,"3/2/22 0:00","Alaina Harmon","3/15/22 13:02","3/2/22",NA,NA,NA,NA,NA,NA,NA,NA,NA,NA,NA,NA,NA,NA,NA,"HIPc647",4
"144",124,"z0207813","z0207813","RWB2020DEC12.09",NA,207813,121266,207813,1,"F6",9,1119,"A",4,249029,"Y","Genomic DNA",3,">25ul and <=50ul","N",NA,NA,NA,2368,"Kelly Robertson","2/23/22 0:00",NA,NA,NA,"3/2/22 0:00","Alaina Harmon","3/15/22 13:02","3/2/22",NA,NA,NA,NA,NA,NA,NA,NA,NA,NA,NA,NA,NA,NA,NA,"HIPc371",4
"145",125,"z0207822","z0207822","RWB2020DEC16.01",NA,207822,121267,207822,1,"F6",9,1119,"A",5,249038,"Y","Genomic DNA",3,">25ul and <=50ul","N",NA,NA,NA,2368,"Kelly Robertson","2/23/22 0:00",NA,NA,NA,"3/2/22 0:00","Alaina Harmon","3/15/22 13:02","3/2/22",NA,NA,NA,NA,NA,NA,NA,NA,NA,NA,NA,NA,NA,NA,NA,"HIPc805",4
"146",126,"z0207823","z0207823","RWB2020DEC16.02",NA,207823,121268,207823,1,"F6",9,1119,"A",6,249039,"Y","Genomic DNA",3,">25ul and <=50ul","N",NA,NA,NA,2368,"Kelly Robertson","2/23/22 0:00",NA,NA,NA,"3/2/22 0:00","Alaina Harmon","3/15/22 13:02","3/2/22",NA,NA,NA,NA,NA,NA,NA,NA,NA,NA,NA,NA,NA,NA,NA,"HIPc799",4
"147",143,"z0049045","z0049043","MAC050807.24",NA,49045,32911,49045,1,"F1",11,207,"E",5,NA,"Y","Genomic DNA",4,">50ul","N",NA,NA,NA,NA,NA,NA,NA,NA,NA,NA,"Dan Prosperi","7/2/12 13:04","6/28/12",NA,NA,NA,NA,NA,NA,NA,NA,NA,NA,NA,NA,NA,NA,NA,"HIPc220",2
"148",144,"z0049045","z0049043","MAC050807.24",NA,49045,32912,49045,1,"F1",11,207,"E",6,NA,"Y","Genomic DNA",4,">50ul","N",NA,NA,NA,NA,NA,NA,NA,NA,NA,NA,"Dan Prosperi","7/2/12 13:04","6/28/12",NA,NA,NA,NA,NA,NA,NA,NA,NA,NA,NA,NA,NA,NA,NA,"HIPc220",2
"149",145,"z0049045","z0049043","MAC050807.24",NA,49045,32913,49045,1,"F1",11,207,"E",7,NA,"Y","Genomic DNA",4,">50ul","N",NA,NA,NA,NA,NA,NA,NA,NA,NA,NA,"Dan Prosperi","7/2/12 13:04","6/28/12",NA,NA,NA,NA,NA,NA,NA,NA,NA,NA,NA,NA,NA,NA,NA,"HIPc220",2
"150",130,"z0018944","z0075663","RWB001206",NA,18944,26728,18944,1,"F1",10,182,"C",6,NA,"Y","Genomic DNA",4,">50ul","N",NA,NA,NA,NA,NA,NA,NA,"4/14/06 0:00","Lauren Hess",NA,"Alaina Harmon","5/18/22 13:00","6/28/12",NA,NA,NA,NA,NA,NA,NA,NA,NA,NA,NA,NA,NA,NA,NA,"HIPc102",1
"151",77,"z0092255","z0075676","EMO091016.01",NA,92255,63736,92255,1,"F7",15,742,"C",6,NA,"Y","Genomic DNA",4,">50ul","N",NA,NA,NA,NA,NA,NA,NA,NA,NA,NA,"Alaina Harmon","2/2/22 12:48","6/28/12",NA,NA,NA,NA,NA,NA,NA,NA,NA,NA,NA,NA,NA,NA,NA,"HIPc214",1
"152",129,"z0018943","z0091085","RWB001205",NA,18943,10771,18943,1,"F1",7,133,"I",7,NA,"Y","Genomic DNA",4,">50ul","N",NA,NA,NA,NA,NA,NA,NA,"11/19/05 0:00","Gabriela Serra-Valente",NA,"Alaina Harmon","5/18/22 13:00","6/28/12",NA,NA,NA,NA,NA,NA,NA,NA,NA,NA,NA,NA,NA,NA,NA,"HIPc101",4
"153",24,"z0132641","z0132641","RWB2011AUG20.11",NA,132641,65058,132641,1,"F7",15,757,"I",4,145269,"Y","Genomic DNA",4,">50ul","N",NA,NA,NA,716,"Jake Minich","2/7/12 0:00","random extraction set for KLR",NA,NA,NA,"Alaina Harmon","5/18/22 13:00","6/28/12",NA,NA,NA,NA,NA,NA,NA,NA,NA,NA,NA,NA,NA,NA,NA,"HIPc211",2
"154",128,"z0214700","z0132642","RWB13NOV2022.01",NA,214700,NA,NA,NA,NA,NA,NA,NA,NA,NA,NA,NA,NA,NA,NA,NA,NA,NA,NA,NA,NA,NA,NA,NA,NA,NA,NA,NA,NA,NA,NA,NA,NA,NA,NA,NA,NA,NA,NA,NA,NA,NA,NA,"HIPc397",2
