LABID,CONTACT_NAME,Restrict_Description,Date_Collected,Latitude,Longitude,Location.x,Island,State,Country,new.location,Ocean_Basin,AnimalID,FIELDID,Location.y,Sex,Haplotype,Working?,category,Rank,DQuant,concentration,dna.comments,TQuant
105425,JEREMY KISZKA,Donator requested that PI request permission to use in study,12/3/04,-13.016666,45.3,MAYOTTE,MAYOTTE,,FRANCE,FRANCE,Indian Ocean,105425,"PE031204, 2",Mayotte1,M,2,N,Mayotte1,1,"0,0,2,4",,,3
105437,JEREMY KISZKA,Donator requested that PI request permission to use in study,3/28/06,-12.55,45.083333,MAYOTTE,MAYOTTE,,FRANCE,FRANCE,Indian Ocean,105437,"PE280306, 5",Mayotte2,F,42,Y,Mayotte2,1,"0,0,4,4,2",,,"3,3"
105431,JEREMY KISZKA,Donator requested that PI request permission to use in study,1/26/05,-12.983333,45.25,MAYOTTE,MAYOTTE,,FRANCE,FRANCE,Indian Ocean,105431,"PE260105, 4",Mayotte1,F,43,,Mayotte1,2,"0,0,3",,,3
105432,JEREMY KISZKA,Donator requested that PI request permission to use in study,7/21/05,-12.95,45.25,MAYOTTE,MAYOTTE,,FRANCE,FRANCE,Indian Ocean,105432,"PE210705,1",Mayotte2,M,42,,Mayotte2,2,"0,0,4",,,3
105424,JEREMY KISZKA,Donator requested that PI request permission to use in study,12/3/04,-12.983333,44.983333,MAYOTTE,MAYOTTE,,FRANCE,FRANCE,Indian Ocean,NA,NA,NA,NA,NA,,,,"0,0,2,2",,,3
105426,JEREMY KISZKA,Donator requested that PI request permission to use in study,12/3/04,-12.8,45.3,MAYOTTE,MAYOTTE,,FRANCE,FRANCE,Indian Ocean,105426,"PE031204, 3",Mayotte,M,2,,,,"0,0,2,2",,,3
105427,JEREMY KISZKA,Donator requested that PI request permission to use in study,12/3/04,-12.983333,45.25,MAYOTTE,MAYOTTE,,FRANCE,FRANCE,Indian Ocean,NA,NA,NA,NA,NA,,,,"0,0,2,2",,,3
105428,JEREMY KISZKA,Donator requested that PI request permission to use in study,1/26/05,-13,45,MAYOTTE,MAYOTTE,,FRANCE,FRANCE,Indian Ocean,NA,NA,NA,NA,NA,,,,"0,0,2,3",,,3
105429,JEREMY KISZKA,Donator requested that PI request permission to use in study,1/26/05,-12.9,45.266666,MAYOTTE,MAYOTTE,,FRANCE,FRANCE,Indian Ocean,NA,NA,NA,NA,NA,,,,"0,0,2,2,3",,,3
105430,JEREMY KISZKA,Donator requested that PI request permission to use in study,1/26/05,-12.55,45.083333,MAYOTTE,MAYOTTE,,FRANCE,FRANCE,Indian Ocean,NA,NA,NA,NA,NA,,,,"0,0,2,3",,,3
105433,JEREMY KISZKA,Donator requested that PI request permission to use in study,3/28/06,-13.083333,45.15,MAYOTTE,MAYOTTE,,FRANCE,FRANCE,Indian Ocean,NA,NA,NA,NA,NA,,,,"0,0,2,4",,,3
105434,JEREMY KISZKA,Donator requested that PI request permission to use in study,3/28/06,-12.933333,45.25,MAYOTTE,MAYOTTE,,FRANCE,FRANCE,Indian Ocean,105434,"PE280306, 2",Mayotte,M,1,,,,"0,0,4,4",,,"3,3"
105435,JEREMY KISZKA,Donator requested that PI request permission to use in study,3/28/06,-12.533333,45.05,MAYOTTE,MAYOTTE,,FRANCE,FRANCE,Indian Ocean,NA,NA,NA,NA,NA,,,,"0,0,2,3",,,3
105436,JEREMY KISZKA,Donator requested that PI request permission to use in study,3/28/06,-12.9,45.266666,MAYOTTE,MAYOTTE,,FRANCE,FRANCE,Indian Ocean,NA,NA,NA,NA,NA,,,,"0,0,2,3",,,3
105438,JEREMY KISZKA,Donator requested that PI request permission to use in study,3/28/06,-12.983333,45.25,MAYOTTE,MAYOTTE,,FRANCE,FRANCE,Indian Ocean,105438,"PE280306, 6",Mayotte,F,42,,,,"0,0,2",,,3
112696,DIANE CLARIDGE,Donator requested that PI request permission to use in study,6/9/12,26.3175,-78.5353,S Gd Bah,,,BAHAMAS,BAHAMAS,North Atlantic,NA,NA,NA,NA,NA,Y,Bah3,1,3,105.33,,"3,2"
112697,DIANE CLARIDGE,Donator requested that PI request permission to use in study,6/9/12,26.3034,-78.5446,S Gd Bah,,,BAHAMAS,BAHAMAS,North Atlantic,NA,NA,NA,NA,NA,N,Bah2,1,3,65.2,,"3,3"
126106,DIANE CLARIDGE,Donator requested that PI request permission to use in study,6/15/10,25.166666,-77.433333,NW Nassau,,,BAHAMAS,BAHAMAS,North Atlantic,126106,110615_Pe3ab,Bahamas,M,30,N,Bah1,1,"2,3","1.1, 33.12",,"0,2"
112695,DIANE CLARIDGE,Donator requested that PI request permission to use in study,6/9/12,26.3286,-78.5217,S Gd Bah,,,BAHAMAS,BAHAMAS,North Atlantic,NA,NA,NA,NA,NA,,Bah3,2,3,27.83,,"3,2"
112704,DIANE CLARIDGE,Donator requested that PI request permission to use in study,7/8/12,24.6834,-77.5272,N Andros,,,BAHAMAS,BAHAMAS,North Atlantic,NA,NA,NA,NA,NA,,Bah3,2,3,33.85,,"3,3"
126058,DIANE CLARIDGE,Donator requested that PI request permission to use in study,5/5/10,24.383333,-77.316666,"Central Andros, AUTEC",,,BAHAMAS,BAHAMAS,North Atlantic,126058,100505_Pe2ac,Bahamas,F,30,,Bah1,2,"1,3","9.64, 27.09",,"0,1"
112693,DIANE CLARIDGE,Donator requested that PI request permission to use in study,6/9/12,26.367,-78.0968,S Gd Bah,,,BAHAMAS,BAHAMAS,North Atlantic,NA,NA,NA,NA,NA,,Bah2,3,3,21.38,,0
112698,DIANE CLARIDGE,Donator requested that PI request permission to use in study,6/9/12,26.2732,-78.5686,S Gd Bah,,,BAHAMAS,BAHAMAS,North Atlantic,NA,NA,NA,NA,NA,,Bah2,3,3,137.58,,"3,3"
126108,DIANE CLARIDGE,Donator requested that PI request permission to use in study,6/15/10,25.166666,-77.45,NW Nassau,,,BAHAMAS,BAHAMAS,North Atlantic,126108,110615_Pe5ab,Bahamas,F,30,,Bah1,3,"2,3","0.3, 15.4",,"0,1"
79842,DIANE CLARIDGE,Donator requested that PI request permission to use in study,5/12/09,24.383333,-77.583333,South Andros,,,BAHAMAS,BAHAMAS,North Atlantic,79842,090512_Pe1,Bahamas,F,29,,,,"2,1","NA, 21.72",,"3,3"
79843,DIANE CLARIDGE,Donator requested that PI request permission to use in study,5/13/09,24.216666,-77.45,Tongue of the Ocean,,,BAHAMAS,BAHAMAS,North Atlantic,79843,090513_Pe1a,Bahamas,,30,,,,0,,,3
112666,DIANE CLARIDGE,Donator requested that PI request permission to use in study,5/5/12,24.5141,-77.5436,C Andros,,,BAHAMAS,BAHAMAS,North Atlantic,NA,NA,NA,NA,NA,,,,3,15.36,,0
112694,DIANE CLARIDGE,Donator requested that PI request permission to use in study,6/9/12,26.3373,-78.515,S Gd Bah,,,BAHAMAS,BAHAMAS,North Atlantic,NA,NA,NA,NA,NA,,,,3,2.21,,0
112702,DIANE CLARIDGE,Donator requested that PI request permission to use in study,7/7/12,24.3897,-77.4612,N Andros,,,BAHAMAS,BAHAMAS,North Atlantic,NA,NA,NA,NA,NA,,,,3,1.43,,0
112703,DIANE CLARIDGE,Donator requested that PI request permission to use in study,7/8/12,24.6835,-77.5273,N Andros,,,BAHAMAS,BAHAMAS,North Atlantic,NA,NA,NA,NA,NA,,,,3,0.69,,0
118386,DIANE CLARIDGE,Donator requested that PI request permission to use in study,5/1/13,24.5498,-77.4541,N Andros,,,BAHAMAS,BAHAMAS,North Atlantic,NA,NA,NA,NA,NA,,,,,,,"0,0,2"
118387,DIANE CLARIDGE,Donator requested that PI request permission to use in study,5/1/13,24.5412,-77.4512,N Andros,,,BAHAMAS,BAHAMAS,North Atlantic,NA,NA,NA,NA,NA,,,,,,,"0,0,2"
118388,DIANE CLARIDGE,Donator requested that PI request permission to use in study,5/1/13,24.5316,-77.4548,N Andros,,,BAHAMAS,BAHAMAS,North Atlantic,NA,NA,NA,NA,NA,,,,,,,"0,0,2"
118389,DIANE CLARIDGE,Donator requested that PI request permission to use in study,5/1/13,24.4973,-77.4905,N Andros,,,BAHAMAS,BAHAMAS,North Atlantic,NA,NA,NA,NA,NA,,,,,,,"0,0,2"
118399,DIANE CLARIDGE,Donator requested that PI request permission to use in study,5/6/13,24.5878,-77.5812,N Andros,,,BAHAMAS,BAHAMAS,North Atlantic,NA,NA,NA,NA,NA,,,,,,,"0,0,2"
118400,DIANE CLARIDGE,Donator requested that PI request permission to use in study,5/6/13,24.5861,-77.5808,N Andros,,,BAHAMAS,BAHAMAS,North Atlantic,NA,NA,NA,NA,NA,,,,,,,"0,0,2"
118410,DIANE CLARIDGE,Donator requested that PI request permission to use in study,6/13/13,26.3178,-78.3575,S Grand Bahama,,,BAHAMAS,BAHAMAS,North Atlantic,NA,NA,NA,NA,NA,,,,,,,"0,2"
118411,DIANE CLARIDGE,Donator requested that PI request permission to use in study,6/13/13,26.3176,-78.3575,S Grand Bahama,,,BAHAMAS,BAHAMAS,North Atlantic,NA,NA,NA,NA,NA,,,,,,,"0,0,2"
118412,DIANE CLARIDGE,Donator requested that PI request permission to use in study,6/13/13,26.3182,-78.3597,S Grand Bahama,,,BAHAMAS,BAHAMAS,North Atlantic,NA,NA,NA,NA,NA,,,,,,,0
118413,DIANE CLARIDGE,Donator requested that PI request permission to use in study,6/13/13,26.322,-78.3787,S Grand Bahama,,,BAHAMAS,BAHAMAS,North Atlantic,NA,NA,NA,NA,NA,,,,,,,0
118414,DIANE CLARIDGE,Donator requested that PI request permission to use in study,6/13/13,26.3242,-78.3855,S Grand Bahama,,,BAHAMAS,BAHAMAS,North Atlantic,NA,NA,NA,NA,NA,,,,,,,"0,0,2"
118415,DIANE CLARIDGE,Donator requested that PI request permission to use in study,6/13/13,26.3286,-78.3968,S Grand Bahama,,,BAHAMAS,BAHAMAS,North Atlantic,NA,NA,NA,NA,NA,,,,,,,"0,0,2"
118416,DIANE CLARIDGE,Donator requested that PI request permission to use in study,6/13/13,26.3286,-78.3968,S Grand Bahama,,,BAHAMAS,BAHAMAS,North Atlantic,NA,NA,NA,NA,NA,,,,,,,"0,0,2"
118417,DIANE CLARIDGE,Donator requested that PI request permission to use in study,6/14/13,26.2856,-78.3643,S Grand Bahama,,,BAHAMAS,BAHAMAS,North Atlantic,NA,NA,NA,NA,NA,,,,,,,0
118418,DIANE CLARIDGE,Donator requested that PI request permission to use in study,6/14/13,26.2856,-78.3643,S Grand Bahama,,,BAHAMAS,BAHAMAS,North Atlantic,NA,NA,NA,NA,NA,,,,,,,"0,0,2"
118419,DIANE CLARIDGE,Donator requested that PI request permission to use in study,6/14/13,26.2892,-78.3733,S Grand Bahama,,,BAHAMAS,BAHAMAS,North Atlantic,NA,NA,NA,NA,NA,,,,,,,"0,0,2"
118429,DIANE CLARIDGE,Donator requested that PI request permission to use in study,9/29/08,24.6669,-77.5416,N Andros,,,BAHAMAS,BAHAMAS,North Atlantic,NA,NA,NA,NA,NA,,,,,,,0
126057,DIANE CLARIDGE,Donator requested that PI request permission to use in study,5/5/10,24.366666,-77.333333,"Central Andros, AUTEC",,,BAHAMAS,BAHAMAS,North Atlantic,126057,100505_Pe1ac,Bahamas,M,30,,,,1,46.06,,"0,3"
126059,DIANE CLARIDGE,Donator requested that PI request permission to use in study,5/5/10,24.383333,-77.316666,"Central Andros, AUTEC",,,BAHAMAS,BAHAMAS,North Atlantic,126059,100505_Pe3ac,Bahamas,M,30,,,,1,71.01,,"0,3"
126061,DIANE CLARIDGE,Donator requested that PI request permission to use in study,5/6/10,24.616666,-77.516666,"Central Andros, AUTEC",,,BAHAMAS,BAHAMAS,North Atlantic,126061,100506_Pe1ac,Bahamas,M,29,,,,1,57.93,,"0,3"
126062,DIANE CLARIDGE,Donator requested that PI request permission to use in study,5/6/10,24.633333,-77.5,"Central Andros, AUTEC",,,BAHAMAS,BAHAMAS,North Atlantic,126062,100506_Pe2ac,Bahamas,F,30,,,,2,21.54,,"0,3"
126063,DIANE CLARIDGE,Donator requested that PI request permission to use in study,5/7/10,24.366666,-77.383333,"Central Andros, AUTEC",,,BAHAMAS,BAHAMAS,North Atlantic,NA,NA,NA,NA,NA,,,,3,,,0
126064,DIANE CLARIDGE,Donator requested that PI request permission to use in study,5/7/10,24.35,-77.366666,"Central Andros, AUTEC",,,BAHAMAS,BAHAMAS,North Atlantic,NA,NA,NA,NA,NA,,,,"3,2",,,1
126075,DIANE CLARIDGE,Donator requested that PI request permission to use in study,6/14/10,26.783333,-76.916666,"East Abaco, NE Man O War Cay",,,BAHAMAS,BAHAMAS,North Atlantic,NA,NA,NA,NA,NA,,,,"3,2",,,"0,1"
126076,DIANE CLARIDGE,Donator requested that PI request permission to use in study,6/14/10,26.783333,-76.933333,"East Abaco, NE Man O War Cay",,,BAHAMAS,BAHAMAS,North Atlantic,126076,100614_Pe2ac,Bahamas,M,41,,,,"1,0","0, 4.44",,"0,1"
126104,DIANE CLARIDGE,Donator requested that PI request permission to use in study,6/15/11,26.783333,-76.816666,"East Abaco, NE Man O War Cay",,,BAHAMAS,BAHAMAS,North Atlantic,NA,NA,NA,NA,NA,,,,2,,,1
126105,DIANE CLARIDGE,Donator requested that PI request permission to use in study,6/15/10,25.15,-77.433333,NW Nassau,,,BAHAMAS,BAHAMAS,North Atlantic,126105,110615_Pe2ab,Bahamas,M,30,,Bah1,,"1,3","0, 10.58",,"0,1"
126107,DIANE CLARIDGE,Donator requested that PI request permission to use in study,6/15/10,25.166666,-77.433333,NW Nassau,,,BAHAMAS,BAHAMAS,North Atlantic,126105,110615_Pe4ab,Bahamas,M,30,,,,2,,,"0,3"
143683,DIANE CLARIDGE,Donator requested that PI request permission to use in study,4/27/14,24.4343,-77.3684,N Andros,Andros Island,,BAHAMAS,BAHAMAS,North Atlantic,NA,NA,NA,NA,NA,,,,,,,"0,0,3"
143684,DIANE CLARIDGE,Donator requested that PI request permission to use in study,4/27/14,24.4313,-77.366,N Andros,Andros Island,,BAHAMAS,BAHAMAS,North Atlantic,NA,NA,NA,NA,NA,,,,,,,0
48064,ANTONIO MIGNUCCI-GIANNONI,Donator requested that PI request permission to use in study,8/17/93,18.4,-65.583333,FAJARDO,,,PUERTO RICO,PUERTO RICO,North Atlantic,NA,NA,NA,NA,NA,,,,,,,3
48134,ANTONIO MIGNUCCI-GIANNONI,Donator requested that PI request permission to use in study,7/21/02,18.45,-66.033333,SAN JUAN,,,PUERTO RICO,PUERTO RICO,North Atlantic,NA,NA,NA,NA,NA,,,,,,,3
143715,ERIN OLESON,Donator requested that PI request permission to use in study,4/24/14,13.598651,144.704848,"Guam, 8.8km N Orote Pt.",Guam,,GUAM,CNMI,North Pacific,NA,NA,NA,NA,14,Y,CNMI2,1,3,91.27,,3
159752,ERIN OLESON,Donator requested that PI request permission to use in study,6/4/15,17.242241,146.019845,"Guguan, offshore, 16km ESE Guguan",Guguan Island,,NORTHERN MARIANA ISLANDS,CNMI,North Pacific,NA,NA,NA,NA,44,Y,CNMI1,1,3,55.9,,3
159760,ERIN OLESON,Donator requested that PI request permission to use in study,6/4/15,16.633688,146.198478,"Sarigan, offshore, 43km ESE Sarigan",Sarigan Island,,NORTHERN MARIANA ISLANDS,CNMI,North Pacific,NA,NA,NA,NA,15,Y,CNMI3,1,3,84.7,,3
143699,ERIN OLESON,Donator requested that PI request permission to use in study,4/19/14,15.15648,145.579145,"Saipan/Tinian, 18km W Micro Beach",Saipan/Tinian,,NORTHERN MARIANA ISLANDS,CNMI,North Pacific,NA,NA,NA,NA,15,,CNMI3,2,3,76.45,,3
143709,ERIN OLESON,Donator requested that PI request permission to use in study,4/24/14,13.565793,144.683219,"Guam, 8.8km N Orote Pt.",Guam,,GUAM,CNMI,North Pacific,NA,NA,NA,NA,14,,CNMI2,2,3,91.41,,3
143710,ERIN OLESON,Donator requested that PI request permission to use in study,4/24/14,13.567896,144.683817,"Guam, 8.8km N Orote Pt.",Guam,,GUAM,CNMI,North Pacific,NA,NA,NA,NA,36,,CNMI1,2,3,83.48,,3
143700,ERIN OLESON,Donator requested that PI request permission to use in study,4/19/14,15.154778,145.583038,"Saipan/Tinian, 18km W Micro Beach",Saipan/Tinian,,NORTHERN MARIANA ISLANDS,CNMI,North Pacific,NA,NA,NA,NA,36,,CNMI1,3,3,76.04,,3
143702,ERIN OLESON,Donator requested that PI request permission to use in study,4/19/14,15.149056,145.591102,"Saipan/Tinian, 18km W Micro Beach",Saipan/Tinian,,NORTHERN MARIANA ISLANDS,CNMI,North Pacific,NA,NA,NA,NA,15,,CNMI3,3,3,71.8,,3
143713,ERIN OLESON,Donator requested that PI request permission to use in study,4/24/14,13.585272,144.696271,"Guam, 8.8km N Orote Pt.",Guam,,GUAM,CNMI,North Pacific,NA,NA,NA,NA,14,,CNMI2,3,3,81.69,,3
108215,ERIN OLESON,Donator requested that PI request permission to use in study,3/15/12,13.45,144.516666,Guam West,Guam,,GUAM,CNMI,North Pacific,108215,MHD120315.01,Guam,M,1,,CNMI1,,1,,,3
108216,ERIN OLESON,Donator requested that PI request permission to use in study,3/15/12,13.45,144.516666,Guam West,Guam,,GUAM,CNMI,North Pacific,108216,MHD120315.02,Guam,M,13,,CNMI1,,1,,,3
143698,ERIN OLESON,Donator requested that PI request permission to use in study,4/19/14,15.15705,145.578797,"Saipan/Tinian, 18km W Micro Beach",Saipan/Tinian,,NORTHERN MARIANA ISLANDS,CNMI,North Pacific,NA,NA,NA,NA,14,,CNMI2,,3,78.16,,3
143701,ERIN OLESON,Donator requested that PI request permission to use in study,4/19/14,15.152638,145.585793,"Saipan/Tinian, 18km W Micro Beach",Saipan/Tinian,,NORTHERN MARIANA ISLANDS,CNMI,North Pacific,NA,NA,NA,NA,,,,,3,68.44,,2
143703,ERIN OLESON,Donator requested that PI request permission to use in study,4/19/14,15.14737,145.593868,"Saipan/Tinian, 18km W Micro Beach",Saipan/Tinian,,NORTHERN MARIANA ISLANDS,CNMI,North Pacific,NA,NA,NA,NA,2,,CNMI2,,3,50.57,,3
143704,ERIN OLESON,Donator requested that PI request permission to use in study,4/19/14,15.14468,145.596989,"Saipan/Tinian, 18km W Micro Beach",Saipan/Tinian,,NORTHERN MARIANA ISLANDS,CNMI,North Pacific,NA,NA,NA,NA,2,,CNMI2,,3,10.22,,3
143705,ERIN OLESON,Donator requested that PI request permission to use in study,4/19/14,15.141478,145.59909,"Saipan/Tinian, 18km W Micro Beach",Saipan/Tinian,,NORTHERN MARIANA ISLANDS,CNMI,North Pacific,NA,NA,NA,NA,One from 2,,,,3,51.14,,3
143706,ERIN OLESON,Donator requested that PI request permission to use in study,4/19/14,15.14032,145.601027,"Saipan/Tinian, 18km W Micro Beach",Saipan/Tinian,,NORTHERN MARIANA ISLANDS,CNMI,North Pacific,NA,NA,NA,NA,14,,CNMI2,,3,26.94,,3
143707,ERIN OLESON,Donator requested that PI request permission to use in study,4/19/14,15.139497,145.60227,"Saipan/Tinian, 18km W Micro Beach",Saipan/Tinian,,NORTHERN MARIANA ISLANDS,CNMI,North Pacific,NA,NA,NA,NA,Two from 2,,,,3,63.87,,3
143708,ERIN OLESON,Donator requested that PI request permission to use in study,4/24/14,13.556879,144.674329,"Guam, 8.8km N Orote Pt.",Guam,,GUAM,CNMI,North Pacific,NA,NA,NA,NA,14,,CNMI2,,3,67.54,,3
143711,ERIN OLESON,Donator requested that PI request permission to use in study,4/24/14,13.578733,144.690623,"Guam, 8.8km N Orote Pt.",Guam,,GUAM,CNMI,North Pacific,NA,NA,NA,NA,One from 1,,,,3,70.22,,3
143712,ERIN OLESON,Donator requested that PI request permission to use in study,4/24/14,13.578733,144.690623,"Guam, 8.8km N Orote Pt.",Guam,,GUAM,CNMI,North Pacific,NA,NA,NA,NA,,,,,3,55.37,,3
143714,ERIN OLESON,Donator requested that PI request permission to use in study,4/24/14,13.595338,144.702518,"Guam, 8.8km N Orote Pt.",Guam,,GUAM,CNMI,North Pacific,NA,NA,NA,NA,,,,,3,99.91,,3
143716,ERIN OLESON,Donator requested that PI request permission to use in study,4/24/14,13.598651,144.704848,"Guam, 8.8km N Orote Pt.",Guam,,GUAM,CNMI,North Pacific,NA,NA,NA,NA,1,,CNMI1,,3,74.59,,3
159713,ERIN OLESON,Donator requested that PI request permission to use in study,5/10/15,14.598724,144.658704,"Rota, offshore, 72km NW Rota-36km NW Taga SM",Rota,,NORTHERN MARIANA ISLANDS,CNMI,North Pacific,NA,NA,NA,NA,13,,CNMI1,,3,77.4,,3
159714,ERIN OLESON,Donator requested that PI request permission to use in study,5/10/15,14.599136,144.659422,"Rota, offshore, 72km NW Rota-36km NW Taga SM",Rota,,NORTHERN MARIANA ISLANDS,CNMI,North Pacific,NA,NA,NA,NA,13,,CNMI1,,3,74.57,,3
159715,ERIN OLESON,Donator requested that PI request permission to use in study,5/10/15,14.600981,144.66354,"Rota, offshore, 72km NW Rota-36km NW Taga SM",Rota,,NORTHERN MARIANA ISLANDS,CNMI,North Pacific,NA,NA,NA,NA,13,,CNMI1,,3,73.67,,3
159716,ERIN OLESON,Donator requested that PI request permission to use in study,5/10/15,14.60098,144.663574,"Rota, offshore, 72km NW Rota-36km NW Taga SM",Rota,,NORTHERN MARIANA ISLANDS,CNMI,North Pacific,NA,NA,NA,NA,1,,CNMI1,,3,87.02,,3
159717,ERIN OLESON,Donator requested that PI request permission to use in study,5/10/15,14.599178,144.664698,"Rota, offshore, 72km NW Rota-36km NW Taga SM",Rota,,NORTHERN MARIANA ISLANDS,CNMI,North Pacific,NA,NA,NA,NA,One from 13,,,,3,84.49,,3
159718,ERIN OLESON,Donator requested that PI request permission to use in study,5/10/15,14.592447,144.662454,"Rota, offshore, 72km NW Rota-36km NW Taga SM",Rota,,NORTHERN MARIANA ISLANDS,CNMI,North Pacific,NA,NA,NA,NA,13,,CNMI1,,3,90.91,,3
159719,ERIN OLESON,Donator requested that PI request permission to use in study,5/19/15,16.568975,145.350063,"Anatahan, offshore, 39km NW Anatahan",Anatahan Island,,NORTHERN MARIANA ISLANDS,CNMI,North Pacific,NA,NA,NA,NA,,,,,3,11.93,,3
159720,ERIN OLESON,Donator requested that PI request permission to use in study,5/19/15,16.578055,145.354055,"Anatahan, offshore, 39km NW Anatahan",Anatahan Island,,NORTHERN MARIANA ISLANDS,CNMI,North Pacific,NA,NA,NA,NA,14,,CNMI2,,3,74.06,,3
159721,ERIN OLESON,Donator requested that PI request permission to use in study,5/19/15,16.578717,145.357566,"Anatahan, offshore, 39km NW Anatahan",Anatahan Island,,NORTHERN MARIANA ISLANDS,CNMI,North Pacific,NA,NA,NA,NA,14,,CNMI2,,3,65.04,,3
159722,ERIN OLESON,Donator requested that PI request permission to use in study,5/19/15,16.577284,145.35751,"Anatahan, offshore, 39km NW Anatahan",Anatahan Island,,NORTHERN MARIANA ISLANDS,CNMI,North Pacific,NA,NA,NA,NA,14,,CNMI2,,3,69.75,,3
159723,ERIN OLESON,Donator requested that PI request permission to use in study,5/19/15,16.582827,145.356884,"Anatahan, offshore, 39km NW Anatahan",Anatahan Island,,NORTHERN MARIANA ISLANDS,CNMI,North Pacific,NA,NA,NA,NA,14,,CNMI2,,3,68.28,,3
159724,ERIN OLESON,Donator requested that PI request permission to use in study,5/19/15,16.585166,145.360393,"Anatahan, offshore, 39km NW Anatahan",Anatahan Island,,NORTHERN MARIANA ISLANDS,CNMI,North Pacific,NA,NA,NA,NA,Weird,,,,3,53.17,,3
159725,ERIN OLESON,Donator requested that PI request permission to use in study,5/19/15,16.586813,145.356039,"Anatahan, offshore, 39km NW Anatahan",Anatahan Island,,NORTHERN MARIANA ISLANDS,CNMI,North Pacific,NA,NA,NA,NA,14,,CNMI2,,3,70.11,,3
159726,ERIN OLESON,Donator requested that PI request permission to use in study,5/19/15,16.590474,145.35482,"Anatahan, offshore, 39km NW Anatahan",Anatahan Island,,NORTHERN MARIANA ISLANDS,CNMI,North Pacific,NA,NA,NA,NA,14,,CNMI2,,3,33.63,,3
159751,ERIN OLESON,Donator requested that PI request permission to use in study,6/4/15,17.252659,146.020127,"Guguan, offshore, 16km ESE Guguan",Guguan Island,,NORTHERN MARIANA ISLANDS,CNMI,North Pacific,NA,NA,NA,NA,15,,CNMI3,,3,46.36,,3
159753,ERIN OLESON,Donator requested that PI request permission to use in study,6/4/15,17.241576,146.019956,"Guguan, offshore, 16km ESE Guguan",Guguan Island,,NORTHERN MARIANA ISLANDS,CNMI,North Pacific,NA,NA,NA,NA,14,,CNMI2,,3,60.68,,3
159754,ERIN OLESON,Donator requested that PI request permission to use in study,6/4/15,17.235292,146.025936,"Guguan, offshore, 16km ESE Guguan",Guguan Island,,NORTHERN MARIANA ISLANDS,CNMI,North Pacific,NA,NA,NA,NA,,,,,3,0,,1
159755,ERIN OLESON,Donator requested that PI request permission to use in study,6/4/15,16.636217,146.191078,"Sarigan, offshore, 43km ESE Sarigan",Sarigan Island,,NORTHERN MARIANA ISLANDS,CNMI,North Pacific,NA,NA,NA,NA,One from 2,,,,3,55.33,,3
159756,ERIN OLESON,Donator requested that PI request permission to use in study,6/4/15,16.635727,146.191715,"Sarigan, offshore, 43km ESE Sarigan",Sarigan Island,,NORTHERN MARIANA ISLANDS,CNMI,North Pacific,NA,NA,NA,NA,2,,CNMI2,,3,24.43,,3
159757,ERIN OLESON,Donator requested that PI request permission to use in study,6/4/15,16.635014,146.192866,"Sarigan, offshore, 43km ESE Sarigan",Sarigan Island,,NORTHERN MARIANA ISLANDS,CNMI,North Pacific,NA,NA,NA,NA,,,,,3,17.52,,1
159758,ERIN OLESON,Donator requested that PI request permission to use in study,6/4/15,16.634077,146.194363,"Sarigan, offshore, 43km ESE Sarigan",Sarigan Island,,NORTHERN MARIANA ISLANDS,CNMI,North Pacific,NA,NA,NA,NA,2,,CNMI2,,3,47.79,,3
159759,ERIN OLESON,Donator requested that PI request permission to use in study,6/4/15,16.63407,146.197302,"Sarigan, offshore, 43km ESE Sarigan",Sarigan Island,,NORTHERN MARIANA ISLANDS,CNMI,North Pacific,NA,NA,NA,NA,2,,CNMI2,,3,68.59,,3
159761,ERIN OLESON,Donator requested that PI request permission to use in study,6/4/15,16.634613,146.200085,"Sarigan, offshore, 43km ESE Sarigan",Sarigan Island,,NORTHERN MARIANA ISLANDS,CNMI,North Pacific,NA,NA,NA,NA,,,,,3,2.86,,1
159762,ERIN OLESON,Donator requested that PI request permission to use in study,6/4/15,16.63422,146.196243,"Sarigan, offshore, 43km ESE Sarigan",Sarigan Island,,NORTHERN MARIANA ISLANDS,CNMI,North Pacific,NA,NA,NA,NA,2,,CNMI2,,3,30.09,,3
159763,ERIN OLESON,Donator requested that PI request permission to use in study,6/4/15,16.632957,146.19696,"Sarigan, offshore, 43km ESE Sarigan",Sarigan Island,,NORTHERN MARIANA ISLANDS,CNMI,North Pacific,NA,NA,NA,NA,15,,CNMI3,,3,20.31,,3
185367,ERIN OLESON,Donator requested that PI request permission to use in study,5/12/17,13.33084,144.6192,3km SSW Facpi Pt.,Guam,,GUAM,CNMI,North Pacific,NA,NA,NA,NA,16,,CNMI1,,3,28.86,,3
185368,ERIN OLESON,Donator requested that PI request permission to use in study,5/12/17,13.33186,144.6187,3km SSW Facpi Pt.,Guam,,GUAM,CNMI,North Pacific,NA,NA,NA,NA,1,,CNMI1,,3,35.4,,3
185369,ERIN OLESON,Donator requested that PI request permission to use in study,5/12/17,13.33181,144.61663,3km SSW Facpi Pt.,Guam,,GUAM,CNMI,North Pacific,NA,NA,NA,NA,16,,CNMI1,,3,49.53,,3
185370,ERIN OLESON,Donator requested that PI request permission to use in study,5/12/17,13.33162,144.61487,3km SSW Facpi Pt.,Guam,,GUAM,CNMI,North Pacific,NA,NA,NA,NA,1,,CNMI1,,3,35.78,,3
185371,ERIN OLESON,Donator requested that PI request permission to use in study,5/12/17,13.32889,144.61812,3km SSW Facpi Pt.,Guam,,GUAM,CNMI,North Pacific,NA,NA,NA,NA,16,,CNMI1,,3,28.29,,3
185372,ERIN OLESON,Donator requested that PI request permission to use in study,5/12/17,13.33222,144.60678,3km SSW Facpi Pt.,Guam,,GUAM,CNMI,North Pacific,NA,NA,NA,NA,,,,,3,0,,3
185373,ERIN OLESON,Donator requested that PI request permission to use in study,5/12/17,13.32977,144.60444,3km SSW Facpi Pt.,Guam,,GUAM,CNMI,North Pacific,NA,NA,NA,NA,1,,CNMI1,,3,37.82,,3
185374,ERIN OLESON,Donator requested that PI request permission to use in study,5/12/17,13.32874,144.60451,3km SSW Facpi Pt.,Guam,,GUAM,CNMI,North Pacific,NA,NA,NA,NA,,,,,3,9.22,,3
185375,ERIN OLESON,Donator requested that PI request permission to use in study,5/12/17,13.3278,144.60477,3km SSW Facpi Pt.,Guam,,GUAM,CNMI,North Pacific,NA,NA,NA,NA,1,,CNMI1,,3,43.54,,3
185376,ERIN OLESON,Donator requested that PI request permission to use in study,5/12/17,13.32705,144.60461,3km SSW Facpi Pt.,Guam,,GUAM,CNMI,North Pacific,NA,NA,NA,NA,1,,CNMI1,,3,15.39,,3
185377,ERIN OLESON,Donator requested that PI request permission to use in study,5/12/17,13.32647,144.60462,3km SSW Facpi Pt.,Guam,,GUAM,CNMI,North Pacific,NA,NA,NA,NA,16,,CNMI1,,3,34.52,,3
185378,ERIN OLESON,Donator requested that PI request permission to use in study,5/12/17,13.3254,144.60467,3km SSW Facpi Pt.,Guam,,GUAM,CNMI,North Pacific,NA,NA,NA,NA,1,,CNMI1,,"3,3","74.59, 59.18",,2
197362,ERIN OLESON,Donator requested that PI request permission to use in study,7/22/18,16.464,143.22433,"West Mariana Ridge, 259km W Anatahan",Anatahan Island,,NORTHERN MARIANA ISLANDS,CNMI,North Pacific,NA,NA,NA,NA,2,,CNMI2,,3,38.01,,3
197363,ERIN OLESON,Donator requested that PI request permission to use in study,7/22/18,16.464,143.22433,"West Mariana Ridge, 259km W Anatahan",Anatahan Island,,NORTHERN MARIANA ISLANDS,CNMI,North Pacific,NA,NA,NA,NA,2,,CNMI2,,3,53.06,,3
197364,ERIN OLESON,Donator requested that PI request permission to use in study,7/22/18,16.464,143.22433,"West Mariana Ridge, 259km W Anatahan",Anatahan Island,,NORTHERN MARIANA ISLANDS,CNMI,North Pacific,NA,NA,NA,NA,2,,CNMI2,,3,59.93,,3
197365,ERIN OLESON,Donator requested that PI request permission to use in study,7/22/18,16.464,143.22433,"West Mariana Ridge, 259km W Anatahan",Anatahan Island,,NORTHERN MARIANA ISLANDS,CNMI,North Pacific,NA,NA,NA,NA,2,,CNMI2,,3,0,,1
34017,ROBIN BAIRD,Donator requested that PI request permission to use in study,6/5/03,22.266666,-159.383333,,Kauai,HAWAII,UNITED STATES OF AMERICA,HAWAII,North Pacific,34017,RWB050603.A13,MHI,M,3,N,MHI3,1,2,15,,3
35867,ROBIN BAIRD,Donator requested that PI request permission to use in study,10/13/03,19.483333,-156.05,,Hawaii,HAWAII,UNITED STATES OF AMERICA,HAWAII,North Pacific,35867,RWB131003.A05,MHI,F,6,N,MHI4,1,4,,,2
35873,ROBIN BAIRD,Donator requested that PI request permission to use in study,10/14/03,19.433333,-156,,Hawaii,HAWAII,UNITED STATES OF AMERICA,HAWAII,North Pacific,35873,RWB141003.B02,MHI,M,7,N,MHI1,1,4,,,2
45905,ROBIN BAIRD,Donator requested that PI request permission to use in study,2/2/05,19.983333,-155.933333,,,HAWAII,UNITED STATES OF AMERICA,HAWAII,North Pacific,45905,RWB020205.03,HIResident,M,9,N,Koh3,1,4,,,2
45941,ROBIN BAIRD,Donator requested that PI request permission to use in study,9/17/04,19.583333,-156.083333,,,HAWAII,UNITED STATES OF AMERICA,HAWAII,North Pacific,45941,RWB170904.06,MHI,F,12,N,MHI2,1,"2,3","0, 48.59",,3
55257,ROBIN BAIRD,Donator requested that PI request permission to use in study,3/26/06,19.866666,-156.05,,,HAWAII,UNITED STATES OF AMERICA,HAWAII,North Pacific,55257,RWB2006MAR26.03,HIResident,F,32,N,Koh2,1,3,,,3
64634,SUZANNE YIN,Donator requested that PI request permission to use in study,2/15/07,20.033333,-155.916666,,,HAWAII,UNITED STATES OF AMERICA,HAWAII,North Pacific,64634,HMMC2007-023,HIResident,M,8,Y,Koh1,1,3,,,3
34002,ROBIN BAIRD,Donator requested that PI request permission to use in study,6/5/03,22.266666,-159.316666,,Kauai,HAWAII,UNITED STATES OF AMERICA,HAWAII,North Pacific,34002,RWB050603.W01,MHI,M,3,,MHI3,2,"2,2,2",,,2
41189,DAVID MATTILA,,3/27/04,20.016666,-156,,,HAWAII,UNITED STATES OF AMERICA,HAWAII,North Pacific,41189,HMMC040327.03,HIResident,M,2,,Koh3,2,4,263.59,,3
45917,ROBIN BAIRD,Donator requested that PI request permission to use in study,10/3/04,19.366666,-156.116666,,,HAWAII,UNITED STATES OF AMERICA,HAWAII,North Pacific,45917,RWB031004.08,MHI,F,1,,MHI1,2,"2,3","0, 59.23",,2
64632,SUZANNE YIN,Donator requested that PI request permission to use in study,2/15/07,20.033333,-155.916666,,,HAWAII,UNITED STATES OF AMERICA,HAWAII,North Pacific,64632,HMMC2007-021,HIResident,M,32,,Koh2,2,"2,3",,,3
64640,SUZANNE YIN,Donator requested that PI request permission to use in study,2/23/07,20.133333,-155.916666,,,HAWAII,UNITED STATES OF AMERICA,HAWAII,North Pacific,64640,HMMC2007-029,HIResident,M,8,,Koh1,2,3,,,3
92233,ERIN OLESON,Donator requested that PI request permission to use in study,10/2/09,21.466666,-158.333333,,,HAWAII,UNITED STATES OF AMERICA,HAWAII,North Pacific,92233,EMO091002.04b,MHI,M,6,,MHI4,2,3,,,2
92235,ERIN OLESON,Donator requested that PI request permission to use in study,10/2/09,21.466666,-158.333333,,,HAWAII,UNITED STATES OF AMERICA,HAWAII,North Pacific,92235,EMO091002.06b,MHI,F,14,,MHI2,2,"2,3","0, 51.46",,1
49026,JAY BARLOW,,8/7/05,19.116666,-156.2,,,HAWAII,UNITED STATES OF AMERICA,HAWAII,North Pacific,49026,MAC050807.05,MHI,F,16,,MHI1,3,"4,2,3","0, 0, 131.18",,2
56751,MARLEE BREESE,,8/25/05,21.366666,-157.7,"HONOLULU, WAIMANELO, FAR NW END OF BELLO",Oahu,HAWAII,UNITED STATES OF AMERICA,HAWAII,North Pacific,56751,PELE-050825,MHI,M,2,,MHI2,3,4,,,"3,3"
64633,SUZANNE YIN,Donator requested that PI request permission to use in study,2/15/07,20.033333,-155.916666,,,HAWAII,UNITED STATES OF AMERICA,HAWAII,North Pacific,64633,HMMC2007-022,HIResident,M,33,,Koh3,3,3,,,3
64641,SUZANNE YIN,Donator requested that PI request permission to use in study,2/23/07,20.133333,-155.916666,,,HAWAII,UNITED STATES OF AMERICA,HAWAII,North Pacific,64641,HMMC2007-030,HIResident,M,8,,Koh1,3,3,,,3
92232,ERIN OLESON,Donator requested that PI request permission to use in study,10/2/09,21.483333,-158.333333,,,HAWAII,UNITED STATES OF AMERICA,HAWAII,North Pacific,92232,EMO091002.03b,MHI,F,6,,MHI4,3,"2,2","NA, 68.13",,1
98725,ROBIN BAIRD,Donator requested that PI request permission to use in study,7/23/10,19.733333,-156.116666,,,HAWAII,UNITED STATES OF AMERICA,HAWAII,North Pacific,98725,RWB2010JUL23.03,HIResident,M,32,,Koh2,3,2,,,2
545,Darrin Lunde,Donator requested that PI request permission to use in study,9/11/80,NA,NA,SEA LIFE PARK,Oahu,HAWAII,UNITED STATES OF AMERICA,HAWAII,North Pacific,NA,NA,NA,NA,NA,,,,4,3370,,3
33928,ROBIN BAIRD,Donator requested that PI request permission to use in study,5/29/03,21.766666,-158.633333,,Oahu,HAWAII,UNITED STATES OF AMERICA,HAWAII,North Pacific,33928,RWB290503.A03,MHI,M,2,,MHI2,,2,16,,3
33929,ROBIN BAIRD,Donator requested that PI request permission to use in study,5/29/03,21.75,-158.633333,,Oahu,HAWAII,UNITED STATES OF AMERICA,HAWAII,North Pacific,33929,RWB290503.A04,MHI,F,2,,MHI2,,"2,2","25, NA",,1
33930,ROBIN BAIRD,Donator requested that PI request permission to use in study,5/29/03,21.75,-158.633333,,Oahu,HAWAII,UNITED STATES OF AMERICA,HAWAII,North Pacific,33930,RWB290503.A05,MHI,F,1,,MHI1,,1,14,,3
33931,ROBIN BAIRD,Donator requested that PI request permission to use in study,5/29/03,21.75,-158.633333,,Oahu,HAWAII,UNITED STATES OF AMERICA,HAWAII,North Pacific,33931,RWB290503.A06,MHI,M,3,,MHI3,,"1,2","8, NA",,1
33932,ROBIN BAIRD,Donator requested that PI request permission to use in study,5/29/03,21.75,-158.616666,,Oahu,HAWAII,UNITED STATES OF AMERICA,HAWAII,North Pacific,33932,RWB290503.A07,MHI,F,2,,MHI2,,"2,4,2","8, NA, NA",,1
33933,ROBIN BAIRD,Donator requested that PI request permission to use in study,5/29/03,21.733333,-158.616666,,Oahu,HAWAII,UNITED STATES OF AMERICA,HAWAII,North Pacific,33933,RWB290503.A08,MHI,M,1,,MHI1,,1,19,,3
33934,ROBIN BAIRD,Donator requested that PI request permission to use in study,5/29/03,21.733333,-158.616666,,Oahu,HAWAII,UNITED STATES OF AMERICA,HAWAII,North Pacific,33934,RWB290503.A09,MHI,M,2,,MHI2,,2,15,,3
34003,ROBIN BAIRD,Donator requested that PI request permission to use in study,6/5/03,22.266666,-159.316666,,Kauai,HAWAII,UNITED STATES OF AMERICA,HAWAII,North Pacific,34003,RWB050603.W02,MHI,M,2,,MHI2,,2,35,,3
34004,ROBIN BAIRD,Donator requested that PI request permission to use in study,6/5/03,22.266666,-159.3,,Kauai,HAWAII,UNITED STATES OF AMERICA,HAWAII,North Pacific,34004,RWB050603.W03,MHI,M,2,,MHI2,,2,23,,3
34005,ROBIN BAIRD,Donator requested that PI request permission to use in study,6/5/03,22.266666,-159.416666,,Kauai,HAWAII,UNITED STATES OF AMERICA,HAWAII,North Pacific,34005,RWB050603.A01,MHI,M,1,,MHI1,,2,23,,3
34006,ROBIN BAIRD,Donator requested that PI request permission to use in study,6/5/03,22.266666,-159.416666,,Kauai,HAWAII,UNITED STATES OF AMERICA,HAWAII,North Pacific,34006,RWB050603.A02,MHI,M,1,,MHI1,,2,18,,3
34007,ROBIN BAIRD,Donator requested that PI request permission to use in study,6/5/03,22.266666,-159.416666,,Kauai,HAWAII,UNITED STATES OF AMERICA,HAWAII,North Pacific,34007,RWB050603.A03,MHI,M,4,,MHI1,,1,16,,3
34008,ROBIN BAIRD,Donator requested that PI request permission to use in study,6/5/03,22.266666,-159.4,,Kauai,HAWAII,UNITED STATES OF AMERICA,HAWAII,North Pacific,34008,RWB050603.A04,MHI,F,1,,MHI1,,2,14,,3
34009,ROBIN BAIRD,Donator requested that PI request permission to use in study,6/5/03,22.266666,-159.4,,Kauai,HAWAII,UNITED STATES OF AMERICA,HAWAII,North Pacific,34009,RWB050603.A05,MHI,M,1,,MHI1,,"1,3","14, NA",,2
34010,ROBIN BAIRD,Donator requested that PI request permission to use in study,6/5/03,22.266666,-159.4,,Kauai,HAWAII,UNITED STATES OF AMERICA,HAWAII,North Pacific,34010,RWB050603.A06,MHI,F,2,,MHI2,,1,16,,3
34011,ROBIN BAIRD,Donator requested that PI request permission to use in study,6/5/03,22.266666,-159.4,,Kauai,HAWAII,UNITED STATES OF AMERICA,HAWAII,North Pacific,34011,RWB050603.A07,MHI,M,1,,MHI1,,"2,1","13, NA",,2
34012,ROBIN BAIRD,Donator requested that PI request permission to use in study,6/5/03,22.266666,-159.4,,Kauai,HAWAII,UNITED STATES OF AMERICA,HAWAII,North Pacific,34012,RWB050603.A08,MHI,M,3,,MHI3,,"4,2,1",,,2
34013,ROBIN BAIRD,Donator requested that PI request permission to use in study,6/5/03,22.266666,-159.383333,,Kauai,HAWAII,UNITED STATES OF AMERICA,HAWAII,North Pacific,34013,RWB050603.A09,MHI,M,1,,MHI1,,"3,2","13, NA",,1
34014,ROBIN BAIRD,Donator requested that PI request permission to use in study,6/5/03,22.266666,-159.383333,,Kauai,HAWAII,UNITED STATES OF AMERICA,HAWAII,North Pacific,34014,RWB050603.A10,MHI,M,1,,MHI1,,2,8,,3
34015,ROBIN BAIRD,Donator requested that PI request permission to use in study,6/5/03,22.266666,-159.383333,,Kauai,HAWAII,UNITED STATES OF AMERICA,HAWAII,North Pacific,34015,RWB050603.A11,MHI,M,5,,MHI2,,"2,2,3","22, 0, 23.77",,1
34016,ROBIN BAIRD,Donator requested that PI request permission to use in study,6/5/03,22.266666,-159.383333,,Kauai,HAWAII,UNITED STATES OF AMERICA,HAWAII,North Pacific,34016,RWB050603.A12,MHI,M,1,,MHI1,,1,11,,3
34018,ROBIN BAIRD,Donator requested that PI request permission to use in study,6/5/03,22.266666,-159.383333,,Kauai,HAWAII,UNITED STATES OF AMERICA,HAWAII,North Pacific,34018,RWB050603.A14,MHI,M,1,,MHI1,,1,21,,3
35859,ROBIN BAIRD,Donator requested that PI request permission to use in study,10/13/03,19.483333,-156.05,,Hawaii,HAWAII,UNITED STATES OF AMERICA,HAWAII,North Pacific,NA,NA,NA,NA,NA,,,,,,,2
35860,ROBIN BAIRD,Donator requested that PI request permission to use in study,10/13/03,19.483333,-156.05,,Hawaii,HAWAII,UNITED STATES OF AMERICA,HAWAII,North Pacific,NA,NA,NA,NA,NA,,,,,,,2
35861,ROBIN BAIRD,Donator requested that PI request permission to use in study,10/13/03,19.483333,-156.033333,,Hawaii,HAWAII,UNITED STATES OF AMERICA,HAWAII,North Pacific,NA,NA,NA,NA,NA,,,,,,,2
35862,ROBIN BAIRD,Donator requested that PI request permission to use in study,10/13/03,19.483333,-156.033333,,Hawaii,HAWAII,UNITED STATES OF AMERICA,HAWAII,North Pacific,NA,NA,NA,NA,NA,,,,,,,2
35863,ROBIN BAIRD,Donator requested that PI request permission to use in study,10/13/03,19.483333,-156.05,,Hawaii,HAWAII,UNITED STATES OF AMERICA,HAWAII,North Pacific,35863,RWB131003.A01,MHI,M,1,,MHI1,,3,,,2
35864,ROBIN BAIRD,Donator requested that PI request permission to use in study,10/13/03,19.483333,-156.05,,Hawaii,HAWAII,UNITED STATES OF AMERICA,HAWAII,North Pacific,NA,NA,NA,NA,NA,,,,,,,2
35865,ROBIN BAIRD,Donator requested that PI request permission to use in study,10/13/03,19.483333,-156.05,,Hawaii,HAWAII,UNITED STATES OF AMERICA,HAWAII,North Pacific,NA,NA,NA,NA,NA,,,,,,,2
35866,ROBIN BAIRD,Donator requested that PI request permission to use in study,10/13/03,19.483333,-156.05,,Hawaii,HAWAII,UNITED STATES OF AMERICA,HAWAII,North Pacific,NA,NA,NA,NA,NA,,,,,,,3
35868,ROBIN BAIRD,Donator requested that PI request permission to use in study,10/13/03,19.483333,-156.05,,Hawaii,HAWAII,UNITED STATES OF AMERICA,HAWAII,North Pacific,NA,NA,NA,NA,NA,,,,,,,2
35869,ROBIN BAIRD,Donator requested that PI request permission to use in study,10/13/03,19.483333,-156.05,,Hawaii,HAWAII,UNITED STATES OF AMERICA,HAWAII,North Pacific,NA,NA,NA,NA,NA,,,,,,,3
35870,ROBIN BAIRD,Donator requested that PI request permission to use in study,10/13/03,19.483333,-156.033333,,Hawaii,HAWAII,UNITED STATES OF AMERICA,HAWAII,North Pacific,NA,NA,NA,NA,NA,,,,,,,2
35871,ROBIN BAIRD,Donator requested that PI request permission to use in study,10/13/03,19.483333,-156.033333,,Hawaii,HAWAII,UNITED STATES OF AMERICA,HAWAII,North Pacific,35871,RWB131003.A09,MHI,F,4,,MHI1,,4,,,2
35872,ROBIN BAIRD,Donator requested that PI request permission to use in study,10/14/03,19.433333,-156,,Hawaii,HAWAII,UNITED STATES OF AMERICA,HAWAII,North Pacific,NA,NA,NA,NA,NA,,,,,,,2
35874,ROBIN BAIRD,Donator requested that PI request permission to use in study,10/14/03,19.433333,-156,,Hawaii,HAWAII,UNITED STATES OF AMERICA,HAWAII,North Pacific,NA,NA,NA,NA,NA,,,,,,,2
41109,DAVID MATTILA,,3/27/04,20.016666,-156,,,HAWAII,UNITED STATES OF AMERICA,HAWAII,North Pacific,41109,HMMC040327.02,HIResident,M,8,,Koh1,,"1,2","252.53, 170.41",,3
41110,DAVID MATTILA,,3/27/04,20.016666,-156,,,HAWAII,UNITED STATES OF AMERICA,HAWAII,North Pacific,41110,HMMC040327.04,HIResident,F,8,,Koh1,,"0,3",,,3
41111,DAVID MATTILA,,3/27/04,20.016666,-156,,,HAWAII,UNITED STATES OF AMERICA,HAWAII,North Pacific,41111,HMMC040327.05,HIResident,F,2,,Koh3,,"4,4",,,3
41112,DAVID MATTILA,,3/27/04,20.016666,-156,,,HAWAII,UNITED STATES OF AMERICA,HAWAII,North Pacific,41112,HMMC040327.06,HIResident,F,1,,Koh1,,3,,,0
41566,DAVID SCHOFIELD,,7/3/04,22.2,-159.5,"HANALEI BAY, nr. WAIPA STREAM",Kauai,HAWAII,UNITED STATES OF AMERICA,HAWAII,North Pacific,41566,C185,MHI,M,6,,MHI4,,1,,,3
45903,ROBIN BAIRD,Donator requested that PI request permission to use in study,2/2/05,19.966666,-155.95,,,HAWAII,UNITED STATES OF AMERICA,HAWAII,North Pacific,45903,RWB020205.01,HIResident,M,2,,Koh3,,"1,1",,,1
45904,ROBIN BAIRD,Donator requested that PI request permission to use in study,2/2/05,19.983333,-155.933333,,,HAWAII,UNITED STATES OF AMERICA,HAWAII,North Pacific,45904,RWB020205.02,HIResident,F,8,,Koh1,,2,,,1
45906,ROBIN BAIRD,Donator requested that PI request permission to use in study,2/2/05,19.983333,-155.933333,,,HAWAII,UNITED STATES OF AMERICA,HAWAII,North Pacific,45906,RWB020205.04,HIResident,M,2,,Koh3,,3,,,3
45911,ROBIN BAIRD,Donator requested that PI request permission to use in study,10/3/04,19.083333,-155.95,,,HAWAII,UNITED STATES OF AMERICA,HAWAII,North Pacific,NA,NA,NA,NA,NA,,,,,,,2
45912,ROBIN BAIRD,Donator requested that PI request permission to use in study,10/3/04,19.083333,-155.95,,,HAWAII,UNITED STATES OF AMERICA,HAWAII,North Pacific,45912,RWB031004.03,MHI,M,10,,MHI1,,4,,,1
45913,ROBIN BAIRD,Donator requested that PI request permission to use in study,10/3/04,19.066666,-155.95,,,HAWAII,UNITED STATES OF AMERICA,HAWAII,North Pacific,NA,NA,NA,NA,NA,,,,,,,2
45914,ROBIN BAIRD,Donator requested that PI request permission to use in study,10/3/04,19.066666,-155.95,,,HAWAII,UNITED STATES OF AMERICA,HAWAII,North Pacific,45914,RWB031004.05,MHI,F,10,,MHI1,,3,,,1
45915,ROBIN BAIRD,Donator requested that PI request permission to use in study,10/3/04,19.066666,-155.95,,,HAWAII,UNITED STATES OF AMERICA,HAWAII,North Pacific,NA,NA,NA,NA,NA,,,,,,,2
45916,ROBIN BAIRD,Donator requested that PI request permission to use in study,10/3/04,19.366666,-156.116666,,,HAWAII,UNITED STATES OF AMERICA,HAWAII,North Pacific,NA,NA,NA,NA,NA,,,,,,,2
45918,ROBIN BAIRD,Donator requested that PI request permission to use in study,10/3/04,19.366666,-156.116666,,,HAWAII,UNITED STATES OF AMERICA,HAWAII,North Pacific,45918,RWB031004.09,MHI,M,4,,MHI1,,"2,2",,,3
45919,ROBIN BAIRD,Donator requested that PI request permission to use in study,10/3/04,19.366666,-156.116666,,,HAWAII,UNITED STATES OF AMERICA,HAWAII,North Pacific,NA,NA,NA,NA,NA,,,,,,,1
45937,ROBIN BAIRD,Donator requested that PI request permission to use in study,9/17/04,19.566666,-156.016666,,,HAWAII,UNITED STATES OF AMERICA,HAWAII,North Pacific,NA,NA,NA,NA,NA,,,,,,,2
45938,ROBIN BAIRD,Donator requested that PI request permission to use in study,9/17/04,19.566666,-156.033333,,,HAWAII,UNITED STATES OF AMERICA,HAWAII,North Pacific,NA,NA,NA,NA,NA,,,,,,,2
45939,ROBIN BAIRD,Donator requested that PI request permission to use in study,9/17/04,19.566666,-156.033333,,,HAWAII,UNITED STATES OF AMERICA,HAWAII,North Pacific,45939,RWB170904.04,MHI,F,11,,MHI2,,"2,3","1.32, 89.45",,2
45940,ROBIN BAIRD,Donator requested that PI request permission to use in study,9/17/04,19.566666,-156.05,,,HAWAII,UNITED STATES OF AMERICA,HAWAII,North Pacific,NA,NA,NA,NA,NA,,,,,,,1
45942,ROBIN BAIRD,Donator requested that PI request permission to use in study,9/17/04,19.583333,-156.1,,,HAWAII,UNITED STATES OF AMERICA,HAWAII,North Pacific,45942,RWB170904.07,MHI,F,13,,MHI1,,"2,2,3","0.66, 0, 18",,2
45943,ROBIN BAIRD,Donator requested that PI request permission to use in study,9/17/04,19.583333,-156.116666,,,HAWAII,UNITED STATES OF AMERICA,HAWAII,North Pacific,NA,NA,NA,NA,NA,,,,,,,3
45944,ROBIN BAIRD,Donator requested that PI request permission to use in study,9/17/04,19.583333,-156.116666,,,HAWAII,UNITED STATES OF AMERICA,HAWAII,North Pacific,45944,RWB170904.09,MHI,M,12,,MHI2,,2,,,3
45945,ROBIN BAIRD,Donator requested that PI request permission to use in study,9/17/04,19.566666,-156.016666,,,HAWAII,UNITED STATES OF AMERICA,HAWAII,North Pacific,NA,NA,NA,NA,NA,,,,,,,1
45957,ROBIN BAIRD,Donator requested that PI request permission to use in study,1/22/05,19.533333,-156.15,,,HAWAII,UNITED STATES OF AMERICA,HAWAII,North Pacific,NA,NA,NA,NA,NA,,,,,,,2
45958,ROBIN BAIRD,Donator requested that PI request permission to use in study,1/22/05,19.533333,-156.15,,,HAWAII,UNITED STATES OF AMERICA,HAWAII,North Pacific,45958,RWB220105.03,MHI,F,14,,MHI2,,4,,,2
45959,ROBIN BAIRD,Donator requested that PI request permission to use in study,1/22/05,19.533333,-156.15,,,HAWAII,UNITED STATES OF AMERICA,HAWAII,North Pacific,NA,NA,NA,NA,NA,,,,,,,1
45960,ROBIN BAIRD,Donator requested that PI request permission to use in study,9/22/04,19.766666,-156.3,,,HAWAII,UNITED STATES OF AMERICA,HAWAII,North Pacific,NA,NA,NA,NA,NA,,,,3,,,1
45962,ROBIN BAIRD,Donator requested that PI request permission to use in study,9/22/04,19.766666,-156.3,,,HAWAII,UNITED STATES OF AMERICA,HAWAII,North Pacific,45962,RWB220904.03,MHI,M,10,,MHI1,,"2,3",,,1
45963,ROBIN BAIRD,Donator requested that PI request permission to use in study,9/22/04,19.766666,-156.3,,,HAWAII,UNITED STATES OF AMERICA,HAWAII,North Pacific,45963,RWB220904.04,MHI,F,12,,MHI2,,2,,,1
45964,ROBIN BAIRD,Donator requested that PI request permission to use in study,9/22/04,19.766666,-156.3,,,HAWAII,UNITED STATES OF AMERICA,HAWAII,North Pacific,45964,RWB220904.05,MHI,M,10,,MHI1,,1,,,1
45965,ROBIN BAIRD,Donator requested that PI request permission to use in study,9/22/04,19.766666,-156.3,,,HAWAII,UNITED STATES OF AMERICA,HAWAII,North Pacific,NA,NA,NA,NA,NA,,,,1,,,1
45966,ROBIN BAIRD,Donator requested that PI request permission to use in study,9/22/04,19.766666,-156.3,,,HAWAII,UNITED STATES OF AMERICA,HAWAII,North Pacific,45966,RWB220904.07,MHI,M,2,,MHI2,,2,,,3
45968,ROBIN BAIRD,Donator requested that PI request permission to use in study,11/22/04,19.383333,-156,,,HAWAII,UNITED STATES OF AMERICA,HAWAII,North Pacific,45968,RWB221104.01,MHI,M,1,,MHI1,,3,,,3
45970,ROBIN BAIRD,Donator requested that PI request permission to use in study,11/22/04,19.383333,-156,,,HAWAII,UNITED STATES OF AMERICA,HAWAII,North Pacific,NA,NA,NA,NA,NA,,,,,,,3
45971,ROBIN BAIRD,Donator requested that PI request permission to use in study,11/22/04,19.383333,-156,,,HAWAII,UNITED STATES OF AMERICA,HAWAII,North Pacific,NA,NA,NA,NA,NA,,,,,,,3
45974,ROBIN BAIRD,Donator requested that PI request permission to use in study,1/24/05,19.416666,-156.183333,,,HAWAII,UNITED STATES OF AMERICA,HAWAII,North Pacific,NA,NA,NA,NA,NA,,,,,,,1
45975,ROBIN BAIRD,Donator requested that PI request permission to use in study,1/24/05,19.416666,-156.183333,,,HAWAII,UNITED STATES OF AMERICA,HAWAII,North Pacific,NA,NA,NA,NA,NA,,,,,,,2
45976,ROBIN BAIRD,Donator requested that PI request permission to use in study,1/24/05,19.416666,-156.2,,,HAWAII,UNITED STATES OF AMERICA,HAWAII,North Pacific,45976,RWB240105.04,MHI,M,15,,MHI1,,"1,1,2",,,1
45978,ROBIN BAIRD,Donator requested that PI request permission to use in study,11/25/04,19.633333,-156.1,,,HAWAII,UNITED STATES OF AMERICA,HAWAII,North Pacific,45978,RWB251104.01,MHI,M,2,,MHI2,,3,,,1
45979,ROBIN BAIRD,Donator requested that PI request permission to use in study,11/25/04,19.616666,-156.1,,,HAWAII,UNITED STATES OF AMERICA,HAWAII,North Pacific,NA,NA,NA,NA,NA,,,,,,,3
45980,ROBIN BAIRD,Donator requested that PI request permission to use in study,11/25/04,19.616666,-156.1,,,HAWAII,UNITED STATES OF AMERICA,HAWAII,North Pacific,45980,RWB251104.03,MHI,F,14,,MHI2,,3,,,2
45981,ROBIN BAIRD,Donator requested that PI request permission to use in study,1/26/05,19.85,-156.133333,,,HAWAII,UNITED STATES OF AMERICA,HAWAII,North Pacific,45981,RWB260105.01,MHI,M,14,,MHI2,,3,,,3
45982,ROBIN BAIRD,Donator requested that PI request permission to use in study,1/26/05,19.883333,-156.116666,,,HAWAII,UNITED STATES OF AMERICA,HAWAII,North Pacific,45982,RWB260105.02,MHI,F,2,,MHI2,,3,,,3
49022,JAY BARLOW,,8/7/05,19.116666,-156.2,,,HAWAII,UNITED STATES OF AMERICA,HAWAII,North Pacific,NA,NA,NA,NA,NA,,,,"4,4",,,3
49023,JAY BARLOW,,8/7/05,19.116666,-156.2,,,HAWAII,UNITED STATES OF AMERICA,HAWAII,North Pacific,49023,MAC050807.02,MHI,F,1,,MHI1,,"4,4",,,3
49024,JAY BARLOW,,8/7/05,19.116666,-156.2,,,HAWAII,UNITED STATES OF AMERICA,HAWAII,North Pacific,49024,MAC050807.03,MHI,F,1,,MHI1,,"4,2",,,3
49025,JAY BARLOW,,8/7/05,19.116666,-156.2,,,HAWAII,UNITED STATES OF AMERICA,HAWAII,North Pacific,NA,NA,NA,NA,NA,,,,4,,,3
49027,JAY BARLOW,,8/7/05,19.116666,-156.2,,,HAWAII,UNITED STATES OF AMERICA,HAWAII,North Pacific,NA,NA,NA,NA,NA,,,,4,,,3
49028,JAY BARLOW,,8/7/05,19.116666,-156.2,,,HAWAII,UNITED STATES OF AMERICA,HAWAII,North Pacific,49028,MAC050807.07,MHI,F,1,,MHI1,,"2,4",,,3
49029,JAY BARLOW,,8/7/05,19.116666,-156.2,,,HAWAII,UNITED STATES OF AMERICA,HAWAII,North Pacific,NA,NA,NA,NA,NA,,,,4,,,3
49030,JAY BARLOW,,8/7/05,19.116666,-156.2,,,HAWAII,UNITED STATES OF AMERICA,HAWAII,North Pacific,NA,NA,NA,NA,NA,,,,4,,,3
49033,JAY BARLOW,,8/7/05,19.116666,-156.2,,,HAWAII,UNITED STATES OF AMERICA,HAWAII,North Pacific,NA,NA,NA,NA,NA,,,,4,,,3
49034,JAY BARLOW,,8/7/05,19.116666,-156.2,,,HAWAII,UNITED STATES OF AMERICA,HAWAII,North Pacific,NA,NA,NA,NA,NA,,,,4,,,3
49035,JAY BARLOW,,8/7/05,19.116666,-156.2,,,HAWAII,UNITED STATES OF AMERICA,HAWAII,North Pacific,49035,MAC050807.14,MHI,F,12,,MHI2,,"4,4",,,3
49036,JAY BARLOW,,8/7/05,19.116666,-156.2,,,HAWAII,UNITED STATES OF AMERICA,HAWAII,North Pacific,NA,NA,NA,NA,NA,,,,4,,,0
49037,JAY BARLOW,,8/7/05,19.116666,-156.2,,,HAWAII,UNITED STATES OF AMERICA,HAWAII,North Pacific,49037,MAC050807.16,MHI,M,2,,MHI2,,"4,2,2,2","0, 4.75, 71.23, 116.14",,3
49038,JAY BARLOW,,8/7/05,19.116666,-156.2,,,HAWAII,UNITED STATES OF AMERICA,HAWAII,North Pacific,NA,NA,NA,NA,NA,,,,4,,,3
49039,JAY BARLOW,,8/7/05,19.116666,-156.2,,,HAWAII,UNITED STATES OF AMERICA,HAWAII,North Pacific,NA,NA,NA,NA,NA,,,,4,,,3
49040,JAY BARLOW,,8/7/05,19.116666,-156.2,,,HAWAII,UNITED STATES OF AMERICA,HAWAII,North Pacific,NA,NA,NA,NA,NA,,,,4,,,3
49041,JAY BARLOW,,8/7/05,19.116666,-156.2,,,HAWAII,UNITED STATES OF AMERICA,HAWAII,North Pacific,NA,NA,NA,NA,NA,,,,4,,,3
49042,JAY BARLOW,,8/7/05,19.116666,-156.2,,,HAWAII,UNITED STATES OF AMERICA,HAWAII,North Pacific,NA,NA,NA,NA,NA,,,,4,,,3
52709,SUZANNE YIN,,2/12/06,20.116666,-155.933333,,,HAWAII,UNITED STATES OF AMERICA,HAWAII,North Pacific,52709,HMMC2006-130,HIResident,F,2,,Koh3,,"2,3",,,3
52710,SUZANNE YIN,,2/12/06,20.116666,-155.933333,,,HAWAII,UNITED STATES OF AMERICA,HAWAII,North Pacific,52710,HMMC2006-131,HIResident,F,2,,Koh3,,"2,3","0, NA",,1
55256,ROBIN BAIRD,Donator requested that PI request permission to use in study,3/26/06,19.866666,-156.066666,,,HAWAII,UNITED STATES OF AMERICA,HAWAII,North Pacific,55256,RWB2006MAR26.02,HIResident,M,32,,Koh2,,2,,,1
55258,ROBIN BAIRD,Donator requested that PI request permission to use in study,3/26/06,19.883333,-156.033333,,,HAWAII,UNITED STATES OF AMERICA,HAWAII,North Pacific,55258,RWB2006MAR26.04,HIResident,F,8,,Koh1,,"3,2",,,1
55259,ROBIN BAIRD,Donator requested that PI request permission to use in study,3/26/06,19.933333,-156.016666,,,HAWAII,UNITED STATES OF AMERICA,HAWAII,North Pacific,55259,RWB2006MAR26.07,HIResident,F,9,,Koh3,,3,,,3
55260,ROBIN BAIRD,Donator requested that PI request permission to use in study,3/26/06,19.933333,-156.016666,,,HAWAII,UNITED STATES OF AMERICA,HAWAII,North Pacific,55260,RWB2006MAR26.08,HIResident,F,2,,Koh3,,2,,,1
55261,ROBIN BAIRD,Donator requested that PI request permission to use in study,3/26/06,19.95,-156,,,HAWAII,UNITED STATES OF AMERICA,HAWAII,North Pacific,55261,RWB2006MAR26.09,HIResident,M,6,,,,2,,,2
55262,ROBIN BAIRD,Donator requested that PI request permission to use in study,3/26/06,19.95,-156,,,HAWAII,UNITED STATES OF AMERICA,HAWAII,North Pacific,55262,RWB2006MAR26.10,HIResident,M,2,,Koh3,,"2,4,2",,,1
55263,ROBIN BAIRD,Donator requested that PI request permission to use in study,3/26/06,19.95,-156,,,HAWAII,UNITED STATES OF AMERICA,HAWAII,North Pacific,55263,RWB2006MAR26.11,HIResident,M,16,,Koh1,,"3,2",,,2
55267,ROBIN BAIRD,Donator requested that PI request permission to use in study,3/30/06,19.833333,-156.1,,,HAWAII,UNITED STATES OF AMERICA,HAWAII,North Pacific,55267,RWB2006MAR30.01,HIResident,F,2,,Koh3,,2,,,3
55268,ROBIN BAIRD,Donator requested that PI request permission to use in study,3/30/06,19.833333,-156.1,,,HAWAII,UNITED STATES OF AMERICA,HAWAII,North Pacific,55268,RWB2006MAR30.02,HIResident,M,2,,Koh3,,2,,,1
55269,ROBIN BAIRD,Donator requested that PI request permission to use in study,3/30/06,19.833333,-156.1,,,HAWAII,UNITED STATES OF AMERICA,HAWAII,North Pacific,55269,RWB2006MAR30.03,HIResident,F,2,,Koh3,,2,,,3
55270,ROBIN BAIRD,Donator requested that PI request permission to use in study,3/30/06,19.85,-156.1,,,HAWAII,UNITED STATES OF AMERICA,HAWAII,North Pacific,55270,RWB2006MAR30.04,HIResident,M,2,,Koh3,,2,,,1
55271,ROBIN BAIRD,Donator requested that PI request permission to use in study,3/30/06,19.85,-156.083333,,,HAWAII,UNITED STATES OF AMERICA,HAWAII,North Pacific,55271,RWB2006MAR30.05,HIResident,F,2,,Koh3,,2,,,2
56745,MARLEE BREESE,,8/19/03,NA,NA,HAUULA BEACH,Oahu,HAWAII,UNITED STATES OF AMERICA,HAWAII,North Pacific,56745,HISRG-06-26-0a,MHI,M,2,,MHI2,,4,,,3
70974,KRISTI WEST,Donator requested that PI request permission to use in study,07/??/2007,NA,NA,SOUTH POINT,Hawaii,HAWAII,UNITED STATES OF AMERICA,HAWAII,North Pacific,NA,NA,NA,NA,NA,,,,,,,3
70976,KRISTI WEST,Donator requested that PI request permission to use in study,8/25/05,NA,NA,WAIMANALO,Oahu,HAWAII,UNITED STATES OF AMERICA,HAWAII,North Pacific,NA,NA,NA,NA,NA,,,,,,,3
73887,ROBIN BAIRD,Donator requested that PI request permission to use in study,4/19/08,19.666666,-156.15,,,HAWAII,UNITED STATES OF AMERICA,HAWAII,North Pacific,73887,RWB2008APR19.01,MHI,F,4,,MHI1,,"2,2",,,1
73888,ROBIN BAIRD,Donator requested that PI request permission to use in study,4/19/08,19.683333,-156.15,,,HAWAII,UNITED STATES OF AMERICA,HAWAII,North Pacific,NA,NA,NA,NA,NA,,,,,,,2
73889,ROBIN BAIRD,Donator requested that PI request permission to use in study,4/19/08,19.683333,-156.15,,,HAWAII,UNITED STATES OF AMERICA,HAWAII,North Pacific,73889,RWB2008APR19.03,MHI,F,4,,MHI1,,"2,2",,,0
73890,ROBIN BAIRD,Donator requested that PI request permission to use in study,4/19/08,19.916666,-156.183333,,,HAWAII,UNITED STATES OF AMERICA,HAWAII,North Pacific,73890,RWB2008APR19.06,MHI,M,34,,MHI2,,3,,,3
73891,ROBIN BAIRD,Donator requested that PI request permission to use in study,4/19/08,19.95,-156.183333,,,HAWAII,UNITED STATES OF AMERICA,HAWAII,North Pacific,NA,NA,NA,NA,NA,,,,,,,2
73892,ROBIN BAIRD,Donator requested that PI request permission to use in study,4/19/08,19.95,-156.183333,,,HAWAII,UNITED STATES OF AMERICA,HAWAII,North Pacific,73892,RWB2008APR19.08,MHI,F,14,,MHI2,,2,,,2
75650,ROBIN BAIRD,Donator requested that PI request permission to use in study,6/30/08,21.85,-159.666666,,Kauai,HAWAII,UNITED STATES OF AMERICA,HAWAII,North Pacific,75650,RWB2008JUN30.01,MHI,M,28,,MHI2,,"3,2",,,3
78819,ERIN OLESON,Donator requested that PI request permission to use in study,2/8/09,19.6,-156.133333,Main Hawaiian Islands,,HAWAII,UNITED STATES OF AMERICA,HAWAII,North Pacific,NA,NA,NA,NA,NA,,,,,,,3
78820,ERIN OLESON,Donator requested that PI request permission to use in study,2/8/09,19.6,-156.133333,Main Hawaiian Islands,,HAWAII,UNITED STATES OF AMERICA,HAWAII,North Pacific,NA,NA,NA,NA,NA,,,,,,,3
78821,ERIN OLESON,Donator requested that PI request permission to use in study,2/8/09,19.6,-156.133333,Main Hawaiian Islands,,HAWAII,UNITED STATES OF AMERICA,HAWAII,North Pacific,78821,OES090208.04,MHI,M,4,,MHI1,,3,,,3
78822,ERIN OLESON,Donator requested that PI request permission to use in study,2/8/09,19.6,-156.133333,Main Hawaiian Islands,,HAWAII,UNITED STATES OF AMERICA,HAWAII,North Pacific,78822,OES090208.05,MHI,M,1,,MHI1,,1,,,3
79977,ROBIN BAIRD,Donator requested that PI request permission to use in study,4/30/08,19.366666,-156,,,HAWAII,UNITED STATES OF AMERICA,HAWAII,North Pacific,NA,NA,NA,NA,NA,,,,,,,1
92230,ERIN OLESON,Donator requested that PI request permission to use in study,10/2/09,21.5,-158.333333,,,HAWAII,UNITED STATES OF AMERICA,HAWAII,North Pacific,92230,EMO091002.01b,MHI,M,14,,MHI2,,3,,,2
92234,ERIN OLESON,Donator requested that PI request permission to use in study,10/2/09,21.466666,-158.333333,,,HAWAII,UNITED STATES OF AMERICA,HAWAII,North Pacific,92234,EMO091002.05b,MHI,M,14,,MHI2,,3,,,3
92236,ERIN OLESON,Donator requested that PI request permission to use in study,10/2/09,21.466666,-158.333333,,,HAWAII,UNITED STATES OF AMERICA,HAWAII,North Pacific,92236,EMO091002.07b,MHI,F,1,,MHI1,,2,,,2
92250,ERIN OLESON,Donator requested that PI request permission to use in study,10/8/09,21.533333,-158.333333,OAHU WEST,Oahu,HAWAII,UNITED STATES OF AMERICA,HAWAII,North Pacific,92250,EMO091008.03b,MHI,M,6,,MHI4,,2,,,3
98723,ROBIN BAIRD,Donator requested that PI request permission to use in study,7/23/10,19.766666,-156.133333,,,HAWAII,UNITED STATES OF AMERICA,HAWAII,North Pacific,98723,RWB2010JUL23.01,HIResident,M,2,,Koh3,,2,,,2
98724,ROBIN BAIRD,Donator requested that PI request permission to use in study,7/23/10,19.766666,-156.133333,,,HAWAII,UNITED STATES OF AMERICA,HAWAII,North Pacific,98724,RWB2010JUL23.02,HIResident,F,2,,Koh3,,1,,,2
98726,ROBIN BAIRD,Donator requested that PI request permission to use in study,7/23/10,19.716666,-156.133333,,,HAWAII,UNITED STATES OF AMERICA,HAWAII,North Pacific,98726,RWB2010JUL23.04,HIResident,M,2,,Koh3,,2,,,2
98727,ROBIN BAIRD,Donator requested that PI request permission to use in study,7/23/10,19.7,-156.133333,,,HAWAII,UNITED STATES OF AMERICA,HAWAII,North Pacific,98727,RWB2010JUL23.05,HIResident,F,2,,Koh3,,2,,,1
98728,ROBIN BAIRD,Donator requested that PI request permission to use in study,7/23/10,19.683333,-156.133333,,,HAWAII,UNITED STATES OF AMERICA,HAWAII,North Pacific,98728,RWB2010JUL23.06,HIResident,M,1,,Koh3,,3,,,3
98729,ROBIN BAIRD,Donator requested that PI request permission to use in study,7/23/10,19.683333,-156.133333,,,HAWAII,UNITED STATES OF AMERICA,HAWAII,North Pacific,98729,RWB2010JUL23.07,HIResident,M,2,,Koh3,,2,,,3
98747,ROBIN BAIRD,Donator requested that PI request permission to use in study,8/18/10,19.983333,-156.05,,,HAWAII,UNITED STATES OF AMERICA,HAWAII,North Pacific,98747,RWB2010AUG18.01,HIResident,F,2,,Koh3,,"2,2",,,3
98748,ROBIN BAIRD,Donator requested that PI request permission to use in study,8/18/10,20,-156.083333,,,HAWAII,UNITED STATES OF AMERICA,HAWAII,North Pacific,98748,RWB2010AUG18.02,HIResident,F,2,,Koh3,,1,,,2
98749,ROBIN BAIRD,Donator requested that PI request permission to use in study,8/18/10,20,-156.083333,,,HAWAII,UNITED STATES OF AMERICA,HAWAII,North Pacific,98749,RWB2010AUG18.03,HIResident,M,8,,Koh1,,2,,,2
98750,ROBIN BAIRD,Donator requested that PI request permission to use in study,8/18/10,20,-156.083333,,,HAWAII,UNITED STATES OF AMERICA,HAWAII,North Pacific,98750,RWB2010AUG18.04,HIResident,M,8,,Koh1,,"2,3",,,1
98751,ROBIN BAIRD,Donator requested that PI request permission to use in study,8/18/10,20,-156.083333,,,HAWAII,UNITED STATES OF AMERICA,HAWAII,North Pacific,98750,RWB2010AUG18.05,HIResident,M,8,,Koh1,,"2,3",,,1
98752,ROBIN BAIRD,Donator requested that PI request permission to use in study,8/18/10,20,-156.083333,,,HAWAII,UNITED STATES OF AMERICA,HAWAII,North Pacific,98752,RWB2010AUG18.06,HIResident,M,2,,Koh3,,3,,,2
98753,ROBIN BAIRD,Donator requested that PI request permission to use in study,8/18/10,19.983333,-156.1,,,HAWAII,UNITED STATES OF AMERICA,HAWAII,North Pacific,98753,RWB2010AUG18.07,HIResident,M,33,,Koh3,,3,,,2
98754,ROBIN BAIRD,Donator requested that PI request permission to use in study,8/18/10,19.983333,-156.083333,,,HAWAII,UNITED STATES OF AMERICA,HAWAII,North Pacific,98754,RWB2010AUG18.08,HIResident,M,2,,Koh3,,2,,,1
103987,ROBIN BAIRD,Donator requested that PI request permission to use in study,10/31/11,19.983333,-156.083333,,,HAWAII,UNITED STATES OF AMERICA,HAWAII,North Pacific,NA,NA,NA,NA,NA,,,,,,,3
112643,ROBIN BAIRD,Donator requested that PI request permission to use in study,8/19/12,19.8252,-156.14957,,,HAWAII,UNITED STATES OF AMERICA,HAWAII,North Pacific,112643,JMA2012AUG19.01,MHI,M,35,,MHI2,,2,10.31,,0
112644,ROBIN BAIRD,Donator requested that PI request permission to use in study,8/19/12,19.82095,-156.15065,,,HAWAII,UNITED STATES OF AMERICA,HAWAII,North Pacific,112644,JMA2012AUG19.02,MHI,M,7,,MHI1,,4,,,0
113658,ROBIN BAIRD,Donator requested that PI request permission to use in study,12/18/12,20.79784,-157.10496,,Lanai,HAWAII,UNITED STATES OF AMERICA,HAWAII,North Pacific,NA,NA,NA,NA,NA,,,,,,,3
113660,ROBIN BAIRD,Donator requested that PI request permission to use in study,12/18/12,20.80968,-157.11206,,Lanai,HAWAII,UNITED STATES OF AMERICA,HAWAII,North Pacific,NA,NA,NA,NA,NA,,,,,,,3
113661,ROBIN BAIRD,Donator requested that PI request permission to use in study,12/18/12,20.82295,-157.11931,,Lanai,HAWAII,UNITED STATES OF AMERICA,HAWAII,North Pacific,NA,NA,NA,NA,NA,,,,,,,3
113662,ROBIN BAIRD,Donator requested that PI request permission to use in study,12/18/12,20.82054,-157.11791,,Lanai,HAWAII,UNITED STATES OF AMERICA,HAWAII,North Pacific,NA,NA,NA,NA,NA,,,,,,,3
113663,ROBIN BAIRD,Donator requested that PI request permission to use in study,12/18/12,20.81735,-157.11613,,Lanai,HAWAII,UNITED STATES OF AMERICA,HAWAII,North Pacific,NA,NA,NA,NA,NA,,,,,,,3
114964,KRISTI WEST,Donator requested that PI request permission to use in study,2/5/13,21.12828,-157.296946,"MAUNALOA, FAR SOUTH ROCKY SIDE OF KAUPOA BEACH",Maui,HAWAII,UNITED STATES OF AMERICA,HAWAII,North Pacific,NA,NA,NA,NA,NA,,,,2,,,3
132620,ROBIN BAIRD,Donator requested that PI request permission to use in study,8/11/11,19.5,-156.033333,,,HAWAII,UNITED STATES OF AMERICA,HAWAII,North Pacific,NA,NA,NA,NA,NA,,,,,,,3
132621,ROBIN BAIRD,Donator requested that PI request permission to use in study,8/11/11,19.5,-156.033333,,,HAWAII,UNITED STATES OF AMERICA,HAWAII,North Pacific,NA,NA,NA,NA,NA,,,,,,,2
132622,ROBIN BAIRD,Donator requested that PI request permission to use in study,8/11/11,19.5,-156.05,,,HAWAII,UNITED STATES OF AMERICA,HAWAII,North Pacific,NA,NA,NA,NA,NA,,,,,,,2
132623,ROBIN BAIRD,Donator requested that PI request permission to use in study,8/11/11,19.5,-156.05,,,HAWAII,UNITED STATES OF AMERICA,HAWAII,North Pacific,NA,NA,NA,NA,NA,,,,,,,2
132624,ROBIN BAIRD,Donator requested that PI request permission to use in study,8/11/11,19.5,-156.05,,,HAWAII,UNITED STATES OF AMERICA,HAWAII,North Pacific,NA,NA,NA,NA,NA,,,,,,,3
132625,ROBIN BAIRD,Donator requested that PI request permission to use in study,8/11/11,19.483333,-156.05,,,HAWAII,UNITED STATES OF AMERICA,HAWAII,North Pacific,NA,NA,NA,NA,NA,,,,,,,2
132626,ROBIN BAIRD,Donator requested that PI request permission to use in study,8/11/11,19.45,-156.05,,,HAWAII,UNITED STATES OF AMERICA,HAWAII,North Pacific,NA,NA,NA,NA,NA,,,,,,,2
132627,ROBIN BAIRD,Donator requested that PI request permission to use in study,8/11/11,19.483333,-156.05,,,HAWAII,UNITED STATES OF AMERICA,HAWAII,North Pacific,NA,NA,NA,NA,NA,,,,,,,2
132628,ROBIN BAIRD,Donator requested that PI request permission to use in study,8/11/11,19.483333,-156.033333,,,HAWAII,UNITED STATES OF AMERICA,HAWAII,North Pacific,NA,NA,NA,NA,NA,,,,,,,3
132629,ROBIN BAIRD,Donator requested that PI request permission to use in study,8/11/11,19.5,-156.016666,,,HAWAII,UNITED STATES OF AMERICA,HAWAII,North Pacific,NA,NA,NA,NA,NA,,,,,,,2
132646,ROBIN BAIRD,Donator requested that PI request permission to use in study,8/23/11,19.85,-156.15,,,HAWAII,UNITED STATES OF AMERICA,HAWAII,North Pacific,NA,NA,NA,NA,NA,,,,,,,2
132647,ROBIN BAIRD,Donator requested that PI request permission to use in study,8/23/11,19.85,-156.15,,,HAWAII,UNITED STATES OF AMERICA,HAWAII,North Pacific,NA,NA,NA,NA,NA,,,,,,,3
132648,ROBIN BAIRD,Donator requested that PI request permission to use in study,8/23/11,19.766666,-156.166666,,,HAWAII,UNITED STATES OF AMERICA,HAWAII,North Pacific,NA,NA,NA,NA,NA,,,,,,,3
132649,ROBIN BAIRD,Donator requested that PI request permission to use in study,8/23/11,19.85,-156.133333,,,HAWAII,UNITED STATES OF AMERICA,HAWAII,North Pacific,NA,NA,NA,NA,NA,,,,,,,2
132650,ROBIN BAIRD,Donator requested that PI request permission to use in study,8/23/11,19.85,-156.133333,,,HAWAII,UNITED STATES OF AMERICA,HAWAII,North Pacific,NA,NA,NA,NA,NA,,,,,,,2
132651,ROBIN BAIRD,Donator requested that PI request permission to use in study,8/23/11,19.85,-156.133333,,,HAWAII,UNITED STATES OF AMERICA,HAWAII,North Pacific,NA,NA,NA,NA,NA,,,,,,,2
132652,ROBIN BAIRD,Donator requested that PI request permission to use in study,8/23/11,19.85,-156.133333,,,HAWAII,UNITED STATES OF AMERICA,HAWAII,North Pacific,NA,NA,NA,NA,NA,,,,,,,2
132653,ROBIN BAIRD,Donator requested that PI request permission to use in study,8/23/11,19.833333,-156.133333,,,HAWAII,UNITED STATES OF AMERICA,HAWAII,North Pacific,NA,NA,NA,NA,NA,,,,,,,2
132654,ROBIN BAIRD,Donator requested that PI request permission to use in study,8/24/11,19.833333,-156.1,,,HAWAII,UNITED STATES OF AMERICA,HAWAII,North Pacific,NA,NA,NA,NA,NA,,,,,,,3
132655,ROBIN BAIRD,Donator requested that PI request permission to use in study,8/24/11,19.833333,-156.1,,,HAWAII,UNITED STATES OF AMERICA,HAWAII,North Pacific,NA,NA,NA,NA,NA,,,,,,,2
132656,ROBIN BAIRD,Donator requested that PI request permission to use in study,8/24/11,19.833333,-156.1,,,HAWAII,UNITED STATES OF AMERICA,HAWAII,North Pacific,NA,NA,NA,NA,NA,,,,,,,2
132657,ROBIN BAIRD,Donator requested that PI request permission to use in study,8/24/11,19.85,-156.1,,,HAWAII,UNITED STATES OF AMERICA,HAWAII,North Pacific,NA,NA,NA,NA,NA,,,,,,,1
132663,ROBIN BAIRD,Donator requested that PI request permission to use in study,8/26/11,19.55,-156.033333,,,HAWAII,UNITED STATES OF AMERICA,HAWAII,North Pacific,NA,NA,NA,NA,NA,,,,,,,3
132664,ROBIN BAIRD,Donator requested that PI request permission to use in study,8/26/11,19.566666,-156.033333,,,HAWAII,UNITED STATES OF AMERICA,HAWAII,North Pacific,NA,NA,NA,NA,NA,,,,,,,2
132665,ROBIN BAIRD,Donator requested that PI request permission to use in study,8/26/11,19.566666,-156.033333,,,HAWAII,UNITED STATES OF AMERICA,HAWAII,North Pacific,NA,NA,NA,NA,NA,,,,,,,3
159610,ROBIN BAIRD,Donator requested that PI request permission to use in study,7/23/14,19.52974,-156.18678,,,HAWAII,UNITED STATES OF AMERICA,HAWAII,North Pacific,NA,NA,NA,NA,NA,,,,,,,2
159611,ROBIN BAIRD,Donator requested that PI request permission to use in study,7/23/14,19.52867,-156.18562,,,HAWAII,UNITED STATES OF AMERICA,HAWAII,North Pacific,NA,NA,NA,NA,NA,,,,,,,1
159612,ROBIN BAIRD,Donator requested that PI request permission to use in study,7/23/14,19.53483,-156.1819,,,HAWAII,UNITED STATES OF AMERICA,HAWAII,North Pacific,NA,NA,NA,NA,NA,,,,,,,2
159617,ROBIN BAIRD,Donator requested that PI request permission to use in study,6/5/15,20.09281,-155.92157,,,HAWAII,UNITED STATES OF AMERICA,HAWAII,North Pacific,NA,NA,NA,NA,NA,,,,,,,3
175253,ERIN OLESON,Donator requested that PI request permission to use in study,7/7/16,22.05564,-159.99892,,Kauai,HAWAII,UNITED STATES OF AMERICA,HAWAII,North Pacific,NA,NA,NA,NA,NA,,,,,,,3
175256,ERIN OLESON,Donator requested that PI request permission to use in study,7/10/16,20.93318,-155.92505,,Maui,HAWAII,UNITED STATES OF AMERICA,HAWAII,North Pacific,NA,NA,NA,NA,NA,,,,,,,3
175287,ERIN OLESON,Donator requested that PI request permission to use in study,7/20/16,20.5855,-157.02168,,Lanai,HAWAII,UNITED STATES OF AMERICA,HAWAII,North Pacific,NA,NA,NA,NA,NA,,,,,,,3
175288,ERIN OLESON,Donator requested that PI request permission to use in study,7/20/16,20.58437,-157.02262,,Lanai,HAWAII,UNITED STATES OF AMERICA,HAWAII,North Pacific,NA,NA,NA,NA,NA,,,,,,,3
175289,ERIN OLESON,Donator requested that PI request permission to use in study,7/20/16,20.58206,-157.0229,,Lanai,HAWAII,UNITED STATES OF AMERICA,HAWAII,North Pacific,NA,NA,NA,NA,NA,,,,,,,3
175290,ERIN OLESON,Donator requested that PI request permission to use in study,7/20/16,20.57931,-157.02626,,Lanai,HAWAII,UNITED STATES OF AMERICA,HAWAII,North Pacific,NA,NA,NA,NA,NA,,,,,,,3
175291,ERIN OLESON,Donator requested that PI request permission to use in study,7/20/16,20.57722,-157.04114,,Lanai,HAWAII,UNITED STATES OF AMERICA,HAWAII,North Pacific,NA,NA,NA,NA,NA,,,,,,,3
175292,ERIN OLESON,Donator requested that PI request permission to use in study,7/20/16,20.57628,-157.04211,,Lanai,HAWAII,UNITED STATES OF AMERICA,HAWAII,North Pacific,NA,NA,NA,NA,NA,,,,,,,3
175875,ROBIN BAIRD,Donator requested that PI request permission to use in study,10/20/16,21.39969,-158.27194,,Oahu,HAWAII,UNITED STATES OF AMERICA,HAWAII,North Pacific,NA,NA,NA,NA,NA,,,,"1,2","NA, 123.23",,2
185609,ROBIN BAIRD,Donator requested that PI request permission to use in study,8/11/17,21.96253,-159.84708,,,HAWAII,UNITED STATES OF AMERICA,HAWAII,North Pacific,NA,NA,NA,NA,NA,,,,"1,2","84.9, NA",,2
195236,ROBIN BAIRD,Donator requested that PI request permission to use in study,8/7/18,21.92205,-159.80684,Kauai,Kauai,HAWAII,UNITED STATES OF AMERICA,HAWAII,North Pacific,NA,NA,NA,NA,NA,,,,,,,3
195237,ROBIN BAIRD,Donator requested that PI request permission to use in study,8/7/18,21.92043,-159.80401,Kauai,Kauai,HAWAII,UNITED STATES OF AMERICA,HAWAII,North Pacific,NA,NA,NA,NA,NA,,,,,,,3
196947,ROBIN BAIRD,Donator requested that PI request permission to use in study,10/5/18,20.11716,-155.93922,Hawaii,Hawaii,HAWAII,UNITED STATES OF AMERICA,HAWAII,North Pacific,NA,NA,NA,NA,NA,,,,,,,"3,3"
196948,ROBIN BAIRD,Donator requested that PI request permission to use in study,10/5/18,20.13242,-155.95609,Hawaii,Hawaii,HAWAII,UNITED STATES OF AMERICA,HAWAII,North Pacific,NA,NA,NA,NA,NA,,,,,,,3
196954,ROBIN BAIRD,Donator requested that PI request permission to use in study,11/12/18,20.06831,-155.93572,Hawaii,Hawaii,HAWAII,UNITED STATES OF AMERICA,HAWAII,North Pacific,NA,NA,NA,NA,NA,,,,,,,3
202053,ROBIN BAIRD,Donator requested that PI request permission to use in study,11/4/19,19.40914,-156.06879,,,HAWAII,UNITED STATES OF AMERICA,HAWAII,North Pacific,NA,NA,NA,NA,NA,,,,,,,3
207784,ROBIN BAIRD,Donator requested that PI request permission to use in study,4/9/20,19.57944,-156.5144,"Hawaii Island, Hawaii, HI, USA",Hawaii,HAWAII,UNITED STATES OF AMERICA,HAWAII,North Pacific,NA,NA,NA,NA,NA,,,,,,,2
211010,ROBIN BAIRD,Donator requested that PI request permission to use in study,8/1/21,22.0038,-159.8894,"Kauai, Kauai, HI, USA",Kauai,HAWAII,UNITED STATES OF AMERICA,HAWAII,North Pacific,NA,NA,NA,NA,NA,,,,,,,3
214429,Marie Hill,Donator requested that PI request permission to use in study,3/5/20,17.7792,-156.1555,"Main Hawaiian Islands-offshore, Hawaii, Hawaii, USA",Hawaii,HAWAII,UNITED STATES OF AMERICA,HAWAII,North Pacific,NA,NA,NA,NA,NA,,,,3,,,3
214430,Marie Hill,Donator requested that PI request permission to use in study,3/5/20,17.7792,-156.1555,"Main Hawaiian Islands-offshore, Hawaii, Hawaii, USA",Hawaii,HAWAII,UNITED STATES OF AMERICA,HAWAII,North Pacific,NA,NA,NA,NA,NA,,,,3,,,3
50887,JAY BARLOW,,9/24/05,19.05,-168.833333,JOHNSTON EEZ,Johnston Atoll,U.S. MINOR OUTLYING ISLANDS,UNITED STATES OF AMERICA,Johnston,North Pacific,50887,MAC050924.03,Johnston,F,6,Y,J2,1,"4,3",,,3
50892,JAY BARLOW,,9/24/05,19.05,-168.833333,JOHNSTON EEZ,Johnston Atoll,U.S. MINOR OUTLYING ISLANDS,UNITED STATES OF AMERICA,Johnston,North Pacific,50892,MAC050924.08,Johnston,F,14,N,J1,1,"2,3",,,3
50889,JAY BARLOW,,9/24/05,19.05,-168.833333,JOHNSTON EEZ,Johnston Atoll,U.S. MINOR OUTLYING ISLANDS,UNITED STATES OF AMERICA,Johnston,North Pacific,50889,MAC050924.05,Johnston,M,7,,J2,2,"2,4,2",,,3
50893,JAY BARLOW,,9/24/05,19.05,-168.833333,JOHNSTON EEZ,Johnston Atoll,U.S. MINOR OUTLYING ISLANDS,UNITED STATES OF AMERICA,Johnston,North Pacific,50893,MAC050924.09,Johnston,F,14,,J1,2,"4,2",,,3
50886,JAY BARLOW,,9/24/05,19.05,-168.833333,JOHNSTON EEZ,Johnston Atoll,U.S. MINOR OUTLYING ISLANDS,UNITED STATES OF AMERICA,Johnston,North Pacific,50886,MAC050924.02,Johnston,M,20,,J2,3,"2,4,1",,,3
50894,JAY BARLOW,,9/24/05,19.05,-168.833333,JOHNSTON EEZ,Johnston Atoll,U.S. MINOR OUTLYING ISLANDS,UNITED STATES OF AMERICA,Johnston,North Pacific,50894,MAC050924.10,Johnston,M,14,,J1,3,"3,2",,,3
50885,JAY BARLOW,,9/24/05,19.05,-168.833333,JOHNSTON EEZ,Johnston Atoll,U.S. MINOR OUTLYING ISLANDS,UNITED STATES OF AMERICA,Johnston,North Pacific,50885,MAC050924.01,Johnston,M,6,,J2,,"2,4,2,1,2",,,3
50888,JAY BARLOW,,9/24/05,19.05,-168.833333,JOHNSTON EEZ,Johnston Atoll,U.S. MINOR OUTLYING ISLANDS,UNITED STATES OF AMERICA,Johnston,North Pacific,50888,MAC050924.04,Johnston,M,2,,J1,,"2,4,2",,,3
50890,JAY BARLOW,,9/24/05,19.05,-168.833333,JOHNSTON EEZ,Johnston Atoll,U.S. MINOR OUTLYING ISLANDS,UNITED STATES OF AMERICA,Johnston,North Pacific,50890,MAC050924.06,Johnston,M,14,,J1,,2,,,1
50891,JAY BARLOW,,9/24/05,19.05,-168.833333,JOHNSTON EEZ,Johnston Atoll,U.S. MINOR OUTLYING ISLANDS,UNITED STATES OF AMERICA,Johnston,North Pacific,50891,MAC050924.07,Johnston,F,14,,J1,,1,,,1
49081,JAY BARLOW,,8/24/05,5.866666,-162.1,,Palmyra Atoll,U.S. MINOR OUTLYING ISLANDS,UNITED STATES OF AMERICA,Palmyra,North Pacific,49081,MAC050824.10,Palmyra,F,2,Y,Palm3,1,"4,4,4,3","0, 1.44, 1.54, 68.63",,"3,3"
74890,ROBERT PITMAN,,8/26/08,5.85,-162.116666,,Palmyra Atoll,U.S. MINOR OUTLYING ISLANDS,UNITED STATES OF AMERICA,Palmyra,North Pacific,74890,RLP10,Palmyra,F,1,Y,Palm2,1,"2,3","7.98, 19.8",,0
102524,ERIN OLESON,Donator requested that PI request permission to use in study,6/12/10,5.9,-162.116666,,Palmyra Atoll,U.S. MINOR OUTLYING ISLANDS,UNITED STATES OF AMERICA,Palmyra,North Pacific,102523,ZEN100612.05b,Palmyra,F,40,N,Palm1,1,4,,,3
49078,JAY BARLOW,,8/24/05,5.866666,-162.1,,Palmyra Atoll,U.S. MINOR OUTLYING ISLANDS,UNITED STATES OF AMERICA,Palmyra,North Pacific,49078,MAC050824.07,Palmyra,F,17,,Palm2,2,"3,4,3","0, 0.91, 94.69",,3
74889,ROBERT PITMAN,,8/26/08,5.85,-162.116666,,Palmyra Atoll,U.S. MINOR OUTLYING ISLANDS,UNITED STATES OF AMERICA,Palmyra,North Pacific,74889,RLP9,Palmyra,F,2,,Palm3,2,3,,,3
102525,ERIN OLESON,Donator requested that PI request permission to use in study,6/12/10,5.9,-162.116666,,Palmyra Atoll,U.S. MINOR OUTLYING ISLANDS,UNITED STATES OF AMERICA,Palmyra,North Pacific,102525,ZEN100612.06b,Palmyra,M,40,,Palm1,2,"1,3",,,3
49079,JAY BARLOW,,8/24/05,5.866666,-162.1,,Palmyra Atoll,U.S. MINOR OUTLYING ISLANDS,UNITED STATES OF AMERICA,Palmyra,North Pacific,49079,MAC050824.08,Palmyra,F,17,,Palm2,3,"2,4",,,3
74899,ROBERT PITMAN,,9/3/08,5.916666,-162.15,,Palmyra Atoll,U.S. MINOR OUTLYING ISLANDS,UNITED STATES OF AMERICA,Palmyra,North Pacific,74899,RLP19,Palmyra,F,2,,Palm3,3,3,,,2
102532,ERIN OLESON,Donator requested that PI request permission to use in study,6/14/10,5.9,-162.05,,Palmyra Atoll,U.S. MINOR OUTLYING ISLANDS,UNITED STATES OF AMERICA,Palmyra,North Pacific,102532,ZEN100614.04b,Palmyra,F,40,,Palm1,3,"1,2","0, 193.89",,3
49072,JAY BARLOW,,8/24/05,5.866666,-162.1,,Palmyra Atoll,U.S. MINOR OUTLYING ISLANDS,UNITED STATES OF AMERICA,Palmyra,North Pacific,49072,MAC050824.01,Palmyra,F,2,,,,"4,4,4",,,3
49073,JAY BARLOW,,8/24/05,5.866666,-162.1,,Palmyra Atoll,U.S. MINOR OUTLYING ISLANDS,UNITED STATES OF AMERICA,Palmyra,North Pacific,49073,MAC050824.02,Palmyra,F,17,,Palm2,,"1,4",,,3
49074,JAY BARLOW,,8/24/05,5.866666,-162.1,,Palmyra Atoll,U.S. MINOR OUTLYING ISLANDS,UNITED STATES OF AMERICA,Palmyra,North Pacific,49074,MAC050824.03,Palmyra,M,1,,,,"4,2",,,3
49075,JAY BARLOW,,8/24/05,5.866666,-162.1,,Palmyra Atoll,U.S. MINOR OUTLYING ISLANDS,UNITED STATES OF AMERICA,Palmyra,North Pacific,49075,MAC050824.04,Palmyra,F,1,,,,"4,3",,,3
49076,JAY BARLOW,,8/24/05,5.866666,-162.1,,Palmyra Atoll,U.S. MINOR OUTLYING ISLANDS,UNITED STATES OF AMERICA,Palmyra,North Pacific,49076,MAC050824.05,Palmyra,M,18,,,,"2,2,2","0, 2.68, 2.68",,3
49077,JAY BARLOW,,8/24/05,5.866666,-162.1,,Palmyra Atoll,U.S. MINOR OUTLYING ISLANDS,UNITED STATES OF AMERICA,Palmyra,North Pacific,49077,MAC050824.06,Palmyra,F,2,,,,"4,4",,,3
49080,JAY BARLOW,,8/24/05,5.866666,-162.1,,Palmyra Atoll,U.S. MINOR OUTLYING ISLANDS,UNITED STATES OF AMERICA,Palmyra,North Pacific,49080,MAC050824.09,Palmyra,F,2,,,,"3,4",,,2
49082,JAY BARLOW,,8/24/05,5.866666,-162.1,,Palmyra Atoll,U.S. MINOR OUTLYING ISLANDS,UNITED STATES OF AMERICA,Palmyra,North Pacific,49082,MAC050824.11,Palmyra,F,19,,,,"3,4,2","0, 5.03, 112.64",,3
74881,ROBERT PITMAN,,8/25/08,5.9,-162.1,,Palmyra Atoll,U.S. MINOR OUTLYING ISLANDS,UNITED STATES OF AMERICA,Palmyra,North Pacific,74881,RLP1,Palmyra,M,1,,,,1,,,3
74882,ROBERT PITMAN,,8/25/08,5.9,-162.1,,Palmyra Atoll,U.S. MINOR OUTLYING ISLANDS,UNITED STATES OF AMERICA,Palmyra,North Pacific,74882,RLP2,Palmyra,F,19,,,,3,,,2
74883,ROBERT PITMAN,,8/25/08,5.9,-162.1,,Palmyra Atoll,U.S. MINOR OUTLYING ISLANDS,UNITED STATES OF AMERICA,Palmyra,North Pacific,74883,RLP3,Palmyra,F,21,,,,3,,,2
74884,ROBERT PITMAN,,8/25/08,5.9,-162.1,,Palmyra Atoll,U.S. MINOR OUTLYING ISLANDS,UNITED STATES OF AMERICA,Palmyra,North Pacific,74884,RLP4,Palmyra,F,22,,,,"2,2","13.2, 119.63",,2
74885,ROBERT PITMAN,,8/25/08,5.9,-162.1,,Palmyra Atoll,U.S. MINOR OUTLYING ISLANDS,UNITED STATES OF AMERICA,Palmyra,North Pacific,74885,RLP5,Palmyra,F,1,,,,"4,3,4,3",,,3
74886,ROBERT PITMAN,,8/26/08,5.85,-162.116666,,Palmyra Atoll,U.S. MINOR OUTLYING ISLANDS,UNITED STATES OF AMERICA,Palmyra,North Pacific,74886,RLP6,Palmyra,M,23,,,,3,,,2
74887,ROBERT PITMAN,,8/26/08,5.85,-162.116666,,Palmyra Atoll,U.S. MINOR OUTLYING ISLANDS,UNITED STATES OF AMERICA,Palmyra,North Pacific,74887,RLP7,Palmyra,M,18,,,,3,,,2
74888,ROBERT PITMAN,,8/26/08,5.85,-162.116666,,Palmyra Atoll,U.S. MINOR OUTLYING ISLANDS,UNITED STATES OF AMERICA,Palmyra,North Pacific,74888,RLP8,Palmyra,F,24,,Palm3,,1,23.23,,3
74895,ROBERT PITMAN,,9/3/08,5.916666,-162.15,,Palmyra Atoll,U.S. MINOR OUTLYING ISLANDS,UNITED STATES OF AMERICA,Palmyra,North Pacific,74895,RLP15,Palmyra,F,25,,,,2,,,3
74896,ROBERT PITMAN,,9/3/08,5.916666,-162.15,,Palmyra Atoll,U.S. MINOR OUTLYING ISLANDS,UNITED STATES OF AMERICA,Palmyra,North Pacific,74896,RLP16,Palmyra,F,25,,,,2,,,3
74897,ROBERT PITMAN,,9/3/08,5.916666,-162.15,,Palmyra Atoll,U.S. MINOR OUTLYING ISLANDS,UNITED STATES OF AMERICA,Palmyra,North Pacific,74897,RLP17,Palmyra,M,26,,Palm2,,2,,,2
74898,ROBERT PITMAN,,9/3/08,5.916666,-162.15,,Palmyra Atoll,U.S. MINOR OUTLYING ISLANDS,UNITED STATES OF AMERICA,Palmyra,North Pacific,74898,RLP18,Palmyra,M,2,,,,2,,,2
74902,ROBERT PITMAN,,9/9/08,5.9,-162.083333,,Palmyra Atoll,U.S. MINOR OUTLYING ISLANDS,UNITED STATES OF AMERICA,Palmyra,North Pacific,74902,RLP22,Palmyra,F,27,,Palm2,,"2,3",,,3
74903,ROBERT PITMAN,,9/9/08,5.9,-162.083333,,Palmyra Atoll,U.S. MINOR OUTLYING ISLANDS,UNITED STATES OF AMERICA,Palmyra,North Pacific,74903,RLP23,Palmyra,F,2,,,,"3,2",,,3
74904,ROBERT PITMAN,,9/9/08,5.9,-162.083333,,Palmyra Atoll,U.S. MINOR OUTLYING ISLANDS,UNITED STATES OF AMERICA,Palmyra,North Pacific,74904,RLP24,Palmyra,F,14,,Palm3,,3,,,3
74905,ROBERT PITMAN,,9/9/08,5.9,-162.083333,,Palmyra Atoll,U.S. MINOR OUTLYING ISLANDS,UNITED STATES OF AMERICA,Palmyra,North Pacific,74905,RLP25,Palmyra,F,1,,,,"3,3",,,3
74906,ROBERT PITMAN,,9/9/08,5.9,-162.083333,,Palmyra Atoll,U.S. MINOR OUTLYING ISLANDS,UNITED STATES OF AMERICA,Palmyra,North Pacific,74906,RLP26,Palmyra,F,27,,Palm2,,"3,1,3,2",,,2
102501,ERIN OLESON,Donator requested that PI request permission to use in study,6/3/10,5.533333,-162.016666,,Palmyra Atoll,U.S. MINOR OUTLYING ISLANDS,UNITED STATES OF AMERICA,Palmyra,North Pacific,102501,ZEN100603.01b,Palmyra,F,40,,Palm1,,"2,3",,,3
102515,ERIN OLESON,Donator requested that PI request permission to use in study,6/11/10,5.9,-162.116666,,Palmyra Atoll,U.S. MINOR OUTLYING ISLANDS,UNITED STATES OF AMERICA,Palmyra,North Pacific,74905,ZEN100611.01b,Palmyra,F,1,,,,2,,,3
102516,ERIN OLESON,Donator requested that PI request permission to use in study,6/11/10,5.9,-162.116666,,Palmyra Atoll,U.S. MINOR OUTLYING ISLANDS,UNITED STATES OF AMERICA,Palmyra,North Pacific,74905,ZEN100611.02b,Palmyra,F,1,,,,3,,,3
102517,ERIN OLESON,Donator requested that PI request permission to use in study,6/11/10,5.9,-162.116666,,Palmyra Atoll,U.S. MINOR OUTLYING ISLANDS,UNITED STATES OF AMERICA,Palmyra,North Pacific,102517,ZEN100611.03b,Palmyra,F,2,,,,"3,3",,,3
102518,ERIN OLESON,Donator requested that PI request permission to use in study,6/11/10,5.9,-162.116666,,Palmyra Atoll,U.S. MINOR OUTLYING ISLANDS,UNITED STATES OF AMERICA,Palmyra,North Pacific,102518,ZEN100611.04b,Palmyra,M,1,,,,"3,3",,,3
102519,ERIN OLESON,Donator requested that PI request permission to use in study,6/11/10,5.9,-162.116666,,Palmyra Atoll,U.S. MINOR OUTLYING ISLANDS,UNITED STATES OF AMERICA,Palmyra,North Pacific,102519,ZEN100611.05b,Palmyra,M,1,,,,"2,2",,,3
102521,ERIN OLESON,Donator requested that PI request permission to use in study,6/12/10,5.9,-162.116666,,Palmyra Atoll,U.S. MINOR OUTLYING ISLANDS,UNITED STATES OF AMERICA,Palmyra,North Pacific,102521,ZEN100612.02b,Palmyra,F,40,,Palm1,,2,,,3
102522,ERIN OLESON,Donator requested that PI request permission to use in study,6/12/10,5.9,-162.116666,,Palmyra Atoll,U.S. MINOR OUTLYING ISLANDS,UNITED STATES OF AMERICA,Palmyra,North Pacific,102522,ZEN100612.03b,Palmyra,F,1,,,,"1,2",,,3
102523,ERIN OLESON,Donator requested that PI request permission to use in study,6/12/10,5.9,-162.116666,,Palmyra Atoll,U.S. MINOR OUTLYING ISLANDS,UNITED STATES OF AMERICA,Palmyra,North Pacific,102523,ZEN100612.04b,Palmyra,F,40,,Palm1,,"3,3",,,3
102529,ERIN OLESON,Donator requested that PI request permission to use in study,6/14/10,5.9,-162.033333,,Palmyra Atoll,U.S. MINOR OUTLYING ISLANDS,UNITED STATES OF AMERICA,Palmyra,North Pacific,102518,ZEN100614.01b,Palmyra,M,1,,,,3,,,3
102531,ERIN OLESON,Donator requested that PI request permission to use in study,6/14/10,5.9,-162.05,,Palmyra Atoll,U.S. MINOR OUTLYING ISLANDS,UNITED STATES OF AMERICA,Palmyra,North Pacific,102531,ZEN100614.03b,Palmyra,F,2,,,,"3,2",,,3
102533,ERIN OLESON,Donator requested that PI request permission to use in study,6/14/10,5.9,-162.05,,Palmyra Atoll,U.S. MINOR OUTLYING ISLANDS,UNITED STATES OF AMERICA,Palmyra,North Pacific,102533,ZEN100614.05b,Palmyra,F,40,,Palm1,,"2,3",,,3
102534,ERIN OLESON,Donator requested that PI request permission to use in study,6/14/10,5.9,-162.05,,Palmyra Atoll,U.S. MINOR OUTLYING ISLANDS,UNITED STATES OF AMERICA,Palmyra,North Pacific,102534,ZEN100614.06b,Palmyra,F,1,,,,"2,2",,,3
102535,ERIN OLESON,Donator requested that PI request permission to use in study,6/14/10,5.916666,-162.05,,Palmyra Atoll,U.S. MINOR OUTLYING ISLANDS,UNITED STATES OF AMERICA,Palmyra,North Pacific,102535,ZEN100614.07b,Palmyra,M,1,,,,"3,2",,,3
102556,ERIN OLESON,Donator requested that PI request permission to use in study,6/20/10,5.933333,-162.05,,Palmyra Atoll,U.S. MINOR OUTLYING ISLANDS,UNITED STATES OF AMERICA,Palmyra,North Pacific,102556,ZEN100620.09b,Palmyra,F,1,,,,2,,,3
102557,ERIN OLESON,Donator requested that PI request permission to use in study,6/20/10,5.866666,-162.116666,,Palmyra Atoll,U.S. MINOR OUTLYING ISLANDS,UNITED STATES OF AMERICA,Palmyra,North Pacific,102557,ZEN100620.10b,Palmyra,F,1,,,,2,,,3
104014,ERIN OLESON,Donator requested that PI request permission to use in study,5/3/11,5.866666,-162.066666,,Palmyra Atoll,U.S. MINOR OUTLYING ISLANDS,UNITED STATES OF AMERICA,Palmyra,North Pacific,104014,ZEN110503.01,Palmyra,F,14,,Palm3,,"0,0,4",,,3
104015,ERIN OLESON,Donator requested that PI request permission to use in study,5/3/11,5.866666,-162.083333,,Palmyra Atoll,U.S. MINOR OUTLYING ISLANDS,UNITED STATES OF AMERICA,Palmyra,North Pacific,104015,ZEN110503.02,Palmyra,F,25,,,,"0,0,2",,,3
104016,ERIN OLESON,Donator requested that PI request permission to use in study,5/3/11,5.866666,-162.083333,,Palmyra Atoll,U.S. MINOR OUTLYING ISLANDS,UNITED STATES OF AMERICA,Palmyra,North Pacific,104016,ZEN110503.03,Palmyra,F,2,,,,"0,0,4",,,3
104017,ERIN OLESON,Donator requested that PI request permission to use in study,5/3/11,5.866666,-162.083333,,Palmyra Atoll,U.S. MINOR OUTLYING ISLANDS,UNITED STATES OF AMERICA,Palmyra,North Pacific,104017,ZEN110503.04,Palmyra,F,2,,,,"0,0,3",,,3
104018,ERIN OLESON,Donator requested that PI request permission to use in study,5/3/11,5.866666,-162.083333,,Palmyra Atoll,U.S. MINOR OUTLYING ISLANDS,UNITED STATES OF AMERICA,Palmyra,North Pacific,104018,ZEN110503.05,Palmyra,F,36,,,,"0,0,4,3",,,3
104019,ERIN OLESON,Donator requested that PI request permission to use in study,5/3/11,5.866666,-162.083333,,Palmyra Atoll,U.S. MINOR OUTLYING ISLANDS,UNITED STATES OF AMERICA,Palmyra,North Pacific,49081,ZEN110503.06,Palmyra,F,2,,,,"0,0,4",,,3
108146,ERIN OLESON,Donator requested that PI request permission to use in study,5/8/12,6.366666,-162.35,,Palmyra Atoll,U.S. MINOR OUTLYING ISLANDS,UNITED STATES OF AMERICA,Palmyra,North Pacific,108146,OES120508.01,Palmyra,F,1,,,,2,,,3
108147,ERIN OLESON,Donator requested that PI request permission to use in study,5/8/12,6.366666,-162.35,,Palmyra Atoll,U.S. MINOR OUTLYING ISLANDS,UNITED STATES OF AMERICA,Palmyra,North Pacific,108147,OES120508.02,Palmyra,F,27,,Palm2,,2,,,3
108148,ERIN OLESON,Donator requested that PI request permission to use in study,5/8/12,6.366666,-162.35,,Palmyra Atoll,U.S. MINOR OUTLYING ISLANDS,UNITED STATES OF AMERICA,Palmyra,North Pacific,108148,OES120508.03,Palmyra,F,44,,,,1,62.8,,3
108149,ERIN OLESON,Donator requested that PI request permission to use in study,5/8/12,6.366666,-162.35,,Palmyra Atoll,U.S. MINOR OUTLYING ISLANDS,UNITED STATES OF AMERICA,Palmyra,North Pacific,108149,OES120508.04,Palmyra,F,1,,,,1,,,3
108150,ERIN OLESON,Donator requested that PI request permission to use in study,5/8/12,6.366666,-162.35,,Palmyra Atoll,U.S. MINOR OUTLYING ISLANDS,UNITED STATES OF AMERICA,Palmyra,North Pacific,108150,OES120508.05,Palmyra,F,44,,,,2,,,3
108151,ERIN OLESON,Donator requested that PI request permission to use in study,5/8/12,6.366666,-162.35,,Palmyra Atoll,U.S. MINOR OUTLYING ISLANDS,UNITED STATES OF AMERICA,Palmyra,North Pacific,108151,OES120508.06,Palmyra,M,45,,,,1,68.45,,3
108152,ERIN OLESON,Donator requested that PI request permission to use in study,5/8/12,6.366666,-162.35,,Palmyra Atoll,U.S. MINOR OUTLYING ISLANDS,UNITED STATES OF AMERICA,Palmyra,North Pacific,108152,OES120508.07,Palmyra,F,39,,,,1,,,3
108154,ERIN OLESON,Donator requested that PI request permission to use in study,5/8/12,6.366666,-162.35,,Palmyra Atoll,U.S. MINOR OUTLYING ISLANDS,UNITED STATES OF AMERICA,Palmyra,North Pacific,108154,OES120508.09,Palmyra,F,27,,Palm2,,2,,,3
108155,ERIN OLESON,Donator requested that PI request permission to use in study,5/8/12,6.366666,-162.35,,Palmyra Atoll,U.S. MINOR OUTLYING ISLANDS,UNITED STATES OF AMERICA,Palmyra,North Pacific,108155,OES120508.10,Palmyra,F,2,,,,1,,,3
214434,Marie Hill,Donator requested that PI request permission to use in study,6/1/22,5.8587,-162.0779,"Palmyra Atoll, Palmyra, USA",Palmyra Atoll,U.S. MINOR OUTLYING ISLANDS,UNITED STATES OF AMERICA,Palmyra,North Pacific,NA,NA,NA,NA,NA,,,,,,,3
214435,Marie Hill,Donator requested that PI request permission to use in study,6/1/22,5.8569,-162.0817,"Palmyra Atoll, Palmyra, USA",Palmyra Atoll,U.S. MINOR OUTLYING ISLANDS,UNITED STATES OF AMERICA,Palmyra,North Pacific,NA,NA,NA,NA,NA,,,,,,,3
214436,Marie Hill,Donator requested that PI request permission to use in study,6/1/22,5.8574,-162.0821,"Palmyra Atoll, Palmyra, USA",Palmyra Atoll,U.S. MINOR OUTLYING ISLANDS,UNITED STATES OF AMERICA,Palmyra,North Pacific,NA,NA,NA,NA,NA,,,,,,,3
214437,Marie Hill,Donator requested that PI request permission to use in study,6/1/22,5.8581,-162.0848,"Palmyra Atoll, Palmyra, USA",Palmyra Atoll,U.S. MINOR OUTLYING ISLANDS,UNITED STATES OF AMERICA,Palmyra,North Pacific,NA,NA,NA,NA,NA,,,,,,,3
214438,Marie Hill,Donator requested that PI request permission to use in study,6/1/22,5.8583,-162.0914,"Palmyra Atoll, Palmyra, USA",Palmyra Atoll,U.S. MINOR OUTLYING ISLANDS,UNITED STATES OF AMERICA,Palmyra,North Pacific,NA,NA,NA,NA,NA,,,,,,,3
103997,EDNA SABATER,Donator requested that PI request permission to use in study,3/7/11,NA,NA,Dumaguete,Negros,,PHILIPPINES,PHILIPPINES,North Pacific,NA,NA,NA,NA,NA,,,,"0,0",,,"0,0"
125681,EDNA SABATER,Donator requested that PI request permission to use in study,4/20/09,NA,NA,Dumaguete,Negros,,PHILIPPINES,PHILIPPINES,North Pacific,NA,NA,NA,NA,NA,,,,"0,0,0,0,0,0",,,"0,0,0,0,0,3,3,3"
125682,EDNA SABATER,Donator requested that PI request permission to use in study,2/18/09,NA,NA,Dumaguete,Negros,,PHILIPPINES,PHILIPPINES,North Pacific,NA,NA,NA,NA,NA,,,,"0,0,0,0,0,0",,,"0,0,0,0,3"
136822,EDNA SABATER,Donator requested that PI request permission to use in study,3/7/11,NA,NA,"DUMAGUETE, BANILAD",,,PHILIPPINES,PHILIPPINES,North Pacific,NA,NA,NA,NA,NA,,,,,,,"3,3,3,3"
9831,MANUEL FURTADO NETO,,5/24/94,-3,-39,PECEM BEACH,,,BRAZIL,BRAZIL,South Atlantic,9831,PE1,Brazil,M,31,"N, no subs",Brazil,1,"4,2,1",,,3
116531,MARC OREMUS,Donator requested that PI request permission to use in study,4/4/12,-9.974799,-138.820005,,Iles Marquises,,FRENCH POLYNESIA,FRENCH POLYNESIA,South Pacific,NA,NA,NA,NA,NA,Y,FP1,1,3,,,0
116536,MARC OREMUS,Donator requested that PI request permission to use in study,4/9/12,-8.90854,-139.478895,,Iles Marquises,,FRENCH POLYNESIA,FRENCH POLYNESIA,South Pacific,NA,NA,NA,NA,NA,Y,FP2,1,3,,,0
116541,MARC OREMUS,Donator requested that PI request permission to use in study,4/12/12,-9.372377,-140.020639,,Iles Marquises,,FRENCH POLYNESIA,FRENCH POLYNESIA,South Pacific,NA,NA,NA,NA,NA,,FP1,2,3,,,0
116549,MARC OREMUS,Donator requested that PI request permission to use in study,4/17/12,-8.915459,-140.005762,,Iles Marquises,,FRENCH POLYNESIA,FRENCH POLYNESIA,South Pacific,NA,NA,NA,NA,NA,,FP2,2,3,,,0
116546,MARC OREMUS,Donator requested that PI request permission to use in study,4/15/12,-9.266014,-140.100599,,Iles Marquises,,FRENCH POLYNESIA,FRENCH POLYNESIA,South Pacific,NA,NA,NA,NA,NA,,FP1,3,3,,,0
116550,MARC OREMUS,Donator requested that PI request permission to use in study,4/17/12,-8.90991,-140.006296,,Iles Marquises,,FRENCH POLYNESIA,FRENCH POLYNESIA,South Pacific,NA,NA,NA,NA,NA,,FP2,3,3,,,0
116529,MARC OREMUS,Donator requested that PI request permission to use in study,4/4/12,-9.975533,-138.81967,,Iles Marquises,,FRENCH POLYNESIA,FRENCH POLYNESIA,South Pacific,NA,NA,NA,NA,NA,,FP1,,3,,,0
116530,MARC OREMUS,Donator requested that PI request permission to use in study,4/4/12,NA,NA,,Iles Marquises,,FRENCH POLYNESIA,FRENCH POLYNESIA,South Pacific,NA,NA,NA,NA,NA,,FP1,,3,,,0
116532,MARC OREMUS,Donator requested that PI request permission to use in study,4/4/12,-9.977237,-138.819712,,Iles Marquises,,FRENCH POLYNESIA,FRENCH POLYNESIA,South Pacific,NA,NA,NA,NA,NA,,FP1,,3,,,0
116533,MARC OREMUS,Donator requested that PI request permission to use in study,4/4/12,-9.97898,-138.819103,,Iles Marquises,,FRENCH POLYNESIA,FRENCH POLYNESIA,South Pacific,NA,NA,NA,NA,NA,,FP1,,3,,,0
116534,MARC OREMUS,Donator requested that PI request permission to use in study,4/4/12,-9.978467,-138.819282,,Iles Marquises,,FRENCH POLYNESIA,FRENCH POLYNESIA,South Pacific,NA,NA,NA,NA,NA,,FP1,,3,,,0
116535,MARC OREMUS,Donator requested that PI request permission to use in study,4/4/12,NA,NA,,Iles Marquises,,FRENCH POLYNESIA,FRENCH POLYNESIA,South Pacific,NA,NA,NA,NA,NA,,FP1,,3,,,0
116537,MARC OREMUS,Donator requested that PI request permission to use in study,4/9/12,-8.908636,-139.480535,,Iles Marquises,,FRENCH POLYNESIA,FRENCH POLYNESIA,South Pacific,NA,NA,NA,NA,NA,,FP2,,3,,,0
116538,MARC OREMUS,Donator requested that PI request permission to use in study,4/9/12,-8.910169,-139.480802,,Iles Marquises,,FRENCH POLYNESIA,FRENCH POLYNESIA,South Pacific,NA,NA,NA,NA,NA,,FP2,,3,,,0
116539,MARC OREMUS,Donator requested that PI request permission to use in study,4/9/12,-8.908666,-139.481981,,Iles Marquises,,FRENCH POLYNESIA,FRENCH POLYNESIA,South Pacific,NA,NA,NA,NA,NA,,FP2,,3,,,0
116540,MARC OREMUS,Donator requested that PI request permission to use in study,4/12/12,-9.372071,-140.020481,,Iles Marquises,,FRENCH POLYNESIA,FRENCH POLYNESIA,South Pacific,NA,NA,NA,NA,NA,,FP1,,3,,,0
116542,MARC OREMUS,Donator requested that PI request permission to use in study,4/12/12,-9.372477,-140.020554,,Iles Marquises,,FRENCH POLYNESIA,FRENCH POLYNESIA,South Pacific,NA,NA,NA,NA,NA,,FP1,,3,,,0
116543,MARC OREMUS,Donator requested that PI request permission to use in study,4/12/12,-9.373581,-140.02034,,Iles Marquises,,FRENCH POLYNESIA,FRENCH POLYNESIA,South Pacific,NA,NA,NA,NA,NA,,FP1,,3,,,0
116544,MARC OREMUS,Donator requested that PI request permission to use in study,4/12/12,-9.373857,-140.020576,,Iles Marquises,,FRENCH POLYNESIA,FRENCH POLYNESIA,South Pacific,NA,NA,NA,NA,NA,,FP1,,3,,,0
116545,MARC OREMUS,Donator requested that PI request permission to use in study,4/12/12,-9.372173,-140.020639,,Iles Marquises,,FRENCH POLYNESIA,FRENCH POLYNESIA,South Pacific,NA,NA,NA,NA,NA,,FP1,,3,,,0
116547,MARC OREMUS,Donator requested that PI request permission to use in study,4/17/12,-8.913372,-140.006258,,Iles Marquises,,FRENCH POLYNESIA,FRENCH POLYNESIA,South Pacific,NA,NA,NA,NA,NA,,FP2,,3,,,0
116548,MARC OREMUS,Donator requested that PI request permission to use in study,4/17/12,-8.915669,-140.005347,,Iles Marquises,,FRENCH POLYNESIA,FRENCH POLYNESIA,South Pacific,NA,NA,NA,NA,NA,,FP2,,3,,,0
116551,MARC OREMUS,Donator requested that PI request permission to use in study,4/17/12,-8.909642,-140.006008,,Iles Marquises,,FRENCH POLYNESIA,FRENCH POLYNESIA,South Pacific,NA,NA,NA,NA,NA,,FP2,,3,,,0
116552,MARC OREMUS,Donator requested that PI request permission to use in study,4/17/12,-8.911827,-140.00658,,Iles Marquises,,FRENCH POLYNESIA,FRENCH POLYNESIA,South Pacific,NA,NA,NA,NA,NA,,FP2,,3,,,0
116553,MARC OREMUS,Donator requested that PI request permission to use in study,4/17/12,-8.913385,-140.007358,,Iles Marquises,,FRENCH POLYNESIA,FRENCH POLYNESIA,South Pacific,NA,NA,NA,NA,NA,,FP2,,3,,,0
116554,MARC OREMUS,Donator requested that PI request permission to use in study,4/17/12,-8.917536,-140.004089,,Iles Marquises,,FRENCH POLYNESIA,FRENCH POLYNESIA,South Pacific,NA,NA,NA,NA,NA,,FP2,,3,,,0
116555,MARC OREMUS,Donator requested that PI request permission to use in study,4/17/12,-8.912554,-140.004051,,Iles Marquises,,FRENCH POLYNESIA,FRENCH POLYNESIA,South Pacific,NA,NA,NA,NA,NA,,FP2,,3,,,0
116556,MARC OREMUS,Donator requested that PI request permission to use in study,4/17/12,-8.91248,-140.004502,,Iles Marquises,,FRENCH POLYNESIA,FRENCH POLYNESIA,South Pacific,NA,NA,NA,NA,NA,,FP2,,3,,,0
116557,MARC OREMUS,Donator requested that PI request permission to use in study,4/17/12,-8.91801,-140.007558,,Iles Marquises,,FRENCH POLYNESIA,FRENCH POLYNESIA,South Pacific,NA,NA,NA,NA,NA,,FP2,,3,,,0
92210,MARC OREMUS,Donator requested that PI request permission to use in study,9/15/03,-17.45,-149.933333,MOOREA,MOOREA,,NEW ZEALAND,NEW ZEALAND,South Pacific,92210,Pel03FP02,Spac,F,36,N,Moor1,1,2,,,0
92215,MARC OREMUS,Donator requested that PI request permission to use in study,??/??/2007,NA,NA,,,,NEW ZEALAND,NEW ZEALAND,South Pacific,92215,Pel01,Spac,M,39,N,Moor2,1,3,,,0
92209,MARC OREMUS,Donator requested that PI request permission to use in study,9/15/03,-17.45,-149.933333,MOOREA,MOOREA,,NEW ZEALAND,NEW ZEALAND,South Pacific,92209,Pel03FP01,Spac,F,35,,Moor2,2,3,,,0
92211,MARC OREMUS,Donator requested that PI request permission to use in study,9/15/03,-17.45,-149.933333,MOOREA,MOOREA,,NEW ZEALAND,NEW ZEALAND,South Pacific,92211,Pel03FP03,Spac,M,37,,Moor1,2,2,,,0
92212,MARC OREMUS,Donator requested that PI request permission to use in study,9/15/03,-17.45,-149.933333,MOOREA,MOOREA,,NEW ZEALAND,NEW ZEALAND,South Pacific,92212,Pel03FP04,Spac,F,36,,Moor1,3,2,,,0
92213,MARC OREMUS,Donator requested that PI request permission to use in study,9/15/03,-17.45,-149.933333,MOOREA,MOOREA,,NEW ZEALAND,NEW ZEALAND,South Pacific,92213,Pel03FP05,Spac,M,36,,Moor1,,2,,,0
92214,MARC OREMUS,Donator requested that PI request permission to use in study,??/??/2000,NA,NA,,,,NEW ZEALAND,NEW ZEALAND,South Pacific,92214,Pel00FP01,Spac,M,38,,Moor1,,2,,,0