"LABID","Duplicates","Flags","FIELDID","Animal_ID","Stage_Class","Cruise","Platform","Shipper","Shipper_Organization","Shipped_Date","Received_Date","Collection_Method","Contact_ID","CONTACT_NAME","Organization_ID","Organization","Collector","Collector_Organization","Acknowledgement","Label","LAB","Species_ID","SpCode","SpType","Species_Type","SpName","Genus","Species","CommonName","SubSpecies","Species_Determ_List","USE","Restrict_Description","Date_Collected","YR","MO","DA","Location","City","Island","County","State","Country","Latitude","Latitude_Precision","Latitude_Precision_Unit","Longitude","Longitude_Precision","Longitude_Precision_Unit","OBasin","Ocean_Basin","SEX","Gender_Determination","ACCESSIONDATE","Repository_Numbers","COMMENTS","Record_Creation_Date","Edit_User","Edit_Date"
2605,,,"WFP0758/SUML0054",183999,,,,,,,,"BYCATCH",733,"WILLIAM PERRIN",502,"SILLIMAN UNIVERSITY, MARINE LABORATORY C/O SWFSC",,,"Drs. M.L.L. Dolar and W.F. Perrin",,"WFP",32,"032","C","CETACEA","F att","Feresa","attenuata","Pygmy killer whale",,,"N",,"04/21/1994",1994,4,21,,,,,,"PHILIPPINES",,,,,,,1,"North Pacific","F","Molecular determination: ZFX/ZFY 5' exonuclease qPCR assay developed at SWFSC.",,,"worked first try, no dilution",5/31/2012 15:58:40,"Alaina.Harmon",4/10/2024 15:00:35
3944,,,"S-94-FA-40",185324,,,,,,,,"STRANDING",516,"Gretchen Lovewell",416,"MOTE MARINE LAB",,,,,"ARC",32,"032","C","CETACEA","F att","Feresa","attenuata","Pygmy killer whale",,,"N",,"12/18/1994",1994,12,18,"S CRESCENT BEACH, MATANZAS INLET",,,,"FLORIDA","UNITED STATES OF AMERICA",29.666666,1,"Minute",-81.25,1,"Minute",2,"North Atlantic","M","Molecular determination: ZFX/ZFY 5' exonuclease qPCR assay developed at SWFSC.",,,"Gretchen is the new contact (after Nelio Barros) for Mote Marine Lab's stranding samples.",5/31/2012 15:59:01,"dan.prosperi",6/8/2022 7:21:53
5747,,,"ZZZ0039",186747,,,,,,,,"STRANDING",607,"LOUELLA DOLAR",501,"SILLIMAN UNIVERSITY, MARINE LABORATORY",,,"Drs. M.L.L. Dolar and W.F. Perrin",,"WFP",32,"032","C","CETACEA","F att","Feresa","attenuata","Pygmy killer whale",,,"Y","Donator requested that PI request permission to use in study","06/19/1996",1996,6,19,,,,,,"PHILIPPINES",,,,,,,1,"North Pacific","M","Molecular determination: ZFX/ZFY 5' exonuclease qPCR assay developed at SWFSC.",,,,5/31/2012 15:59:33,"dan.prosperi",6/23/2022 15:39:29
5749,,,"ZZZ0041",186749,,,,,,,,"STRANDING",607,"LOUELLA DOLAR",501,"SILLIMAN UNIVERSITY, MARINE LABORATORY",,,"Drs. M.L.L. Dolar and W.F. Perrin",,"WFP",32,"032","C","CETACEA","F att","Feresa","attenuata","Pygmy killer whale",,,"Y","Donator requested that PI request permission to use in study","06/19/1996",1996,6,19,,,,,,"PHILIPPINES",,,,,,,1,"North Pacific","F","Molecular determination: ZFX/ZFY 5' exonuclease qPCR assay developed at SWFSC.",,,"Species changed from Pele per Dloop sequence, Martien",5/31/2012 15:59:33,"dan.prosperi",6/23/2022 15:39:29
9549,,,"TN9702",189473,,,,,,,,"STRANDING",600,"Lien-Siang Chou",431,"NATIONAL TAIWAN UNIVERSITY",,,"Dr. Lien Siang-Chou, National Taiwan University, Taipei, Taiwan",,"SJC",32,"032","C","CETACEA","F att","Feresa","attenuata","Pygmy killer whale",,,"N",,"??/??/????",,,,,,,,,"TAIWAN, PROVINCE OF CHINA",,,,,,,1,"North Pacific","M","Molecular determination: ZFX/ZFY 5' exonuclease qPCR assay developed at SWFSC.",,,"Source was recorded as ""STRAND-TAIWAN-CHOU""",5/31/2012 16:00:36,"dan.prosperi",6/24/2022 7:18:03
9550,,,"TN9704",189474,,,,,,,,"STRANDING",600,"Lien-Siang Chou",431,"NATIONAL TAIWAN UNIVERSITY",,,"Dr. Lien Siang-Chou, National Taiwan University, Taipei, Taiwan",,"SJC",32,"032","C","CETACEA","F att","Feresa","attenuata","Pygmy killer whale",,,"N",,"??/??/????",,,,,,,,,"TAIWAN, PROVINCE OF CHINA",,,,,,,1,"North Pacific","M","Molecular determination: ZFX/ZFY 5' exonuclease qPCR assay developed at SWFSC.",,,"Source was recorded as ""STRAND-TAIWAN-CHOU""",5/31/2012 16:00:36,"dan.prosperi",6/24/2022 7:18:03
9551,,,"TN9706",189475,,,,,,,,"STRANDING",600,"Lien-Siang Chou",431,"NATIONAL TAIWAN UNIVERSITY",,,"Dr. Lien Siang-Chou, National Taiwan University, Taipei, Taiwan",,"SJC",32,"032","C","CETACEA","F att","Feresa","attenuata","Pygmy killer whale",,,"N",,"??/??/????",,,,,,,,,"TAIWAN, PROVINCE OF CHINA",,,,,,,1,"North Pacific","M","Molecular determination: ZFX/ZFY 5' exonuclease qPCR assay developed at SWFSC.",,,"Source was recorded as ""STRAND-TAIWAN-CHOU""",5/31/2012 16:00:36,"dan.prosperi",6/24/2022 7:18:03
9552,,,"TN9701",189476,,,,,,,,"STRANDING",600,"Lien-Siang Chou",431,"NATIONAL TAIWAN UNIVERSITY",,,"Dr. Lien Siang-Chou, National Taiwan University, Taipei, Taiwan",,"SJC",32,"032","C","CETACEA","F att","Feresa","attenuata","Pygmy killer whale",,,"N",,"??/??/????",,,,,,,,,"TAIWAN, PROVINCE OF CHINA",,,,,,,1,"North Pacific","M","Molecular determination: ZFX/ZFY 5' exonuclease qPCR assay developed at SWFSC.",,,"Source was recorded as ""STRAND-TAIWAN-CHOU""",5/31/2012 16:00:36,"dan.prosperi",6/24/2022 7:18:03
9853,,,"GIR980404.01",189737,,,,,,,,"BIOPSY (PROJECTILE)",445,"CHARLES ANDERSON",408,"MARINE RESEARCH SECTION, MINISTRY OF FISHERIES AND AGRICULTURE",,,"Marine Research Section, Ministry of Fisheries and Agriculture, Republic of the Maldives, and R.L. Pitman, SWFSC",,"RLP",32,"032","C","CETACEA","F att","Feresa","attenuata","Pygmy killer whale",,,"N",,"04/04/1998",1998,4,4,,,,,,"MALDIVES",6.45,1,"Minute",73.233333,1,"Minute",3,"Indian Ocean","F","Molecular determination: ZFX/ZFY 5' exonuclease qPCR assay developed at SWFSC.",,,"TITLE: DEPUTE DIRECTOR.  Source was recorded as ""BIOPSY-M/V GIRITY""",5/31/2012 16:00:42,"dan.prosperi",6/24/2022 15:51:37
11707,,,"DSJ981130.01",190890,,"1998-SPAM-DSJ",,,,,,"BIOPSY (PROJECTILE)",713,"TIM GERRODETTE",1,"SWFSC",,,"Southwest Fisheries Science Center, National Marine Fisheries Service, La Jolla, CA",,"T_G",32,"032","C","CETACEA","F att","Feresa","attenuata","Pygmy killer whale",,,"N",,"11/30/1998",1998,11,30,,,,,,"MEXICO",17.35,1,"Minute",-103.866666,1,"Minute",1,"North Pacific","F","Molecular determination: ZFX/ZFY 5' exonuclease qPCR assay developed at SWFSC.",,,"Gerrodette retired, samples changed to NOT use restricted",5/31/2012 16:01:14,"dan.prosperi",4/10/2024 7:53:40
11708,,,"DSJ981130.02",190891,,"1998-SPAM-DSJ",,,,,,"BIOPSY (PROJECTILE)",713,"TIM GERRODETTE",1,"SWFSC",,,"Southwest Fisheries Science Center, National Marine Fisheries Service, La Jolla, CA",,"T_G",32,"032","C","CETACEA","F att","Feresa","attenuata","Pygmy killer whale",,,"N",,"11/30/1998",1998,11,30,,,,,,"MEXICO",17.35,1,"Minute",-103.866666,1,"Minute",1,"North Pacific","F","Molecular determination: ZFX/ZFY 5' exonuclease qPCR assay developed at SWFSC.",,,"Gerrodette retired, samples changed to NOT use restricted",5/31/2012 16:01:14,"dan.prosperi",4/10/2024 7:53:40
11709,,,"DSJ981130.03",190892,,"1998-SPAM-DSJ",,,,,,"BIOPSY (PROJECTILE)",713,"TIM GERRODETTE",1,"SWFSC",,,"Southwest Fisheries Science Center, National Marine Fisheries Service, La Jolla, CA",,"T_G",32,"032","C","CETACEA","F att","Feresa","attenuata","Pygmy killer whale",,,"N",,"11/30/1998",1998,11,30,,,,,,"MEXICO",17.35,1,"Minute",-103.866666,1,"Minute",1,"North Pacific","F","Molecular determination: ZFX/ZFY 5' exonuclease qPCR assay developed at SWFSC.",,,"Gerrodette retired, samples changed to NOT use restricted",5/31/2012 16:01:14,"dan.prosperi",4/10/2024 7:53:40
11710,,,"DSJ981130.04",190893,,"1998-SPAM-DSJ",,,,,,"BIOPSY (PROJECTILE)",713,"TIM GERRODETTE",1,"SWFSC",,,"Southwest Fisheries Science Center, National Marine Fisheries Service, La Jolla, CA",,"T_G",32,"032","C","CETACEA","F att","Feresa","attenuata","Pygmy killer whale",,,"N",,"11/30/1998",1998,11,30,,,,,,"MEXICO",17.35,1,"Minute",-103.866666,1,"Minute",1,"North Pacific","F","Molecular determination: ZFX/ZFY 5' exonuclease qPCR assay developed at SWFSC.",,,"LOAN 118.  Gerrodette retired, samples changed to NOT use restricted",5/31/2012 16:01:14,"dan.prosperi",4/10/2024 7:53:40
11711,,,"DSJ981130.05",190894,,"1998-SPAM-DSJ",,,,,,"BIOPSY (PROJECTILE)",713,"TIM GERRODETTE",1,"SWFSC",,,"Southwest Fisheries Science Center, National Marine Fisheries Service, La Jolla, CA",,"T_G",32,"032","C","CETACEA","F att","Feresa","attenuata","Pygmy killer whale",,,"N",,"11/30/1998",1998,11,30,,,,,,"MEXICO",17.366666,1,"Minute",-103.916666,1,"Minute",1,"North Pacific","M","Molecular determination: ZFX/ZFY 5' exonuclease qPCR assay developed at SWFSC.",,,"LOAN 118.  Gerrodette retired, samples changed to NOT use restricted",5/31/2012 16:01:14,"dan.prosperi",4/10/2024 7:53:40
18132,,,"DSJ000905.02",194432,,"2000-STAR-DSJ",,,,,,"BIOPSY (PROJECTILE)",603,"LISA Ballance",1,"SWFSC",,,"Southwest Fisheries Science Center, National Marine Fisheries Service, La Jolla, CA",,"ARC",32,"032","C","CETACEA","F att","Feresa","attenuata","Pygmy killer whale",,,"N",,"09/05/2000",2000,9,5,,,,,,"IMPORT FROM SEA (INTERNATIONAL WATERS)",12.9,1,"Minute",-101.433333,1,"Minute",1,"North Pacific","M","Molecular determination: ZFX/ZFY 5' exonuclease qPCR assay developed at SWFSC.",12/21/2000 0:00:00,,"use restriction changed to NO in 2020 due to Ballance retirement; contact E. Archer if questions",5/31/2012 16:02:57,"dan.prosperi",4/10/2024 10:11:21
18133,,,"DSJ000905.03",194433,,"2000-STAR-DSJ",,,,,,"BIOPSY (PROJECTILE)",603,"LISA Ballance",1,"SWFSC",,,"Southwest Fisheries Science Center, National Marine Fisheries Service, La Jolla, CA",,"ARC",32,"032","C","CETACEA","F att","Feresa","attenuata","Pygmy killer whale",,,"N",,"09/05/2000",2000,9,5,,,,,,"IMPORT FROM SEA (INTERNATIONAL WATERS)",12.9,1,"Minute",-101.433333,1,"Minute",1,"North Pacific","F","Molecular determination: ZFX/ZFY 5' exonuclease qPCR assay developed at SWFSC.",12/21/2000 0:00:00,,"use restriction changed to NO in 2020 due to Ballance retirement; contact E. Archer if questions",5/31/2012 16:02:57,"dan.prosperi",4/10/2024 10:11:21
18134,,,"DSJ000905.04",194434,,"2000-STAR-DSJ",,,,,,"BIOPSY (PROJECTILE)",603,"LISA Ballance",1,"SWFSC",,,"Southwest Fisheries Science Center, National Marine Fisheries Service, La Jolla, CA",,"ARC",32,"032","C","CETACEA","F att","Feresa","attenuata","Pygmy killer whale",,,"N",,"09/05/2000",2000,9,5,,,,,,"IMPORT FROM SEA (INTERNATIONAL WATERS)",12.9,1,"Minute",-101.433333,1,"Minute",1,"North Pacific","M","Molecular determination: ZFX/ZFY 5' exonuclease qPCR assay developed at SWFSC.",12/21/2000 0:00:00,,"use restriction changed to NO in 2020 due to Ballance retirement; contact E. Archer if questions",5/31/2012 16:02:57,"dan.prosperi",4/10/2024 10:11:21
18135,,,"DSJ000905.05",194435,,"2000-STAR-DSJ",,,,,,"BIOPSY (PROJECTILE)",603,"LISA Ballance",1,"SWFSC",,,"Southwest Fisheries Science Center, National Marine Fisheries Service, La Jolla, CA",,"ARC",32,"032","C","CETACEA","F att","Feresa","attenuata","Pygmy killer whale",,,"N",,"09/05/2000",2000,9,5,,,,,,"IMPORT FROM SEA (INTERNATIONAL WATERS)",12.9,1,"Minute",-101.433333,1,"Minute",1,"North Pacific","F","Molecular determination: ZFX/ZFY 5' exonuclease qPCR assay developed at SWFSC.",12/21/2000 0:00:00,,"use restriction changed to NO in 2020 due to Ballance retirement; contact E. Archer if questions",5/31/2012 16:02:57,"dan.prosperi",4/10/2024 10:11:21
18136,,,"DSJ000905.06",194436,,"2000-STAR-DSJ",,,,,,"BIOPSY (PROJECTILE)",603,"LISA Ballance",1,"SWFSC",,,"Southwest Fisheries Science Center, National Marine Fisheries Service, La Jolla, CA",,"ARC",32,"032","C","CETACEA","F att","Feresa","attenuata","Pygmy killer whale",,,"N",,"09/05/2000",2000,9,5,,,,,,"IMPORT FROM SEA (INTERNATIONAL WATERS)",12.9,1,"Minute",-101.433333,1,"Minute",1,"North Pacific","F","Molecular determination: ZFX/ZFY 5' exonuclease qPCR assay developed at SWFSC.",12/21/2000 0:00:00,,"use restriction changed to NO in 2020 due to Ballance retirement; contact E. Archer if questions",5/31/2012 16:02:57,"dan.prosperi",4/10/2024 10:11:21
18137,,,"DSJ000905.07",194437,,"2000-STAR-DSJ",,,,,,"BIOPSY (PROJECTILE)",603,"LISA Ballance",1,"SWFSC",,,"Southwest Fisheries Science Center, National Marine Fisheries Service, La Jolla, CA",,"ARC",32,"032","C","CETACEA","F att","Feresa","attenuata","Pygmy killer whale",,,"N",,"09/05/2000",2000,9,5,,,,,,"IMPORT FROM SEA (INTERNATIONAL WATERS)",12.9,1,"Minute",-101.433333,1,"Minute",1,"North Pacific","F","Molecular determination: ZFX/ZFY 5' exonuclease qPCR assay developed at SWFSC.",12/21/2000 0:00:00,,"use restriction changed to NO in 2020 due to Ballance retirement; contact E. Archer if questions",5/31/2012 16:02:57,"dan.prosperi",4/10/2024 10:11:21
30074,,,"RWB300902.03",199311,,,,,,,,"BIOPSY (PROJECTILE)",673,"ROBIN BAIRD",255,"CASCADIA RESEARCH COLLECTIVE",,,,,"SJC",32,"032","C","CETACEA","F att","Feresa","attenuata","Pygmy killer whale",,,"Y","Donator requested that PI request permission to use in study","09/30/2002",2002,9,30,,,"Hawaii",,"HAWAII","UNITED STATES OF AMERICA",19.433333,1,"Minute",-156.016666,1,"Minute",1,"North Pacific","U","Unknowable (no field data available; molecular determination failed).",12/4/2002 0:00:00,,"qPCR sexing assay failed",5/31/2012 16:06:15,"dan.prosperi",6/7/2022 16:10:21
30075,,,"RWB300902.04",199312,,,,,,,,"BIOPSY (PROJECTILE)",673,"ROBIN BAIRD",255,"CASCADIA RESEARCH COLLECTIVE",,,,,"SJC",32,"032","C","CETACEA","F att","Feresa","attenuata","Pygmy killer whale",,,"Y","Donator requested that PI request permission to use in study","09/30/2002",2002,9,30,,,"Hawaii",,"HAWAII","UNITED STATES OF AMERICA",19.433333,1,"Minute",-156.016666,1,"Minute",1,"North Pacific","F","Molecular determination: SRY method",12/4/2002 0:00:00,,,5/31/2012 16:06:15,"dan.prosperi",6/7/2022 16:10:21
30076,,,"RWB300902.05",199313,,,,,,,,"BIOPSY (PROJECTILE)",673,"ROBIN BAIRD",255,"CASCADIA RESEARCH COLLECTIVE",,,,,"SJC",32,"032","C","CETACEA","F att","Feresa","attenuata","Pygmy killer whale",,,"Y","Donator requested that PI request permission to use in study","09/30/2002",2002,9,30,,,"Hawaii",,"HAWAII","UNITED STATES OF AMERICA",19.433333,1,"Minute",-156.016666,1,"Minute",1,"North Pacific","F","Molecular determination: SRY method",12/4/2002 0:00:00,,,5/31/2012 16:06:15,"dan.prosperi",6/7/2022 16:10:21
35855,,,"RWB111003.A01",202346,,,,,,,,"BIOPSY (PROJECTILE)",673,"ROBIN BAIRD",255,"CASCADIA RESEARCH COLLECTIVE",,,,,"SJC",32,"032","C","CETACEA","F att","Feresa","attenuata","Pygmy killer whale",,,"Y","Donator requested that PI request permission to use in study","10/11/2003",2003,10,11,,,"Hawaii",,"HAWAII","UNITED STATES OF AMERICA",19.55,1,"Minute",-156.016666,1,"Minute",1,"North Pacific","F","Molecular determination: ZFX/ZFY 5' exonuclease qPCR assay developed at SWFSC.",11/4/2003 0:00:00,,,5/31/2012 16:07:50,"dan.prosperi",6/7/2022 16:10:21
35856,,,"RWB111003.A02",202347,,,,,,,,"BIOPSY (PROJECTILE)",673,"ROBIN BAIRD",255,"CASCADIA RESEARCH COLLECTIVE",,,,,"SJC",32,"032","C","CETACEA","F att","Feresa","attenuata","Pygmy killer whale",,,"Y","Donator requested that PI request permission to use in study","10/11/2003",2003,10,11,,,"Hawaii",,"HAWAII","UNITED STATES OF AMERICA",19.533333,1,"Minute",-156.016666,1,"Minute",1,"North Pacific","F","Molecular determination: ZFX/ZFY 5' exonuclease qPCR assay developed at SWFSC.",11/4/2003 0:00:00,,,5/31/2012 16:07:50,"dan.prosperi",6/7/2022 16:10:21
48079,,,"NEPST456",209366,,,,,,,,"STRANDING",419,"ANTONIO MIGNUCCI-GIANNONI",307,"CARIBBEAN STRANDING NETWORK, UNIVERSIDAD METROPOLITANA",,,,,"KMR",32,"032","C","CETACEA","F att","Feresa","attenuata","Pygmy killer whale",,,"Y","Donator requested that PI request permission to use in study","09/16/1995",1995,9,16,"TORTOLA",,,,,"PUERTO RICO",18.616666,1,"Minute",-64.533333,1,"Minute",2,"North Atlantic","F","Field determination: gonads were examined; carcass was examined and dissected.",8/18/2005 0:00:00,,,5/31/2012 16:11:10,"dan.prosperi",6/23/2022 12:38:22
48132,,,"NEPST836",209419,,,,,,,,"STRANDING",419,"ANTONIO MIGNUCCI-GIANNONI",307,"CARIBBEAN STRANDING NETWORK, UNIVERSIDAD METROPOLITANA",,,,,"KMR",32,"032","C","CETACEA","F att","Feresa","attenuata","Pygmy killer whale",,,"Y","Donator requested that PI request permission to use in study","03/22/2002",2002,3,22,"SANTA ISABEL",,,,,"PUERTO RICO",17.966666,1,"Minute",-66.45,1,"Minute",2,"North Atlantic","F","Molecular determination: ZFX/ZFY 5' exonuclease qPCR assay developed at SWFSC.",8/18/2005 0:00:00,,,5/31/2012 16:11:11,"dan.prosperi",6/23/2022 12:38:22
55171,,,"RWB2006APR12.01",212766,,,,,,,,"BIOPSY (PROJECTILE)",673,"ROBIN BAIRD",255,"CASCADIA RESEARCH COLLECTIVE",,,,,"SJC",32,"032","C","CETACEA","F att","Feresa","attenuata","Pygmy killer whale",,,"Y","Donator requested that PI request permission to use in study","04/12/2006",2006,4,12,,,,,"HAWAII","UNITED STATES OF AMERICA",19.583333,1,"Minute",-156.083333,1,"Minute",1,"North Pacific","F","Molecular determination: ZFX/ZFY 5' exonuclease qPCR assay developed at SWFSC.",5/15/2006 0:00:00,,,5/31/2012 16:13:10,"dan.prosperi",6/10/2022 15:33:43
55172,,,"RWB2006APR12.02",212767,,,,,,,,"BIOPSY (PROJECTILE)",673,"ROBIN BAIRD",255,"CASCADIA RESEARCH COLLECTIVE",,,,,"SJC",32,"032","C","CETACEA","F att","Feresa","attenuata","Pygmy killer whale",,,"Y","Donator requested that PI request permission to use in study","04/12/2006",2006,4,12,,,,,"HAWAII","UNITED STATES OF AMERICA",19.583333,1,"Minute",-156.083333,1,"Minute",1,"North Pacific","M","Molecular determination: ZFX/ZFY 5' exonuclease qPCR assay developed at SWFSC.",5/15/2006 0:00:00,,,5/31/2012 16:13:10,"dan.prosperi",6/10/2022 15:33:43
55173,,,"RWB2006APR12.03",212768,,,,,,,,"BIOPSY (PROJECTILE)",673,"ROBIN BAIRD",255,"CASCADIA RESEARCH COLLECTIVE",,,,,"SJC",32,"032","C","CETACEA","F att","Feresa","attenuata","Pygmy killer whale",,,"Y","Donator requested that PI request permission to use in study","04/12/2006",2006,4,12,,,,,"HAWAII","UNITED STATES OF AMERICA",19.683333,1,"Minute",-156.116666,1,"Minute",1,"North Pacific","M","Molecular determination: ZFX/ZFY 5' exonuclease qPCR assay developed at SWFSC.",5/15/2006 0:00:00,,,5/31/2012 16:13:10,"dan.prosperi",6/10/2022 15:33:43
61433,,,"RWB2006NOV25.02",214872,,,,,,,,"BIOPSY (PROJECTILE)",673,"ROBIN BAIRD",255,"CASCADIA RESEARCH COLLECTIVE",,,,,"ARC",32,"032","C","CETACEA","F att","Feresa","attenuata","Pygmy killer whale",,,"Y","Donator requested that PI request permission to use in study","11/25/2006",2006,11,25,,,,,"HAWAII","UNITED STATES OF AMERICA",19.683333,1,"Minute",-156.066666,1,"Minute",1,"North Pacific","M","Molecular determination: ZFX/ZFY 5' exonuclease qPCR assay developed at SWFSC.",1/8/2007 0:00:00,,,5/31/2012 16:14:53,"dan.prosperi",6/10/2022 15:33:43
61434,,,"RWB2006NOV25.03",214873,,,,,,,,"BIOPSY (PROJECTILE)",673,"ROBIN BAIRD",255,"CASCADIA RESEARCH COLLECTIVE",,,,,"ARC",32,"032","C","CETACEA","F att","Feresa","attenuata","Pygmy killer whale",,,"Y","Donator requested that PI request permission to use in study","11/25/2006",2006,11,25,,,,,"HAWAII","UNITED STATES OF AMERICA",19.683333,1,"Minute",-156.066666,1,"Minute",1,"North Pacific","M","Molecular determination: ZFX/ZFY 5' exonuclease qPCR assay developed at SWFSC.",1/8/2007 0:00:00,,,5/31/2012 16:14:53,"dan.prosperi",6/10/2022 15:33:43
61441,,,"RWB2006DEC07.01",214880,,,,,,,,"BIOPSY (PROJECTILE)",673,"ROBIN BAIRD",255,"CASCADIA RESEARCH COLLECTIVE",,,,,"ARC",32,"032","C","CETACEA","F att","Feresa","attenuata","Pygmy killer whale",,,"Y","Donator requested that PI request permission to use in study","12/07/2006",2006,12,7,,,,,"HAWAII","UNITED STATES OF AMERICA",19.366666,1,"Minute",-156.066666,1,"Minute",1,"North Pacific","M","Molecular determination: ZFX/ZFY 5' exonuclease qPCR assay developed at SWFSC.",1/8/2007 0:00:00,,,5/31/2012 16:14:53,"dan.prosperi",6/10/2022 15:33:43
61925,,,"RWB2006JUL23.04",215036,,,,,,,,"BIOPSY (PROJECTILE)",673,"ROBIN BAIRD",255,"CASCADIA RESEARCH COLLECTIVE",,,,,"KMR",32,"032","C","CETACEA","F att","Feresa","attenuata","Pygmy killer whale",,,"Y","Donator requested that PI request permission to use in study","07/23/2006",2006,7,23,,,,,"HAWAII","UNITED STATES OF AMERICA",19.333333,1,"Minute",-155.95,1,"Minute",1,"North Pacific","F","Molecular determination: ZFX/ZFY 5' exonuclease qPCR assay developed at SWFSC.",2/1/2007 0:00:00,,"LOAN 251",5/31/2012 16:15:00,"dan.prosperi",6/10/2022 15:33:43
67090,,,"DSJ061126.10",217301,,"2006-STAR-DSJ",,,,,,"BIOPSY (PROJECTILE)",603,"LISA Ballance",1,"SWFSC",,,"Southwest Fisheries Science Center, National Marine Fisheries Service, La Jolla, CA",,"ARC",32,"032","C","CETACEA","F att","Feresa","attenuata","Pygmy killer whale",,,"N",,"11/26/2006",2006,11,26,,,,,,"MEXICO",18.85,1,"Minute",-106.1,1,"Minute",1,"North Pacific","U","Unknowable (no field data available; molecular determination failed).",7/12/2007 0:00:00,,"qPCR sexing assay failed. Flank sent for San Diego Zoo tissue culture. San Diego Frozen Zoo Identifier: KB 15646..  use restriction changed to NO in 2020 due to Ballance retirement; contact E. Archer if questions",5/31/2012 16:16:24,"dan.prosperi",4/10/2024 10:11:22
70977,,,"SLP2006001",218618,,,,,,,,"STRANDING",587,"KRISTI WEST",365,"HAWAII PACIFIC UNIVERSITY",,,"Contact Kristi West",,"SJC",32,"032","C","CETACEA","F att","Feresa","attenuata","Pygmy killer whale",,,"Y","Donator requested that PI request permission to use in study","07/23/2006",2006,7,23,"MAKAPUU POINT",,"Oahu",,"HAWAII","UNITED STATES OF AMERICA",,,,,,,1,"North Pacific","F","Molecular determination: ZFX/ZFY 5' exonuclease qPCR assay developed at SWFSC.",11/7/2007 0:00:00,,,5/31/2012 16:17:28,"dan.prosperi",6/7/2022 16:27:04
71014,,,"RWB2007AUG13.01 TAG",218655,,,,,,,,"NON-INVASIVE SAMPLING",673,"ROBIN BAIRD",255,"CASCADIA RESEARCH COLLECTIVE",,,,,"ARC",32,"032","C","CETACEA","F att","Feresa","attenuata","Pygmy killer whale",,,"Y","Donator requested that PI request permission to use in study","08/13/2007",2007,8,13,,,"Hawaii",,"HAWAII","UNITED STATES OF AMERICA",19.783333,1,"Minute",-156.083333,1,"Minute",1,"North Pacific","F","Molecular determination: ZFX/ZFY 5' exonuclease qPCR assay developed at SWFSC.",11/9/2007 0:00:00,,"SLOUGHED",5/31/2012 16:17:29,"dan.prosperi",6/10/2022 15:33:43
78825,,,"OES090214.01",221953,,,,,,,,"BIOPSY (PROJECTILE)",501,"ERIN OLESON",453,"NMFS, PACIFIC ISLAND FISHERIES SCIENCE CENTER",,,,,"SJC",32,"032","C","CETACEA","F att","Feresa","attenuata","Pygmy killer whale",,,"Y","Donator requested that PI request permission to use in study","02/14/2009",2009,2,14,"Main Hawaiian Islands",,,,"HAWAII","UNITED STATES OF AMERICA",19.433333,1,"Minute",-156.083333,1,"Minute",1,"North Pacific","M","Molecular determination: ZFX/ZFY 5' exonuclease qPCR assay developed at SWFSC.",6/30/2009 0:00:00,,,5/31/2012 16:19:37,"dan.prosperi",6/14/2022 7:42:47
94817,,,"RWB2010APR21.04",225914,,,,,,,,"BIOPSY (PROJECTILE)",673,"ROBIN BAIRD",255,"CASCADIA RESEARCH COLLECTIVE",,,,,"KMR",32,"032","C","CETACEA","F att","Feresa","attenuata","Pygmy killer whale",,,"Y","Donator requested that PI request permission to use in study","04/21/2010",2010,4,21,,,,,"HAWAII","UNITED STATES OF AMERICA",19.55,1,"Minute",-156.016666,1,"Minute",1,"North Pacific","M","Molecular determination: ZFX/ZFY 5' exonuclease qPCR assay developed at SWFSC.",8/19/2010 0:00:00,,,5/31/2012 16:24:07,"dan.prosperi",6/10/2022 15:33:43
102488,,,"RWB2010OCT18.01",226691,,,,,,,,"BIOPSY (PROJECTILE)",673,"ROBIN BAIRD",255,"CASCADIA RESEARCH COLLECTIVE",,,,,"ARC",32,"032","C","CETACEA","F att","Feresa","attenuata","Pygmy killer whale",,,"Y","Donator requested that PI request permission to use in study","10/18/2010",2010,10,18,,,,,"HAWAII","UNITED STATES OF AMERICA",21.316666,1,"Minute",-158.166666,1,"Minute",1,"North Pacific","F","Molecular determination: ZFX/ZFY 5' exonuclease qPCR assay developed at SWFSC.",11/11/2010 0:00:00,,,5/31/2012 16:26:12,"dan.prosperi",6/10/2022 15:33:43
102489,,,"RWB2010OCT18.02",226692,,,,,,,,"BIOPSY (PROJECTILE)",673,"ROBIN BAIRD",255,"CASCADIA RESEARCH COLLECTIVE",,,,,"ARC",32,"032","C","CETACEA","F att","Feresa","attenuata","Pygmy killer whale",,,"Y","Donator requested that PI request permission to use in study","10/18/2010",2010,10,18,,,,,"HAWAII","UNITED STATES OF AMERICA",21.316666,1,"Minute",-158.166666,1,"Minute",1,"North Pacific","F","Molecular determination: ZFX/ZFY 5' exonuclease qPCR assay developed at SWFSC.",11/11/2010 0:00:00,,,5/31/2012 16:26:12,"dan.prosperi",6/10/2022 15:33:43
102490,,,"RWB2010OCT18.03",226693,,,,,,,,"BIOPSY (PROJECTILE)",673,"ROBIN BAIRD",255,"CASCADIA RESEARCH COLLECTIVE",,,,,"ARC",32,"032","C","CETACEA","F att","Feresa","attenuata","Pygmy killer whale",,,"Y","Donator requested that PI request permission to use in study","10/18/2010",2010,10,18,,,,,"HAWAII","UNITED STATES OF AMERICA",21.316666,1,"Minute",-158.166666,1,"Minute",1,"North Pacific","F","Molecular determination: ZFX/ZFY 5' exonuclease qPCR assay developed at SWFSC.",11/11/2010 0:00:00,,,5/31/2012 16:26:12,"dan.prosperi",6/10/2022 15:33:43
114347,,"HI-LONGLINE","LL4495",230752,,,,,,,,"BYCATCH",530,"JAMIE MARCHETTI",456,"NMFS, PACIFIC ISLANDS REGIONAL OFFICE, OBSERVER PROGRAM",,,"Pacific Islands Regional Office Observer Program",,"SJC",32,"032","C","CETACEA","F att","Feresa","attenuata","Pygmy killer whale",,,"Y","No external permission needed, but donator requests notification when used.","01/05/2013",2013,1,5,"NORTH EASTERN PACIFIC OCEAN, NORTH OF HAWAIIAN ISLANDS",,,,"HAWAII","UNITED STATES OF AMERICA",26.834444,0.1,"MINUTE",-166.466667,0.1,"MINUTE",1,"North Pacific","M","Molecular determination: ZFX/ZFY 5' exonuclease qPCR assay developed at SWFSC.",4/5/2013 0:00:00,,"No use restrictions, but would like to be notified of use and purpose - sample use is monitored by the Collection’s Curator and Manager.",4/5/2013 15:04:55,"Alaina.Harmon",4/26/2023 11:39:06
116522,,,"NC06-003",231541,,,,,,,,"STRANDING",454,"CLAIRE GARRIGUE",473,"OPERATION CETACES",,,,,"KMR",32,"032","C","CETACEA","F att","Feresa","attenuata","Pygmy killer whale",,,"Y","Donator requested that PI request permission to use in study","??/??/2006",2006,,,,,,,,"NEW CALEDONIA",,,,,,,3,"Indian Ocean","M","Molecular determination: ZFX/ZFY 5' exonuclease qPCR assay developed at SWFSC.",7/30/2013 0:00:00,,,7/30/2013 14:09:12,"dan.prosperi",6/7/2022 16:22:12
116523,,,"NC06-004",231542,,,,,,,,"STRANDING",454,"CLAIRE GARRIGUE",473,"OPERATION CETACES",,,,,"KMR",32,"032","C","CETACEA","F att","Feresa","attenuata","Pygmy killer whale",,,"Y","Donator requested that PI request permission to use in study","??/??/2006",2006,,,,,,,,"NEW CALEDONIA",,,,,,,3,"Indian Ocean","M","Molecular determination: ZFX/ZFY 5' exonuclease qPCR assay developed at SWFSC.",7/30/2013 0:00:00,,,7/30/2013 14:09:12,"dan.prosperi",6/7/2022 16:22:12
116524,,,"NC06-005",231543,,,,,,,,"STRANDING",454,"CLAIRE GARRIGUE",473,"OPERATION CETACES",,,,,"KMR",32,"032","C","CETACEA","F att","Feresa","attenuata","Pygmy killer whale",,,"Y","Donator requested that PI request permission to use in study","??/??/2006",2006,,,,,,,,"NEW CALEDONIA",,,,,,,3,"Indian Ocean","F","Molecular determination: ZFX/ZFY 5' exonuclease qPCR assay developed at SWFSC.",7/30/2013 0:00:00,,,7/30/2013 14:09:12,"dan.prosperi",6/7/2022 16:22:12
116525,,,"NC06-006",231544,,,,,,,,"STRANDING",454,"CLAIRE GARRIGUE",473,"OPERATION CETACES",,,,,"KMR",32,"032","C","CETACEA","F att","Feresa","attenuata","Pygmy killer whale",,,"Y","Donator requested that PI request permission to use in study","??/??/2006",2006,,,,,,,,"NEW CALEDONIA",,,,,,,3,"Indian Ocean","M","Molecular determination: ZFX/ZFY 5' exonuclease qPCR assay developed at SWFSC.",7/30/2013 0:00:00,,,7/30/2013 14:09:12,"dan.prosperi",6/7/2022 16:22:12
116526,,,"NC06-007",231545,,,,,,,,"STRANDING",454,"CLAIRE GARRIGUE",473,"OPERATION CETACES",,,,,"KMR",32,"032","C","CETACEA","F att","Feresa","attenuata","Pygmy killer whale",,,"Y","Donator requested that PI request permission to use in study","??/??/2006",2006,,,,,,,,"NEW CALEDONIA",,,,,,,3,"Indian Ocean","M","Molecular determination: ZFX/ZFY 5' exonuclease qPCR assay developed at SWFSC.",7/30/2013 0:00:00,,,7/30/2013 14:09:12,"dan.prosperi",6/7/2022 16:22:12
116527,,,"NC06-165",231546,,,,,,,,"STRANDING",454,"CLAIRE GARRIGUE",473,"OPERATION CETACES",,,,,"KMR",32,"032","C","CETACEA","F att","Feresa","attenuata","Pygmy killer whale",,,"Y","Donator requested that PI request permission to use in study","??/??/2006",2006,,,,,,,,"NEW CALEDONIA",,,,,,,3,"Indian Ocean","F","Molecular determination: ZFX/ZFY 5' exonuclease qPCR assay developed at SWFSC.",7/30/2013 0:00:00,,,7/30/2013 14:09:12,"dan.prosperi",6/7/2022 16:22:12
116528,,,"FJ13-002",231547,,,,,,,,"BIOPSY (PROJECTILE)",619,"MARC OREMUS",549,"UNIVERSITY OF AUCKLAND, SCHOOL OF BIOLOGICAL SCIENCES",,,,,"KMR",32,"032","C","CETACEA","F att","Feresa","attenuata","Pygmy killer whale",,,"Y","Donator requested that PI request permission to use in study","04/07/2013",2013,4,7,,,,,,"FIJI",-17.871554,0.000001,"DEGREE",177.178606,0.000001,"DEGREE",3,"Indian Ocean","U","Unknowable (no field data available; molecular determination failed).",7/30/2013 0:00:00,,"Sex changed from F, GenDeter changed from 11  should be changed to undetermined, original DNA was not Feresa it was S lon, we got a new seq for Feresa and it has this LAB ID.  sequence data only, DNA received from Oremus was wrong species, DNA was tossed.",7/30/2013 14:09:12,"dan.prosperi",6/28/2022 9:26:33
116823,"116824, 159764",,"PIC130625.04B",231790,,,,,,,,"BIOPSY (PROJECTILE)",501,"ERIN OLESON",453,"NMFS, PACIFIC ISLAND FISHERIES SCIENCE CENTER",,,,,"ARC",32,"032","C","CETACEA","F att","Feresa","attenuata","Pygmy killer whale",,,"Y","Donator requested that PI request permission to use in study","06/25/2013",2013,6,25,"3.9km NE Orote Pt.",,"Guam",,,"GUAM",13.475609,0.000001,"DEGREE",144.640511,0.000001,"DEGREE",1,"North Pacific","F","Molecular determination: ZFX/ZFY 5' exonuclease qPCR assay developed at SWFSC.",9/17/2013 0:00:00,,"Same animal as Z116824 per M.Hill 11/10/2015. Right side sample.",9/17/2013 10:33:42,"Alaina.Harmon",8/25/2023 9:42:43
116824,"116823",,"PIC130625.05B",231791,,,,,,,,"BIOPSY (PROJECTILE)",501,"ERIN OLESON",453,"NMFS, PACIFIC ISLAND FISHERIES SCIENCE CENTER",,,,,"ARC",32,"032","C","CETACEA","F att","Feresa","attenuata","Pygmy killer whale",,,"Y","Donator requested that PI request permission to use in study","06/25/2013",2013,6,25,"3.9km NE Orote Pt.",,"Guam",,,"GUAM",13.474688,0.000001,"DEGREE",144.644562,0.000001,"DEGREE",1,"North Pacific","F","Molecular determination: ZFX/ZFY 5' exonuclease qPCR assay developed at SWFSC.",9/17/2013 0:00:00,,"Same animal as Z116823 per M.Hill 11/10/2015. Left side sample.",9/17/2013 10:33:42,"Alaina.Harmon",8/25/2023 9:42:45
116825,,,"PIC130625.06B",231792,,,,,,,,"BIOPSY (PROJECTILE)",501,"ERIN OLESON",453,"NMFS, PACIFIC ISLAND FISHERIES SCIENCE CENTER",,,,,"ARC",32,"032","C","CETACEA","F att","Feresa","attenuata","Pygmy killer whale",,,"Y","Donator requested that PI request permission to use in study","06/25/2013",2013,6,25,"3.9km NE Orote Pt.",,"Guam",,,"GUAM",13.475143,0.000001,"DEGREE",144.648944,0.000001,"DEGREE",1,"North Pacific","F","Molecular determination: ZFX/ZFY 5' exonuclease qPCR assay developed at SWFSC.",9/17/2013 0:00:00,,"right side peduncle; only small piece left in tip; added to database after returning to base.",9/17/2013 10:33:42,"Alaina.Harmon",8/25/2023 9:42:46
116826,,,"PIC130625.07B",231793,,,,,,,,"BIOPSY (PROJECTILE)",501,"ERIN OLESON",453,"NMFS, PACIFIC ISLAND FISHERIES SCIENCE CENTER",,,,,"ARC",32,"032","C","CETACEA","F att","Feresa","attenuata","Pygmy killer whale",,,"Y","Donator requested that PI request permission to use in study","06/25/2013",2013,6,25,"3.9km NE Orote Pt.",,"Guam",,,"GUAM",13.474728,0.000001,"DEGREE",144.649968,0.000001,"DEGREE",1,"North Pacific","F","Molecular determination: ZFX/ZFY 5' exonuclease qPCR assay developed at SWFSC.",9/17/2013 0:00:00,,"possible female- had juvie on side throughout",9/17/2013 10:33:42,"Alaina.Harmon",8/25/2023 9:42:53
123244,,,"RWB2010AUG24.01",232498,,,,,,,,"BIOPSY (PROJECTILE)",673,"ROBIN BAIRD",255,"CASCADIA RESEARCH COLLECTIVE",,,,,"ARC",32,"032","C","CETACEA","F att","Feresa","attenuata","Pygmy killer whale",,,"Y","Donator requested that PI request permission to use in study","08/24/2010",2010,8,24,,,,,"HAWAII","UNITED STATES OF AMERICA",19.766666,1,"Minute",-156.166666,1,"Minute",1,"North Pacific","M","Molecular determination: ZFX/ZFY 5' exonuclease qPCR assay developed at SWFSC.",12/22/2010 0:00:00,,,5/31/2012 16:27:47,"dan.prosperi",6/10/2022 15:33:43
123336,,,"MAC100930.01",232525,,"2010-HICEAS-MACII",,,,,,"BIOPSY (PROJECTILE)",534,"JAY BARLOW",1,"SWFSC",,,"Southwest Fisheries Science Center, National Marine Fisheries Service, La Jolla, CA",,"JPB",32,"032","C","CETACEA","F att","Feresa","attenuata","Pygmy killer whale",,,"N",,"09/30/2010",2010,9,30,,,"Hawaii",,"HAWAII","UNITED STATES OF AMERICA",18.733333,1,"Minute",-158.283333,1,"Minute",1,"North Pacific","M","Molecular determination: ZFX/ZFY 5' exonuclease qPCR assay developed at SWFSC.",12/23/2010 0:00:00,,"Alaina Harmon, 30 April 2024: Samples reverted to no external permission required following Jay Barlow's retirement.",5/31/2012 16:27:49,"Alaina.Harmon",4/30/2024 15:09:17
123337,,,"MAC100930.02",232526,,"2010-HICEAS-MACII",,,,,,"BIOPSY (PROJECTILE)",534,"JAY BARLOW",1,"SWFSC",,,"Southwest Fisheries Science Center, National Marine Fisheries Service, La Jolla, CA",,"JPB",32,"032","C","CETACEA","F att","Feresa","attenuata","Pygmy killer whale",,,"N",,"09/30/2010",2010,9,30,,,"Hawaii",,"HAWAII","UNITED STATES OF AMERICA",18.733333,1,"Minute",-158.283333,1,"Minute",1,"North Pacific","M","Molecular determination: ZFX/ZFY 5' exonuclease qPCR assay developed at SWFSC.",12/23/2010 0:00:00,,"Alaina Harmon, 30 April 2024: Samples reverted to no external permission required following Jay Barlow's retirement.",5/31/2012 16:27:49,"Alaina.Harmon",4/30/2024 15:09:17
123338,,,"MAC100930.03",232527,,"2010-HICEAS-MACII",,,,,,"BIOPSY (PROJECTILE)",534,"JAY BARLOW",1,"SWFSC",,,"Southwest Fisheries Science Center, National Marine Fisheries Service, La Jolla, CA",,"JPB",32,"032","C","CETACEA","F att","Feresa","attenuata","Pygmy killer whale",,,"N",,"09/30/2010",2010,9,30,,,"Hawaii",,"HAWAII","UNITED STATES OF AMERICA",18.733333,1,"Minute",-158.283333,1,"Minute",1,"North Pacific","F","Molecular determination: ZFX/ZFY 5' exonuclease qPCR assay developed at SWFSC.",12/23/2010 0:00:00,,"Alaina Harmon, 30 April 2024: Samples reverted to no external permission required following Jay Barlow's retirement.",5/31/2012 16:27:49,"Alaina.Harmon",4/30/2024 15:09:17
145402,,,"DSJ141014.01",235819,,"2014-CalCurCEAS-Ocean Starr",,,,,,"BIOPSY (PROJECTILE)",534,"JAY BARLOW",1,"SWFSC",,,"Southwest Fisheries Science Center, National Marine Fisheries Service, La Jolla, CA",,"JPB",32,"032","C","CETACEA","F att","Feresa","attenuata","Pygmy killer whale",,,"N",,"10/14/2014",2014,10,14,,,,,"CALIFORNIA","UNITED STATES OF AMERICA",32.216666,1,"MINUTE",-121.15,1,"MINUTE",1,"North Pacific","M","Molecular determination: ZFX/ZFY 5' exonuclease qPCR assay developed at SWFSC.",1/5/2015 0:00:00,,"Split sample for tissue culture, 2 samples from 1 animal in one vial.  Alaina Harmon, 30 April 2024: Samples reverted to no external permission required following Jay Barlow's retirement.",1/5/2015 16:21:53,"Alaina.Harmon",4/30/2024 15:09:13
145403,,,"DSJ141014.02",235820,,"2014-CalCurCEAS-Ocean Starr",,,,,,"BIOPSY (PROJECTILE)",534,"JAY BARLOW",1,"SWFSC",,,"Southwest Fisheries Science Center, National Marine Fisheries Service, La Jolla, CA",,"JPB",32,"032","C","CETACEA","F att","Feresa","attenuata","Pygmy killer whale",,,"N",,"10/14/2014",2014,10,14,,,,,"CALIFORNIA","UNITED STATES OF AMERICA",32.216666,1,"MINUTE",-121.15,1,"MINUTE",1,"North Pacific","M","Molecular determination: ZFX/ZFY 5' exonuclease qPCR assay developed at SWFSC.",1/5/2015 0:00:00,,"Alaina Harmon, 30 April 2024: Samples reverted to no external permission required following Jay Barlow's retirement.",1/5/2015 16:21:53,"Alaina.Harmon",4/30/2024 15:09:13
157684,,,"RWB2008DEC06.07",236704,,,,,,,,"BIOPSY (PROJECTILE)",673,"ROBIN BAIRD",255,"CASCADIA RESEARCH COLLECTIVE",,,,,"ARC",32,"032","C","CETACEA","F att","Feresa","attenuata","Pygmy killer whale",,,"Y","Donator requested that PI request permission to use in study","12/06/2008",2008,12,6,,,,,"HAWAII","UNITED STATES OF AMERICA",19.72014,0.00001,"DEGREE",-156.06706,0.00001,"DEGREE",1,"North Pacific","F","Molecular determination: ZFX/ZFY 5' exonuclease qPCR assay developed at SWFSC.",7/20/2015 0:00:00,,,7/20/2015 11:17:43,"dan.prosperi",6/10/2022 15:33:43
159696,,,"GA2004003",237057,,,,,,,,"STRANDING",392,"PATRICIA ROSEL",197,"Southeast Fisheries Science Center",,,,,"KMR",32,"032","C","CETACEA","F att","Feresa","attenuata","Pygmy killer whale",,,"Y","Donator requested that PI request permission to use in study","01/09/2004",2004,1,9,"South side Mosquito Creek Inlet of Little St. Simons Island",,,,"GEORGIA","UNITED STATES OF AMERICA",31.2351,0.0001,"DEGREE",-81.286,0.001,"DEGREE",2,"North Atlantic","M","Molecular determination: ZFX/ZFY 5' exonuclease qPCR assay developed at SWFSC.",11/5/2015 0:00:00,,"Fatt001",11/5/2015 15:41:26,"dan.prosperi",6/23/2022 15:01:59
159697,,,"SC0607",237058,,,,,,,,"STRANDING",392,"PATRICIA ROSEL",197,"Southeast Fisheries Science Center",,,,,"KMR",32,"032","C","CETACEA","F att","Feresa","attenuata","Pygmy killer whale",,,"Y","Donator requested that PI request permission to use in study","03/11/2006",2006,3,11,"beach marker 89 on Palmetto Dunes Beach, Hilton Head Island, Beaufort county",,,,"SOUTH CAROLINA","UNITED STATES OF AMERICA",32.1768,0.0001,"DEGREE",-80.7081,0.0001,"DEGREE",2,"North Atlantic","M","Molecular determination: ZFX/ZFY 5' exonuclease qPCR assay developed at SWFSC.",11/5/2015 0:00:00,,"Fatt002",11/5/2015 15:41:26,"dan.prosperi",6/23/2022 15:01:59
159698,,"NRDA","07IMMS041908",237059,,,,,,,,"STRANDING",392,"PATRICIA ROSEL",197,"Southeast Fisheries Science Center",,,,,"KMR",32,"032","C","CETACEA","F att","Feresa","attenuata","Pygmy killer whale",,,"Y","Sample not available for use.","04/19/2008",2008,4,19,"Chevron Refinery, Pascagoula",,,,"MISSISSIPPI","UNITED STATES OF AMERICA",30.3309,0.0001,"DEGREE",-88.5099,0.0001,"DEGREE",2,"North Atlantic","M","Molecular determination: ZFX/ZFY 5' exonuclease qPCR assay developed at SWFSC.",11/5/2015 0:00:00,,"Fatt003. NRDA sample.",11/5/2015 15:41:26,"dan.prosperi",6/20/2022 9:46:17
159699,"185068",,"SC0736",237060,,,,,,,,"STRANDING",392,"PATRICIA ROSEL",197,"Southeast Fisheries Science Center",,,,,"KMR",32,"032","C","CETACEA","F att","Feresa","attenuata","Pygmy killer whale",,,"Y","Donator requested that PI request permission to use in study","08/15/2007",2007,8,15,"approx 18th ave south, North Myrtle Beach",,,,"SOUTH CAROLINA","UNITED STATES OF AMERICA",33.8038,0.0001,"DEGREE",-78.7064,0.0001,"DEGREE",2,"North Atlantic","M","Molecular determination: ZFX/ZFY 5' exonuclease qPCR assay developed at SWFSC.",11/5/2015 0:00:00,,"Fatt004. Same individual as LABID 185068.",11/5/2015 15:41:26,"dan.prosperi",6/23/2022 15:01:59
159700,,,"SC0737",237061,,,,,,,,"STRANDING",392,"PATRICIA ROSEL",197,"Southeast Fisheries Science Center",,,,,"KMR",32,"032","C","CETACEA","F att","Feresa","attenuata","Pygmy killer whale",,,"Y","Donator requested that PI request permission to use in study","08/15/2007",2007,8,15,"at 25th Ave South, North Myrtle Beach",,,,"SOUTH CAROLINA","UNITED STATES OF AMERICA",33.8038,0.0001,"DEGREE",-78.7064,0.0001,"DEGREE",2,"North Atlantic","M","Molecular determination: ZFX/ZFY 5' exonuclease qPCR assay developed at SWFSC.",11/5/2015 0:00:00,,"Fatt005. Same individual as LABID 185069.",11/5/2015 15:41:26,"dan.prosperi",6/23/2022 15:01:59
159701,,"NRDA","MML0803",237062,,,,,,,,"STRANDING",392,"PATRICIA ROSEL",197,"Southeast Fisheries Science Center",,,,,"KMR",32,"032","C","CETACEA","F att","Feresa","attenuata","Pygmy killer whale",,,"Y","Sample not available for use.","06/16/2008",2008,6,16,"Beached on the east side on the Boca Grande Causeway, approx 250m South of the GIBA Swing Bridge, Gasparila Island",,,,"FLORIDA","UNITED STATES OF AMERICA",26.8202,0.0001,"DEGREE",-82.2711,0.0001,"DEGREE",2,"North Atlantic","M","Molecular determination: ZFX/ZFY 5' exonuclease qPCR assay developed at SWFSC.",11/5/2015 0:00:00,,"Fatt006. NRDA sample.",11/5/2015 15:41:26,"dan.prosperi",6/20/2022 9:46:17
159702,,,"GNL080",237063,,,,,,,,"STRANDING",392,"PATRICIA ROSEL",197,"Southeast Fisheries Science Center",,,,,"KMR",32,"032","C","CETACEA","F att","Feresa","attenuata","Pygmy killer whale",,,"Y","Donator requested that PI request permission to use in study","08/13/2008",2008,8,13,"Camp Lejeune",,,,"NORTH CAROLINA","UNITED STATES OF AMERICA",34.5317,0.0001,"DEGREE",-77.3315,0.0001,"DEGREE",2,"North Atlantic","M","Molecular determination: ZFX/ZFY 5' exonuclease qPCR assay developed at SWFSC.",11/5/2015 0:00:00,,"Fatt007",11/5/2015 15:41:26,"dan.prosperi",6/23/2022 15:01:59
159703,,,"DRN0049",237064,,,,,,,,"STRANDING",392,"PATRICIA ROSEL",197,"Southeast Fisheries Science Center",,,,,"KMR",32,"032","C","CETACEA","F att","Feresa","attenuata","Pygmy killer whale",,,"Y","Donator requested that PI request permission to use in study","03/08/2011",2011,3,8,"Rio Grande",,,,,"PUERTO RICO",18.4133,0.0001,"DEGREE",-65.8051,0.0001,"DEGREE",2,"North Atlantic","M","Molecular determination: ZFX/ZFY 5' exonuclease qPCR assay developed at SWFSC.",11/5/2015 0:00:00,,"Fatt008",11/5/2015 15:41:26,"dan.prosperi",6/23/2022 15:01:59
159704,,,"VAQS20131421",237065,,,,,,,,"STRANDING",392,"PATRICIA ROSEL",197,"Southeast Fisheries Science Center",,,,,"KMR",32,"032","C","CETACEA","F att","Feresa","attenuata","Pygmy killer whale",,,"Y","Donator requested that PI request permission to use in study","11/09/2013",2013,11,9,"Fort Story, East of lighthouse, Virginia Beach",,,,"VIRGINIA","UNITED STATES OF AMERICA",36.9214,0.0001,"DEGREE",-75.9959,0.0001,"DEGREE",2,"North Atlantic","F","Molecular determination: ZFX/ZFY 5' exonuclease qPCR assay developed at SWFSC.",11/5/2015 0:00:00,,"Fatt009",11/5/2015 15:41:26,"dan.prosperi",6/23/2022 15:01:59
159705,,,"VAQS20131422",237066,,,,,,,,"STRANDING",392,"PATRICIA ROSEL",197,"Southeast Fisheries Science Center",,,,,"KMR",32,"032","C","CETACEA","F att","Feresa","attenuata","Pygmy killer whale",,,"Y","Donator requested that PI request permission to use in study","11/09/2013",2013,11,9,"Fort Story, just east of lighthouse, Virginia Beach",,,,"VIRGINIA","UNITED STATES OF AMERICA",36.9237,0.0001,"DEGREE",-75.9989,0.0001,"DEGREE",2,"North Atlantic","F","Molecular determination: ZFX/ZFY 5' exonuclease qPCR assay developed at SWFSC.",11/5/2015 0:00:00,,"Fatt010",11/5/2015 15:41:26,"dan.prosperi",6/23/2022 15:01:59
159706,,,"VAQS20131424",237067,,,,,,,,"STRANDING",392,"PATRICIA ROSEL",197,"Southeast Fisheries Science Center",,,,,"KMR",32,"032","C","CETACEA","F att","Feresa","attenuata","Pygmy killer whale",,,"Y","Donator requested that PI request permission to use in study","11/18/2013",2013,11,18,"38th St, Oceanfront, Virginia Beach",,,,"VIRGINIA","UNITED STATES OF AMERICA",36.8662,0.0001,"DEGREE",-75.9783,0.0001,"DEGREE",2,"North Atlantic","F","Molecular determination: ZFX/ZFY 5' exonuclease qPCR assay developed at SWFSC.",11/5/2015 0:00:00,,"Fatt011",11/5/2015 15:41:26,"dan.prosperi",6/23/2022 15:01:59
159707,,"NRDA","31IMMS090115",237068,,,,,,,,"STRANDING",392,"PATRICIA ROSEL",197,"Southeast Fisheries Science Center",,,,,"KMR",32,"032","C","CETACEA","F att","Feresa","attenuata","Pygmy killer whale",,,"Y","Sample not available for use.","09/01/2015",2015,9,1,"In marsh between Louisiana state line and Waveland",,,,"MISSISSIPPI","UNITED STATES OF AMERICA",30.2056,0.0001,"DEGREE",-89.448,0.001,"DEGREE",2,"North Atlantic","M","Molecular determination: ZFX/ZFY 5' exonuclease qPCR assay developed at SWFSC.",11/5/2015 0:00:00,,"Fatt012. Live stranding, animal in rehab at IMMS. NRDA sample.",11/5/2015 15:41:26,"dan.prosperi",6/20/2022 9:46:17
159764,"116823",,"PIC150814.01",237122,,,,,,,,"BIOPSY (PROJECTILE)",501,"ERIN OLESON",453,"NMFS, PACIFIC ISLAND FISHERIES SCIENCE CENTER",,,,,"ARC",32,"032","C","CETACEA","F att","Feresa","attenuata","Pygmy killer whale",,,"Y","Donator requested that PI request permission to use in study","08/14/2015",2015,8,14,"9km WNW Facpi Pt.",,"Guam",,,"GUAM",13.37529,0.00001,"DEGREE",144.57563,0.00001,"DEGREE",1,"North Pacific","F","Molecular determination: ZFX/ZFY 5' exonuclease qPCR assay developed at SWFSC.",11/10/2015 0:00:00,,"part of sub-group with YOY. Same animal as Z116823 and Z116824.",11/10/2015 16:59:40,"Alaina.Harmon",8/25/2023 9:41:10
159989,,,"RWB2015NOV13.01",237303,,,,,,,,"BIOPSY (PROJECTILE)",673,"ROBIN BAIRD",255,"CASCADIA RESEARCH COLLECTIVE",,,,,"ARC",32,"032","C","CETACEA","F att","Feresa","attenuata","Pygmy killer whale",,,"Y","Donator requested that PI request permission to use in study","11/13/2015",2015,11,13,,,,,"HAWAII","UNITED STATES OF AMERICA",19.19596,0.00001,"DEGREE",-155.91762,0.00001,"DEGREE",1,"North Pacific","F","Molecular determination: ZFX/ZFY 5' exonuclease qPCR assay developed at SWFSC.",11/19/2015 0:00:00,,,11/19/2015 14:58:21,"dan.prosperi",6/10/2022 15:33:43
173621,,,"PKW",237729,,,,,,,,"STRANDING",641,"MUDJEKEEWIS SANTOS",426,"National Fisheries Research and Development Institute",,,,,"KMR",32,"032","C","CETACEA","F att","Feresa","attenuata","Pygmy killer whale",,,"Y","Donator requested that PI request permission to use in study","08/30/2012",2012,8,30,,,,,,"PHILIPPINES",,,,,,,1,"North Pacific","M","Molecular determination: ZFX/ZFY 5' exonuclease qPCR assay developed at SWFSC.",4/27/2016 0:00:00,,"Additional Contact: Louella Dolar",4/27/2016 11:26:04,"dan.prosperi",9/16/2022 8:37:49
174714,,,"KW2009006",237913,,,,,,,,"STRANDING",587,"KRISTI WEST",365,"HAWAII PACIFIC UNIVERSITY",,,"Contact Kristi West",,"ARC",32,"032","C","CETACEA","F att","Feresa","attenuata","Pygmy killer whale",,,"Y","Donator requested that PI request permission to use in study","05/22/2009",2009,5,22,"Residential area south of McGregor",,"Maui",,"HAWAII","UNITED STATES OF AMERICA",,,,,,,1,"North Pacific","M","Field determination: gonads were examined; carcass was examined and dissected.",7/25/2016 0:00:00,,"sex confirmed w/qPCR assay",7/25/2016 17:30:57,"dan.prosperi",6/7/2022 16:27:04
174715,,,"KW2015006",237914,,,,,,,,"STRANDING",587,"KRISTI WEST",365,"HAWAII PACIFIC UNIVERSITY",,,"Contact Kristi West",,"ARC",32,"032","C","CETACEA","F att","Feresa","attenuata","Pygmy killer whale",,,"Y","Donator requested that PI request permission to use in study","05/01/2015",2015,5,1,"Kailua-Kona, Manini Olu'wai Beach",,"Hawaii",,"HAWAII","UNITED STATES OF AMERICA",19.80936,0.00001,"DEGREE",-156.00589,0.00001,"DEGREE",1,"North Pacific","F","Field determination: gonads were examined; carcass was examined and dissected.",7/25/2016 0:00:00,,"sex confirmed w/qPCR assay  Longitude typo on orig. sheet listed as -150.00589. Corrected to -156.00589 per Google Earth verification on 8/13/2018 by BLH & GSV.",7/25/2016 17:30:57,"dan.prosperi",6/7/2022 16:27:04
175869,,,"RWB2016OCT10.01",238298,,,,,,,,"BIOPSY (PROJECTILE)",673,"ROBIN BAIRD",255,"CASCADIA RESEARCH COLLECTIVE",,,,,"ARC",32,"032","C","CETACEA","F att","Feresa","attenuata","Pygmy killer whale",,,"Y","Donator requested that PI request permission to use in study","10/10/2016",2016,10,10,,,"Oahu",,"HAWAII","UNITED STATES OF AMERICA",21.30385,0.00001,"DEGREE",-158.1606,0.0001,"DEGREE",1,"North Pacific","M","Molecular determination: ZFX/ZFY 5' exonuclease qPCR assay developed at SWFSC.",10/27/2016 0:00:00,,,10/27/2016 13:10:33,"dan.prosperi",6/10/2022 15:33:43
185067,,,"SC0735/MMES2007044SC",238806,,,,,,,,"STRANDING",663,"Rebecca Pugh",441,"NIST National Marine Mammal Tissue Bank",,,,,"ARC",32,"032","C","CETACEA","F att","Feresa","attenuata","Pygmy killer whale",,,"Y","Donator requested that PI request permission to use in study","08/15/2007",2007,8,15,"12th Avenue South on North Myrtle Beach",,,,"SOUTH CAROLINA","UNITED STATES OF AMERICA",33.8103,0.0001,"DEGREE",-78.6908,0.0001,"DEGREE",2,"North Atlantic","M","Field determination: gonads were examined; carcass was examined and dissected.",6/14/2017 0:00:00,,"sex confirmed w/qPCR assay  NIST storage id: NM18K1072C. Stranded alive along with 2 other males spaced between 10 blocks at
0645h on 15 August 2007.Sex confirmed via qPCR asay",6/14/2017 12:19:42,"dan.prosperi",7/1/2022 15:35:47
185068,"159699",,"SC0736/MMES2007045SC",238807,,,,,,,,"STRANDING",663,"Rebecca Pugh",441,"NIST National Marine Mammal Tissue Bank",,,,,"ARC",32,"032","C","CETACEA","F att","Feresa","attenuata","Pygmy killer whale",,,"Y","Donator requested that PI request permission to use in study","08/15/2007",2007,8,15,"approximately 18th Avenue South, North Myrtle Beach",,,,"SOUTH CAROLINA","UNITED STATES OF AMERICA",33.8038,0.0001,"DEGREE",-78.7064,0.0001,"DEGREE",2,"North Atlantic","M","Field determination: external exam only; live animal or carcass was examined but not dissected.",6/14/2017 0:00:00,,"sex also comfirmed qPCR>NIST storage id: NM18K1075C. One of three Fa's that stranded alive within a 10 block area in North
Myrtle Beach, SC at 0645h. Same animal as LABID159699. Alaina Harmon, 14 June 2022: Species was changed to P cra in the past, but Brittany Hanser verified that she's worked on this sample multiple times, and that it is definitely F att.",6/14/2017 12:19:42,"dan.prosperi",7/1/2022 15:35:47
185069,,,"SC0737/MMES2007046SC",238808,,,,,,,,"STRANDING",663,"Rebecca Pugh",441,"NIST National Marine Mammal Tissue Bank",,,,,"ARC",32,"032","C","CETACEA","F att","Feresa","attenuata","Pygmy killer whale",,,"Y","Donator requested that PI request permission to use in study","08/15/2007",2007,8,15,"at 25th Avenue South in North Myrtle Beach",,,,"SOUTH CAROLINA","UNITED STATES OF AMERICA",33.8038,0.0001,"DEGREE",-78.7064,0.0001,"DEGREE",2,"North Atlantic","M","Molecular determination: ZFX/ZFY 5' exonuclease qPCR assay developed at SWFSC.",6/14/2017 0:00:00,,"NIST storage id: NM18K1078C. One of three Fa's that stranded in a 10 block area on North Myrtle
Beach. Same animal as LABID159700.",6/14/2017 12:19:42,"dan.prosperi",7/1/2022 15:35:47
198380,,,"U18-084",177603,,,,,,,,"STRANDING",675,"ROCHELLE CONSTANTINE",549,"UNIVERSITY OF AUCKLAND, SCHOOL OF BIOLOGICAL SCIENCES",,,,,"PAM",32,"032","C","CETACEA","F att","Feresa","attenuata","Pygmy killer whale",,,"Y","Donator requested that PI request permission to use in study","11/27/2018",2018,11,27,"90 mile beach",,,,,"NEW ZEALAND",-34.68007,0.00001,"DEGREE",172.898978,0.00001,"DEGREE",3,"Indian Ocean","M","Molecular determination: ZFX/ZFY 5' exonuclease qPCR assay developed at SWFSC.",8/22/2019 0:00:00,,"Sex changed from F, GenDeter changed from 1    Euthanised - Data sheets for 2 whales, both female; unsure about morphometric data",8/22/2019 14:13:03,"dan.prosperi",6/27/2022 10:40:13
198381,,,"U18-079",177604,,,,,,,,"STRANDING",675,"ROCHELLE CONSTANTINE",549,"UNIVERSITY OF AUCKLAND, SCHOOL OF BIOLOGICAL SCIENCES",,,,,"PAM",32,"032","C","CETACEA","F att","Feresa","attenuata","Pygmy killer whale",,,"Y","Donator requested that PI request permission to use in study","11/28/2018",2018,11,28,"90 mile beach",,,,,"NEW ZEALAND",-34.68007,0.00001,"DEGREE",172.898978,0.00001,"DEGREE",3,"Indian Ocean","F","Molecular determination: ZFX/ZFY 5' exonuclease qPCR assay developed at SWFSC.",8/22/2019 0:00:00,,"euthanised",8/22/2019 14:13:03,"dan.prosperi",6/27/2022 10:40:13
198382,,,"U18-080",177605,,,,,,,,"STRANDING",675,"ROCHELLE CONSTANTINE",549,"UNIVERSITY OF AUCKLAND, SCHOOL OF BIOLOGICAL SCIENCES",,,,,"PAM",32,"032","C","CETACEA","F att","Feresa","attenuata","Pygmy killer whale",,,"Y","Donator requested that PI request permission to use in study","11/28/2018",2018,11,28,"90 mile beach",,,,,"NEW ZEALAND",-34.68007,0.00001,"DEGREE",172.898978,0.00001,"DEGREE",3,"Indian Ocean","M","Molecular determination: ZFX/ZFY 5' exonuclease qPCR assay developed at SWFSC.",8/22/2019 0:00:00,,"euthanised",8/22/2019 14:13:03,"dan.prosperi",6/27/2022 10:40:13
198383,,,"U18-081",177606,,,,,,,,"STRANDING",675,"ROCHELLE CONSTANTINE",549,"UNIVERSITY OF AUCKLAND, SCHOOL OF BIOLOGICAL SCIENCES",,,,,"PAM",32,"032","C","CETACEA","F att","Feresa","attenuata","Pygmy killer whale",,,"Y","Donator requested that PI request permission to use in study","11/28/2018",2018,11,28,"90 mile beach",,,,,"NEW ZEALAND",-34.68007,0.00001,"DEGREE",172.898978,0.00001,"DEGREE",3,"Indian Ocean","F","Molecular determination: ZFX/ZFY 5' exonuclease qPCR assay developed at SWFSC.",8/22/2019 0:00:00,,"euthanised",8/22/2019 14:13:03,"dan.prosperi",6/27/2022 10:40:13
198384,,,"U18-082",177607,,,,,,,,"STRANDING",675,"ROCHELLE CONSTANTINE",549,"UNIVERSITY OF AUCKLAND, SCHOOL OF BIOLOGICAL SCIENCES",,,,,"PAM",32,"032","C","CETACEA","F att","Feresa","attenuata","Pygmy killer whale",,,"Y","Donator requested that PI request permission to use in study","11/28/2018",2018,11,28,"90 mile beach",,,,,"NEW ZEALAND",-34.68007,0.00001,"DEGREE",172.898978,0.00001,"DEGREE",3,"Indian Ocean","M","Molecular determination: ZFX/ZFY 5' exonuclease qPCR assay developed at SWFSC.",8/22/2019 0:00:00,,"euthanised",8/22/2019 14:13:03,"dan.prosperi",6/27/2022 10:40:13
198385,,,"U18-083",177608,,,,,,,,"STRANDING",675,"ROCHELLE CONSTANTINE",549,"UNIVERSITY OF AUCKLAND, SCHOOL OF BIOLOGICAL SCIENCES",,,,,"PAM",32,"032","C","CETACEA","F att","Feresa","attenuata","Pygmy killer whale",,,"Y","Donator requested that PI request permission to use in study","11/28/2018",2018,11,28,"90 mile beach",,,,,"NEW ZEALAND",-34.68007,0.00001,"DEGREE",172.898978,0.00001,"DEGREE",3,"Indian Ocean","F","Molecular determination: ZFX/ZFY 5' exonuclease qPCR assay developed at SWFSC.",8/22/2019 0:00:00,,"euthanised",8/22/2019 14:13:03,"dan.prosperi",6/27/2022 10:40:13
198386,,,"U18-086",177609,,,,,,,,"STRANDING",675,"ROCHELLE CONSTANTINE",549,"UNIVERSITY OF AUCKLAND, SCHOOL OF BIOLOGICAL SCIENCES",,,,,"PAM",32,"032","C","CETACEA","F att","Feresa","attenuata","Pygmy killer whale",,,"Y","Donator requested that PI request permission to use in study","11/29/2018",2018,11,29,"90 mile beach",,,,,"NEW ZEALAND",-34.68007,0.00001,"DEGREE",172.898978,0.00001,"DEGREE",3,"Indian Ocean","M","Molecular determination: ZFX/ZFY 5' exonuclease qPCR assay developed at SWFSC.",8/22/2019 0:00:00,,"Single stranding - maybe from original 10-need to confirm species ID",8/22/2019 14:13:03,"dan.prosperi",6/27/2022 10:40:13
198468,,,"KW2019016",177691,,,,,,,,"STRANDING",587,"KRISTI WEST",365,"HAWAII PACIFIC UNIVERSITY",,,"Contact Kristi West",,"ARC",32,"032","C","CETACEA","F att","Feresa","attenuata","Pygmy killer whale",,,"Y","Donator requested that PI request permission to use in study","08/29/2019",2019,8,29,"Sugar Beach, Maalaea Bay, Kihei",,"Maui",,"HAWAII","UNITED STATES OF AMERICA",20.78487,0.00001,"DEGREE",-156.467618,0.000001,"DEGREE",1,"North Pacific","M","Molecular determination: ZFX/ZFY 5' exonuclease qPCR assay developed at SWFSC.",9/20/2019 0:00:00,,"Part of pygmy killer whale mass stranding.",9/20/2019 12:55:15,"b_h",7/11/2022 8:43:32
198469,,,"KW2019017",177692,,,,,,,,"STRANDING",587,"KRISTI WEST",365,"HAWAII PACIFIC UNIVERSITY",,,"Contact Kristi West",,"ARC",32,"032","C","CETACEA","F att","Feresa","attenuata","Pygmy killer whale",,,"Y","Donator requested that PI request permission to use in study","08/29/2019",2019,8,29,"Sugar Beach, Maalaea Bay, Kihei",,"Maui",,"HAWAII","UNITED STATES OF AMERICA",20.78487,0.00001,"DEGREE",-156.467618,0.000001,"DEGREE",1,"North Pacific","F","Molecular determination: ZFX/ZFY 5' exonuclease qPCR assay developed at SWFSC.",9/20/2019 0:00:00,,"Part of pygmy killer whale mass stranding.",9/20/2019 12:55:15,"dan.prosperi",6/7/2022 16:27:04
198470,,,"KW2019018",177693,,,,,,,,"STRANDING",587,"KRISTI WEST",365,"HAWAII PACIFIC UNIVERSITY",,,"Contact Kristi West",,"ARC",32,"032","C","CETACEA","F att","Feresa","attenuata","Pygmy killer whale",,,"Y","Donator requested that PI request permission to use in study","08/29/2019",2019,8,29,"Sugar Beach, Maalaea Bay, Kihei",,"Maui",,"HAWAII","UNITED STATES OF AMERICA",20.78487,0.00001,"DEGREE",-156.467618,0.000001,"DEGREE",1,"North Pacific","F","Molecular determination: ZFX/ZFY 5' exonuclease qPCR assay developed at SWFSC.",9/20/2019 0:00:00,,"Part of pygmy killer whale mass stranding.",9/20/2019 12:55:15,"dan.prosperi",6/7/2022 16:27:04
198471,,,"KW2019019",177694,,,,,,,,"STRANDING",587,"KRISTI WEST",365,"HAWAII PACIFIC UNIVERSITY",,,"Contact Kristi West",,"ARC",32,"032","C","CETACEA","F att","Feresa","attenuata","Pygmy killer whale",,,"Y","Donator requested that PI request permission to use in study","08/29/2019",2019,8,29,"Sugar Beach, Maalaea Bay, Kihei",,"Maui",,"HAWAII","UNITED STATES OF AMERICA",20.78487,0.00001,"DEGREE",-156.467618,0.000001,"DEGREE",1,"North Pacific","F","Molecular determination: ZFX/ZFY 5' exonuclease qPCR assay developed at SWFSC.",9/20/2019 0:00:00,,"Part of pygmy killer whale mass stranding.",9/20/2019 12:55:15,"dan.prosperi",6/7/2022 16:27:04
198472,,,"KW2019020",177695,,,,,,,,"STRANDING",587,"KRISTI WEST",365,"HAWAII PACIFIC UNIVERSITY",,,"Contact Kristi West",,"ARC",32,"032","C","CETACEA","F att","Feresa","attenuata","Pygmy killer whale",,,"Y","Donator requested that PI request permission to use in study","08/29/2019",2019,8,29,"Sugar Beach, Maalaea Bay, Kihei",,"Maui",,"HAWAII","UNITED STATES OF AMERICA",20.78487,0.00001,"DEGREE",-156.467618,0.000001,"DEGREE",1,"North Pacific","M","Molecular determination: ZFX/ZFY 5' exonuclease qPCR assay developed at SWFSC.",9/20/2019 0:00:00,,"Part of pygmy killer whale mass stranding.",9/20/2019 12:55:15,"dan.prosperi",6/7/2022 16:27:04
214427,,,"OES200130.01mB",255017,"ADULT",,,"Marie Hill","PIFSC",1/31/2023 0:00:00,2/1/2023 0:00:00,"BIOPSY (PROJECTILE)",1048,"Marie Hill",176,"PIFSC","Ernesto Vazquez","PIFSC",,,"KKM",32,"032","C","CETACEA","F att","Feresa","attenuata","Pygmy killer whale",,,"Y","Donator requested that PI request permission to use in study","01/30/2020",2020,1,30,"Main Hawaiian Islands, Molokai/Lanai, Hawaii, USA",,"Molokai","Maui","HAWAII","UNITED STATES OF AMERICA",20.9262,0.0001,"Degree",-157.268,0.0001,"Degree",1,"North Pacific","U","Field determination: field observation (photo/sex dimorphism); no carcass in hand for examination.",3/15/2023 0:00:00,,,3/15/2023 15:19:25,"dan.prosperi",8/16/2023 8:28:43
216954,,,"LSK231120.01s",257149,"ADULT",,"Reuben Lasker","Brittany Hancock-Hanser","SWFSC",,12/4/2023 0:00:00,"BIOPSY (PROJECTILE)",1048,"Marie Hill",176,"PIFSC","Carrie Sinclair","PIFSC",,,"KKM",32,"032","C","CETACEA","F att","Feresa","attenuata","Pygmy killer whale",,,"Y","Donator requested that PI request permission to use in study","11/20/2023",2023,11,20,"Main Hawaiian Islands",,"Lanai","Maui","HAWAII","UNITED STATES OF AMERICA",20.9099,0.00001,"Degree",-157.1379,0.00001,"Degree",1,"North Pacific","U",,2/22/2024 0:00:00,,,2/22/2024 14:44:24,"Alaina.Harmon",2/22/2024 15:07:36
216955,,,"LSK231120.02s",257150,"ADULT",,"Reuben Lasker","Brittany Hancock-Hanser","SWFSC",,12/4/2023 0:00:00,"BIOPSY (PROJECTILE)",1048,"Marie Hill",176,"PIFSC","Carrie Sinclair","PIFSC",,,"KKM",32,"032","C","CETACEA","F att","Feresa","attenuata","Pygmy killer whale",,,"Y","Donator requested that PI request permission to use in study","11/20/2023",2023,11,20,"Main Hawaiian Islands",,"Lanai","Maui","HAWAII","UNITED STATES OF AMERICA",20.9099,0.00001,"Degree",-157.1379,0.00001,"Degree",1,"North Pacific","U",,2/22/2024 0:00:00,,,2/22/2024 14:44:24,"Alaina.Harmon",2/22/2024 15:07:37
216956,,,"LSK231120.03s",257151,"ADULT",,"Reuben Lasker","Brittany Hancock-Hanser","SWFSC",,12/4/2023 0:00:00,"BIOPSY (PROJECTILE)",1048,"Marie Hill",176,"PIFSC","Juan Carlos Salinas","PIFSC",,,"KKM",32,"032","C","CETACEA","F att","Feresa","attenuata","Pygmy killer whale",,,"Y","Donator requested that PI request permission to use in study","11/20/2023",2023,11,20,"Main Hawaiian Islands",,"Lanai","Maui","HAWAII","UNITED STATES OF AMERICA",20.9099,0.00001,"Degree",-157.1379,0.00001,"Degree",1,"North Pacific","U",,2/22/2024 0:00:00,,,2/22/2024 14:44:24,"Alaina.Harmon",2/22/2024 15:07:37
