Feresa_archive_dump_4June2024_LabID,Feresa_DID_D_ID,dbo_vw_DNA_Storage_LabID,CellStatus,Freezer,Freezer_Description,Rack,Box,Row,Column,T_ID,DNAInStock,DNA_Type,DQuant,DQuant_Description,CheckedOut,Checked_Out_By,Checked_Out_For,Feresa_DID_Comments,Batch_.,Extracted_By,Extraction_Date,Extraction_Comments,InventoryDate,Inventory_Tech,Accession_Date,Feresa_DID_Edit_User,Feresa_DID_Edit_Date,Feresa_DID_Record_Creation_Date,Concentration_ID,dbo_vw_DNA_Concentration_D_ID,Quantification_Date,Done_by_Name,Equipment_Method,Concentration_ng_ul,Concentration_260_280,Concentration_260_230,Quantity_Copies,Assay,dbo_vw_DNA_Concentration_Comments,dbo_vw_DNA_Concentration_Edit_User,dbo_vw_DNA_Concentration_Edit_Date,dbo_vw_DNA_Concentration_Record_Creation_Date
35856,65006,35856,1,F7,"-80C upright freezer, Marine Mammal and Turtle DNA",15,757,C,6,37255,Y,Genomic DNA,4,>50ul,N,,,,716,Jake Minich,2/7/12,random extraction set for KLR,,,,Alaina Harmon,2/7/24,6/28/12,,,,,,,,,,,,,,
35856,112915,35856,1,F6,"-80C upright freezer, Marine Mammal and Turtle DNA",7,1071,L,9,37255,Y,Genomic DNA,3,>25ul and <=50ul,N,,,,2228,Brittany Hanser,2/5/20,Redo for mito Feresa,,,2/14/20,Alaina Harmon,3/19/24,2/14/20,64695,112915,2/11/20,Brittany Hanser,Victor Fluorometry,101.65,,,,,,Alaina Harmon,11/20/20,11/20/20
48079,87830,48079,1,F5,"-80C chest freezer, Bone Room DNA",1,10,J,6,51562,Y,Genomic DNA,1,<=10ul,N,,,,1428,Kelly Robertson,12/9/15,BONE extractions for various people,,,12/9/15,Gabriela Serra-Valente,8/3/17,12/9/15,,,,,,,,,,,,,,
48132,87799,48132,1,F6,"-80C upright freezer, Marine Mammal and Turtle DNA",1,946,A,3,51614,Y,Genomic DNA,3,>25ul and <=50ul,N,,,,1425,Anke Kleuter,11/9/15,CalcruCeas 2014 batch 5,,,12/3/15,Alaina Harmon,2/7/24,12/3/15,,,,,,,,,,,,,,
55171,65007,55171,1,F7,"-80C upright freezer, Marine Mammal and Turtle DNA",15,757,C,7,64476,Y,Genomic DNA,3,>25ul and <=50ul,N,,,,716,Jake Minich,2/7/12,random extraction set for KLR,,,,Alaina Harmon,2/7/24,6/28/12,,,,,,,,,,,,,,
55171,112916,55171,1,F6,"-80C upright freezer, Marine Mammal and Turtle DNA",7,1071,L,10,64476,Y,Genomic DNA,3,>25ul and <=50ul,N,,,,2228,Brittany Hanser,2/5/20,Redo for mito Feresa,,,2/14/20,Alaina Harmon,3/19/24,2/14/20,64686,112916,2/11/20,Brittany Hanser,Victor Fluorometry,92.77,,,,,,Alaina Harmon,11/20/20,11/20/20
2605,26786,2605,1,F1,"-80C upright freezer, Marine Mammal and Turtle DNA",10,183,A,1,,Y,Genomic DNA,2,>10ul and <=25ul,N,,,,,,,,4/14/06,Lauren Hess,,Dan Prosperi,7/2/12,6/28/12,,,,,,,,,,,,,,
2605,35372,2605,1,F1,"-80C upright freezer, Marine Mammal and Turtle DNA",12,221,I,9,,Y,Genomic DNA,3,>25ul and <=50ul,N,,,,,,,,,,,Alaina Harmon,2/7/24,6/28/12,,,,,,,,,,,,,,
3944,26787,3944,1,F1,"-80C upright freezer, Marine Mammal and Turtle DNA",10,183,A,2,,Y,Genomic DNA,2,>10ul and <=25ul,N,,,,,,,,4/14/06,Lauren Hess,,Alaina Harmon,2/7/24,6/28/12,6559,26787,,,,380,,,,,,Dan Prosperi,5/19/14,5/19/14
5747,26788,5747,1,F1,"-80C upright freezer, Marine Mammal and Turtle DNA",10,183,A,3,,Y,Genomic DNA,4,>50ul,N,,,,,,,,4/14/06,Lauren Hess,,Dan Prosperi,7/2/12,6/28/12,,,,,,,,,,,,,,
5747,65235,5747,1,F7,"-80C upright freezer, Marine Mammal and Turtle DNA",15,760,B,1,,Y,Genomic DNA,3,>25ul and <=50ul,N,,,,722,Louella Dolar,3/8/12,for KMR - Philippine loan (BFAR),,,,Alaina Harmon,2/7/24,6/28/12,,,,,,,,,,,,,,
5749,50436,5749,1,F7,"-80C upright freezer, Marine Mammal and Turtle DNA",1,468,B,6,,Y,Genomic DNA,4,>50ul,N,,,,303,Louella Dolar,11/17/09,Entered by LLD,,,,Gabriela Serra-Valente,4/10/18,6/28/12,,,,,,,,,,,,,,
5749,65236,5749,1,F7,"-80C upright freezer, Marine Mammal and Turtle DNA",15,760,B,2,,Y,Genomic DNA,3,>25ul and <=50ul,N,,,,722,Louella Dolar,3/8/12,for KMR - Philippine loan (BFAR),,,,Alaina Harmon,2/7/24,6/28/12,,,,,,,,,,,,,,
9549,26789,9549,1,F1,"-80C upright freezer, Marine Mammal and Turtle DNA",10,183,A,4,,Y,Genomic DNA,4,>50ul,N,,,,,,,,4/14/06,Lauren Hess,,Alaina Harmon,2/7/24,6/28/12,,,,,,,,,,,,,,
9550,26790,9550,1,F1,"-80C upright freezer, Marine Mammal and Turtle DNA",10,183,A,5,,Y,Genomic DNA,4,>50ul,N,,,,,,,,4/14/06,Lauren Hess,,Alaina Harmon,2/7/24,6/28/12,,,,,,,,,,,,,,
9551,26791,9551,1,F1,"-80C upright freezer, Marine Mammal and Turtle DNA",10,183,A,6,,Y,Genomic DNA,4,>50ul,N,,,,,,,,4/14/06,Lauren Hess,,Alaina Harmon,2/7/24,6/28/12,,,,,,,,,,,,,,
9551,112911,9551,1,F6,"-80C upright freezer, Marine Mammal and Turtle DNA",7,1071,L,5,9344,Y,Genomic DNA,2,>10ul and <=25ul,N,,,,2228,Brittany Hanser,2/5/20,Redo for mito Feresa,,,2/14/20,Alaina Harmon,3/19/24,2/14/20,64682,112911,2/11/20,Brittany Hanser,Victor Fluorometry,0,,,,,,Alaina Harmon,11/20/20,11/20/20
9552,26792,9552,1,F1,"-80C upright freezer, Marine Mammal and Turtle DNA",10,183,A,7,,Y,Genomic DNA,4,>50ul,N,,,,,,,,4/14/06,Lauren Hess,,Alaina Harmon,2/7/24,6/28/12,,,,,,,,,,,,,,
9552,112912,9552,1,F6,"-80C upright freezer, Marine Mammal and Turtle DNA",7,1071,L,6,9345,Y,Genomic DNA,3,>25ul and <=50ul,N,,,,2228,Brittany Hanser,2/5/20,Redo for mito Feresa,,,2/14/20,Alaina Harmon,3/19/24,2/14/20,64701,112912,2/11/20,Brittany Hanser,Victor Fluorometry,35.5,,,,,,Alaina Harmon,11/20/20,11/20/20
9853,26793,9853,1,F1,"-80C upright freezer, Marine Mammal and Turtle DNA",10,183,A,8,,Y,Genomic DNA,4,>50ul,N,,,,,,,,4/14/06,Lauren Hess,,Alaina Harmon,2/7/24,6/28/12,,,,,,,,,,,,,,
11707,26794,11707,1,F1,"-80C upright freezer, Marine Mammal and Turtle DNA",10,183,A,9,,Y,Genomic DNA,4,>50ul,N,,,,,,,,4/14/06,Lauren Hess,,Alaina Harmon,2/7/24,6/28/12,,,,,,,,,,,,,,
11708,26795,11708,1,F1,"-80C upright freezer, Marine Mammal and Turtle DNA",10,183,B,1,,Y,Genomic DNA,4,>50ul,N,,,,,,,,4/14/06,Lauren Hess,,Alaina Harmon,2/7/24,6/28/12,,,,,,,,,,,,,,
11709,26796,11709,1,F1,"-80C upright freezer, Marine Mammal and Turtle DNA",10,183,B,2,,Y,Genomic DNA,4,>50ul,N,,,,,,,,4/14/06,Lauren Hess,,Alaina Harmon,2/7/24,6/28/12,,,,,,,,,,,,,,
11710,26797,11710,1,F1,"-80C upright freezer, Marine Mammal and Turtle DNA",10,183,B,3,,Y,Genomic DNA,4,>50ul,N,,,,,,,,4/14/06,Lauren Hess,,Alaina Harmon,2/7/24,6/28/12,,,,,,,,,,,,,,
11710,39815,11710,1,F1,"-80C upright freezer, Marine Mammal and Turtle DNA",13,245,A,8,,Y,Genomic DNA,2,>10ul and <=25ul,N,,,,,,,,,,,Alaina Harmon,2/7/24,6/28/12,,,,,,,,,,,,,,
11711,26798,11711,1,F1,"-80C upright freezer, Marine Mammal and Turtle DNA",10,183,B,4,,Y,Genomic DNA,3,>25ul and <=50ul,N,,,,,,,,4/14/06,Lauren Hess,,Alaina Harmon,2/7/24,6/28/12,6560,26798,,,,225,,,,,,Dan Prosperi,5/19/14,5/19/14
18132,26799,18132,1,F1,"-80C upright freezer, Marine Mammal and Turtle DNA",10,183,B,5,,Y,Genomic DNA,3,>25ul and <=50ul,N,,,,,,,,4/14/06,Lauren Hess,,Alaina Harmon,2/7/24,6/28/12,6561,26799,,,,58.97,,,,,,Dan Prosperi,5/19/14,5/19/14
18133,26800,18133,1,F1,"-80C upright freezer, Marine Mammal and Turtle DNA",10,183,B,6,,Y,Genomic DNA,4,>50ul,N,,,,,,,,4/14/06,Lauren Hess,,Alaina Harmon,2/7/24,6/28/12,,,,,,,,,,,,,,
18134,26801,18134,1,F1,"-80C upright freezer, Marine Mammal and Turtle DNA",10,183,B,7,,Y,Genomic DNA,1,<=10ul,N,,,,,,,,4/14/06,Lauren Hess,,Alaina Harmon,2/7/24,6/28/12,,,,,,,,,,,,,,
18135,26802,18135,1,F1,"-80C upright freezer, Marine Mammal and Turtle DNA",10,183,B,8,,Y,Genomic DNA,4,>50ul,N,,,,,,,,4/14/06,Lauren Hess,,Dan Prosperi,7/2/12,6/28/12,,,,,,,,,,,,,,
18135,49299,18135,1,F1,"-80C upright freezer, Marine Mammal and Turtle DNA",19,377,H,9,,Y,Genomic DNA,4,>50ul,N,,,,,,,,,,,Alaina Harmon,2/7/24,6/28/12,,,,,,,,,,,,,,
18135,49300,18135,1,F1,"-80C upright freezer, Marine Mammal and Turtle DNA",19,377,I,1,,Y,Genomic DNA,4,>50ul,N,,,,,,,,,,,Alaina Harmon,2/7/24,6/28/12,,,,,,,,,,,,,,
18136,26803,18136,1,F1,"-80C upright freezer, Marine Mammal and Turtle DNA",10,183,B,9,,Y,Genomic DNA,4,>50ul,N,,,,,,,,4/14/06,Lauren Hess,,Alaina Harmon,2/7/24,6/28/12,6562,26803,3/21/14,Kelly Robertson,Victor Fluorometry,90.06,,,,,,Dan Prosperi,5/23/14,5/19/14
18136,49301,18136,-1,F1,"-80C upright freezer, Marine Mammal and Turtle DNA",19,377,I,2,,N,Genomic DNA,0,None left,N,,,"Used up, used for SR314 per KMR 2/19/2014",,,,,,,,Nicky Beaulieu,2/19/14,6/28/12,,,,,,,,,,,,,,
18136,49302,18136,1,F1,"-80C upright freezer, Marine Mammal and Turtle DNA",19,377,I,3,,Y,Genomic DNA,3,>25ul and <=50ul,N,,,,,,,,,,,Alaina Harmon,2/7/24,6/28/12,9434,49302,3/21/14,Kelly Robertson,Victor Fluorometry,3.44,,,,,,Dan Prosperi,5/23/14,5/19/14
18137,26804,18137,1,F1,"-80C upright freezer, Marine Mammal and Turtle DNA",10,183,C,1,,Y,Genomic DNA,4,>50ul,N,,,,,,,,4/14/06,Lauren Hess,,Alaina Harmon,2/7/24,6/28/12,6563,26804,3/21/14,Kelly Robertson,Victor Fluorometry,61.75,,,,,,Dan Prosperi,5/23/14,5/19/14
30074,26805,30074,1,F1,"-80C upright freezer, Marine Mammal and Turtle DNA",10,183,C,2,,Y,Genomic DNA,2,>10ul and <=25ul,N,,,,,,,,4/14/06,Lauren Hess,,Alaina Harmon,2/7/24,6/28/12,6564,26805,,,,49.3,,,,,,Dan Prosperi,5/19/14,5/19/14
30074,65055,30074,-1,F7,"-80C upright freezer, Marine Mammal and Turtle DNA",15,757,I,1,31306,N,Genomic DNA,0,None left,N,,,Used-up per KMR 7/9/2012,716,Jake Minich,2/7/12,random extraction set for KLR,,,,Alaina Harmon,2/2/22,6/28/12,,,,,,,,,,,,,,
30074,112913,30074,1,F6,"-80C upright freezer, Marine Mammal and Turtle DNA",7,1071,L,7,31306,Y,Genomic DNA,2,>10ul and <=25ul,N,,,,2228,Brittany Hanser,2/5/20,Redo for mito Feresa,,,2/14/20,Alaina Harmon,3/19/24,2/14/20,64691,112913,2/11/20,Brittany Hanser,Victor Fluorometry,0,,,,,,Alaina Harmon,11/20/20,11/20/20
30075,26806,30075,1,F1,"-80C upright freezer, Marine Mammal and Turtle DNA",10,183,C,3,31308,Y,Genomic DNA,2,>10ul and <=25ul,N,,,,,,,,4/14/06,Lauren Hess,,Alaina Harmon,2/7/24,6/28/12,6565,26806,,,,228,,,,,,Dan Prosperi,5/19/14,5/19/14
30076,26807,30076,1,F1,"-80C upright freezer, Marine Mammal and Turtle DNA",10,183,C,4,31309,Y,Genomic DNA,3,>25ul and <=50ul,N,,,,,,,,4/14/06,Lauren Hess,,Alaina Harmon,2/7/24,6/28/12,6566,26807,,,,432,,,,,,Dan Prosperi,5/19/14,5/19/14
35855,65005,35855,1,F7,"-80C upright freezer, Marine Mammal and Turtle DNA",15,757,C,5,37254,Y,Genomic DNA,4,>50ul,N,,,,716,Jake Minich,2/7/12,random extraction set for KLR,,,,Alaina Harmon,2/7/24,6/28/12,,,,,,,,,,,,,,
35855,112914,35855,1,F6,"-80C upright freezer, Marine Mammal and Turtle DNA",7,1071,L,8,37254,Y,Genomic DNA,3,>25ul and <=50ul,N,,,,2228,Brittany Hanser,2/5/20,Redo for mito Feresa,,,2/14/20,Alaina Harmon,3/19/24,2/14/20,64699,112914,2/11/20,Brittany Hanser,Victor Fluorometry,27.59,,,,,,Alaina Harmon,11/20/20,11/20/20
185069,,,,,,,,,,,,,,,,,,,,,,,,,,,,,,,,,,,,,,,,,,
198380,112899,198380,1,F6,"-80C upright freezer, Marine Mammal and Turtle DNA",7,1071,M,13,238764,Y,Genomic DNA,2,>10ul and <=25ul,N,,,,2227,Brittany Hanser,10/28/19,Feresa Kwest and NZ,,,2/14/20,Alaina Harmon,3/19/24,2/14/20,64705,112899,11/5/19,Brittany Hanser,Victor Fluorometry,17.39,,,,,,Alaina Harmon,11/20/20,11/20/20
198381,112900,198381,1,F6,"-80C upright freezer, Marine Mammal and Turtle DNA",7,1072,A,1,238765,Y,Genomic DNA,1,<=10ul,N,,,,2227,Brittany Hanser,10/28/19,Feresa Kwest and NZ,,,2/14/20,Alaina Harmon,3/19/24,2/14/20,64709,112900,11/5/19,Brittany Hanser,Victor Fluorometry,53.57,,,,,,Alaina Harmon,11/20/20,11/20/20
198382,112901,198382,1,F6,"-80C upright freezer, Marine Mammal and Turtle DNA",7,1072,A,2,238766,Y,Genomic DNA,2,>10ul and <=25ul,N,,,,2227,Brittany Hanser,10/28/19,Feresa Kwest and NZ,,,2/14/20,Alaina Harmon,3/19/24,2/14/20,64702,112901,11/5/19,Brittany Hanser,Victor Fluorometry,59.17,,,,,,Alaina Harmon,11/20/20,11/20/20
198383,112902,198383,1,F6,"-80C upright freezer, Marine Mammal and Turtle DNA",7,1072,A,3,238767,Y,Genomic DNA,1,<=10ul,N,,,,2227,Brittany Hanser,10/28/19,Feresa Kwest and NZ,,,2/14/20,Alaina Harmon,3/19/24,2/14/20,64713,112902,11/5/19,Brittany Hanser,Victor Fluorometry,39.45,,,,,,Alaina Harmon,11/20/20,11/20/20
198384,112903,198384,1,F6,"-80C upright freezer, Marine Mammal and Turtle DNA",7,1072,A,4,238768,Y,Genomic DNA,1,<=10ul,N,,,,2227,Brittany Hanser,10/28/19,Feresa Kwest and NZ,,,2/14/20,Alaina Harmon,3/19/24,2/14/20,64707,112903,11/5/19,Brittany Hanser,Victor Fluorometry,22.45,,,,,,Alaina Harmon,11/20/20,11/20/20
198385,112904,198385,1,F6,"-80C upright freezer, Marine Mammal and Turtle DNA",7,1072,A,5,238769,Y,Genomic DNA,2,>10ul and <=25ul,N,,,,2227,Brittany Hanser,10/28/19,Feresa Kwest and NZ,,,2/14/20,Alaina Harmon,3/19/24,2/14/20,64711,112904,11/5/19,Brittany Hanser,Victor Fluorometry,8.1,,,,,,Alaina Harmon,11/20/20,11/20/20
198385,112929,198385,1,F6,"-80C upright freezer, Marine Mammal and Turtle DNA",7,1071,M,10,238769,Y,Genomic DNA,3,>25ul and <=50ul,N,,,,2228,Brittany Hanser,2/5/20,Redo for mito Feresa,,,2/14/20,Alaina Harmon,3/19/24,2/14/20,64694,112929,2/11/20,Brittany Hanser,Victor Fluorometry,29.35,,,,,,Alaina Harmon,11/20/20,11/20/20
198386,112905,198386,1,F6,"-80C upright freezer, Marine Mammal and Turtle DNA",7,1072,A,6,238770,Y,Genomic DNA,2,>10ul and <=25ul,N,,,,2227,Brittany Hanser,10/28/19,Feresa Kwest and NZ,,,2/14/20,Alaina Harmon,3/19/24,2/14/20,64710,112905,11/5/19,Brittany Hanser,Victor Fluorometry,5.49,,,,,,Alaina Harmon,11/20/20,11/20/20
198386,112930,198386,1,F6,"-80C upright freezer, Marine Mammal and Turtle DNA",7,1071,M,11,238770,Y,Genomic DNA,2,>10ul and <=25ul,N,,,,2228,Brittany Hanser,2/5/20,Redo for mito Feresa,,,2/14/20,Alaina Harmon,3/19/24,2/14/20,64685,112930,2/11/20,Brittany Hanser,Victor Fluorometry,100.78,,,,,,Alaina Harmon,11/20/20,11/20/20
198468,112906,198468,1,F6,"-80C upright freezer, Marine Mammal and Turtle DNA",7,1072,A,7,238863,Y,Genomic DNA,2,>10ul and <=25ul,N,,,,2227,Brittany Hanser,10/28/19,Feresa Kwest and NZ,,,2/14/20,Alaina Harmon,3/19/24,2/14/20,64703,112906,11/5/19,Brittany Hanser,Victor Fluorometry,10.55,,,,,,Alaina Harmon,11/20/20,11/20/20
198469,112907,198469,1,F6,"-80C upright freezer, Marine Mammal and Turtle DNA",7,1072,A,8,238864,Y,Genomic DNA,2,>10ul and <=25ul,N,,,,2227,Brittany Hanser,10/28/19,Feresa Kwest and NZ,,,2/14/20,Alaina Harmon,3/19/24,2/14/20,64708,112907,11/5/19,Brittany Hanser,Victor Fluorometry,0.24,,,,,,Alaina Harmon,11/20/20,11/20/20
198469,112931,198469,1,F6,"-80C upright freezer, Marine Mammal and Turtle DNA",7,1071,M,12,238864,Y,Genomic DNA,3,>25ul and <=50ul,N,,,,2228,Brittany Hanser,2/5/20,Redo for mito Feresa,,,2/14/20,Alaina Harmon,3/19/24,2/14/20,64698,112931,2/11/20,Brittany Hanser,Victor Fluorometry,465.07,,,,,,Alaina Harmon,11/20/20,11/20/20
198470,112908,198470,1,F6,"-80C upright freezer, Marine Mammal and Turtle DNA",7,1072,A,9,238865,Y,Genomic DNA,2,>10ul and <=25ul,N,,,,2227,Brittany Hanser,10/28/19,Feresa Kwest and NZ,,,2/14/20,Alaina Harmon,3/19/24,2/14/20,64704,112908,11/5/19,Brittany Hanser,Victor Fluorometry,24.74,,,,,,Alaina Harmon,11/20/20,11/20/20
198471,112909,198471,1,F6,"-80C upright freezer, Marine Mammal and Turtle DNA",7,1072,A,10,238866,Y,Genomic DNA,4,>50ul,N,,,,2227,Brittany Hanser,10/28/19,Feresa Kwest and NZ,,,2/14/20,Alaina Harmon,3/19/24,2/14/20,64712,112909,11/5/19,Brittany Hanser,Victor Fluorometry,18.52,,,,,,Alaina Harmon,11/20/20,11/20/20
198472,112910,198472,1,F6,"-80C upright freezer, Marine Mammal and Turtle DNA",7,1072,A,11,238867,Y,Genomic DNA,3,>25ul and <=50ul,N,,,,2227,Brittany Hanser,10/28/19,Feresa Kwest and NZ,,,2/14/20,Alaina Harmon,3/19/24,2/14/20,64706,112910,11/5/19,Brittany Hanser,Victor Fluorometry,103.39,,,,,,Alaina Harmon,11/20/20,11/20/20
214427,125330,214427,1,F1,"-80C upright freezer, Marine Mammal and Turtle DNA",17,332,I,3,256021,Y,Genomic DNA,3,>25ul and <=50ul,Y,Vicki Pease,,,2440,Vicki Pease,6/2/23,,,,9/14/23,Alaina Harmon,9/29/23,9/14/23,,,,,,,,,,,,,,
216954,,,,,,,,,,,,,,,,,,,,,,,,,,,,,,,,,,,,,,,,,,
216955,,,,,,,,,,,,,,,,,,,,,,,,,,,,,,,,,,,,,,,,,,
216956,,,,,,,,,,,,,,,,,,,,,,,,,,,,,,,,,,,,,,,,,,
55172,65008,55172,1,F7,"-80C upright freezer, Marine Mammal and Turtle DNA",15,757,C,8,64477,Y,Genomic DNA,1,<=10ul,N,,,,716,Jake Minich,2/7/12,random extraction set for KLR,,,,Alaina Harmon,2/7/24,6/28/12,,,,,,,,,,,,,,
55172,112917,55172,1,F6,"-80C upright freezer, Marine Mammal and Turtle DNA",7,1071,L,11,64477,Y,Genomic DNA,3,>25ul and <=50ul,N,,,,2228,Brittany Hanser,2/5/20,Redo for mito Feresa,,,2/14/20,Alaina Harmon,3/19/24,2/14/20,64693,112917,2/11/20,Brittany Hanser,Victor Fluorometry,209.49,,,,,,Alaina Harmon,11/20/20,11/20/20
55173,65009,55173,1,F7,"-80C upright freezer, Marine Mammal and Turtle DNA",15,757,C,9,64478,Y,Genomic DNA,4,>50ul,N,,,,716,Jake Minich,2/7/12,random extraction set for KLR,,,,Alaina Harmon,2/7/24,6/28/12,,,,,,,,,,,,,,
55173,112918,55173,1,F6,"-80C upright freezer, Marine Mammal and Turtle DNA",7,1071,L,12,64478,Y,Genomic DNA,3,>25ul and <=50ul,N,,,,2228,Brittany Hanser,2/5/20,Redo for mito Feresa,,,2/14/20,Alaina Harmon,3/19/24,2/14/20,64689,112918,2/11/20,Brittany Hanser,Victor Fluorometry,129.08,,,,,,Alaina Harmon,11/20/20,11/20/20
61433,65010,61433,1,F7,"-80C upright freezer, Marine Mammal and Turtle DNA",15,757,D,1,78380,Y,Genomic DNA,4,>50ul,N,,,,716,Jake Minich,2/7/12,random extraction set for KLR,,,,Alaina Harmon,2/7/24,6/28/12,,,,,,,,,,,,,,
61433,112919,61433,1,F6,"-80C upright freezer, Marine Mammal and Turtle DNA",7,1071,L,13,78380,Y,Genomic DNA,4,>50ul,N,,,,2228,Brittany Hanser,2/5/20,Redo for mito Feresa,,,2/14/20,Alaina Harmon,3/19/24,2/14/20,64697,112919,2/11/20,Brittany Hanser,Victor Fluorometry,159.39,,,,,,Alaina Harmon,11/20/20,11/20/20
61434,65011,61434,1,F7,"-80C upright freezer, Marine Mammal and Turtle DNA",15,757,D,2,78381,Y,Genomic DNA,2,>10ul and <=25ul,N,,,,716,Jake Minich,2/7/12,random extraction set for KLR,,,,Alaina Harmon,2/7/24,6/28/12,,,,,,,,,,,,,,
61434,112920,61434,1,F6,"-80C upright freezer, Marine Mammal and Turtle DNA",7,1071,M,1,78381,Y,Genomic DNA,3,>25ul and <=50ul,N,,,,2228,Brittany Hanser,2/5/20,Redo for mito Feresa,,,2/14/20,Alaina Harmon,3/19/24,2/14/20,64688,112920,2/11/20,Brittany Hanser,Victor Fluorometry,217.45,,,,,,Alaina Harmon,11/20/20,11/20/20
61441,65012,61441,1,F7,"-80C upright freezer, Marine Mammal and Turtle DNA",15,757,D,3,78388,Y,Genomic DNA,2,>10ul and <=25ul,N,,,,716,Jake Minich,2/7/12,random extraction set for KLR,,,,Alaina Harmon,2/7/24,6/28/12,,,,,,,,,,,,,,
61441,112921,61441,1,F6,"-80C upright freezer, Marine Mammal and Turtle DNA",7,1071,M,2,78388,Y,Genomic DNA,3,>25ul and <=50ul,N,,,,2228,Brittany Hanser,2/5/20,Redo for mito Feresa,,,2/14/20,Alaina Harmon,3/19/24,2/14/20,64684,112921,2/11/20,Brittany Hanser,Victor Fluorometry,1.65,,,,,,Alaina Harmon,11/20/20,11/20/20
61925,65013,61925,1,F7,"-80C upright freezer, Marine Mammal and Turtle DNA",15,757,D,4,81181,Y,Genomic DNA,4,>50ul,N,,,,716,Jake Minich,2/7/12,random extraction set for KLR,,,,Alaina Harmon,2/7/24,6/28/12,,,,,,,,,,,,,,
61925,112922,61925,1,F6,"-80C upright freezer, Marine Mammal and Turtle DNA",7,1071,M,3,81181,Y,Genomic DNA,3,>25ul and <=50ul,N,,,,2228,Brittany Hanser,2/5/20,Redo for mito Feresa,,,2/14/20,Alaina Harmon,3/19/24,2/14/20,64692,112922,2/11/20,Brittany Hanser,Victor Fluorometry,101.02,,,,,,Alaina Harmon,11/20/20,11/20/20
67090,51850,67090,1,F7,"-80C upright freezer, Marine Mammal and Turtle DNA",2,486,A,3,90585,Y,Genomic DNA,2,>10ul and <=25ul,N,,,,326,Jake Minich,1/14/10,entered by jjm,,,,Alaina Harmon,2/7/24,6/28/12,11981,51850,,,,34.6,0,0,,,,Dan Prosperi,5/19/14,5/19/14
67090,51850,67090,1,F7,"-80C upright freezer, Marine Mammal and Turtle DNA",2,486,A,3,90585,Y,Genomic DNA,2,>10ul and <=25ul,N,,,,328,Jake Minich,1/26/10,entered by jjm,,,,Alaina Harmon,2/7/24,6/28/12,11981,51850,,,,34.6,0,0,,,,Dan Prosperi,5/19/14,5/19/14
67090,51850,67090,1,F7,"-80C upright freezer, Marine Mammal and Turtle DNA",2,486,A,3,90585,Y,Genomic DNA,2,>10ul and <=25ul,N,,,,340,Jake Minich,2/6/10,entered by jjm,,,,Alaina Harmon,2/7/24,6/28/12,11981,51850,,,,34.6,0,0,,,,Dan Prosperi,5/19/14,5/19/14
67090,112923,67090,1,F6,"-80C upright freezer, Marine Mammal and Turtle DNA",7,1071,M,4,90585,Y,Genomic DNA,3,>25ul and <=50ul,N,,,,2228,Brittany Hanser,2/5/20,Redo for mito Feresa,,,2/14/20,Alaina Harmon,3/19/24,2/14/20,64683,112923,2/11/20,Brittany Hanser,Victor Fluorometry,184.31,,,,,,Alaina Harmon,11/20/20,11/20/20
70977,65014,70977,1,F7,"-80C upright freezer, Marine Mammal and Turtle DNA",15,757,D,5,96307,Y,Genomic DNA,3,>25ul and <=50ul,N,,,,716,Jake Minich,2/7/12,random extraction set for KLR,,,,Alaina Harmon,2/7/24,6/28/12,,,,,,,,,,,,,,
70977,65049,70977,1,F7,"-80C upright freezer, Marine Mammal and Turtle DNA",15,757,H,4,96307,Y,Genomic DNA,2,>10ul and <=25ul,N,,,,716,Jake Minich,2/7/12,random extraction set for KLR,,,,Alaina Harmon,2/7/24,6/28/12,,,,,,,,,,,,,,
71014,65015,71014,1,F7,"-80C upright freezer, Marine Mammal and Turtle DNA",15,757,D,6,96344,Y,Genomic DNA,4,>50ul,N,,,,716,Jake Minich,2/7/12,random extraction set for KLR,,,,Alaina Harmon,2/7/24,6/28/12,,,,,,,,,,,,,,
71014,65050,71014,1,F7,"-80C upright freezer, Marine Mammal and Turtle DNA",15,757,H,5,96344,Y,Genomic DNA,2,>10ul and <=25ul,N,,,,716,Jake Minich,2/7/12,random extraction set for KLR,,,,Alaina Harmon,2/7/24,6/28/12,,,,,,,,,,,,,,
71014,65079,71014,-1,F7,"-80C upright freezer, Marine Mammal and Turtle DNA",15,758,B,7,96344,N,Genomic DNA,0,None left,N,,,Used up per KMR 6/27/2012,,,,,,,,Alaina Harmon,2/2/22,6/28/12,,,,,,,,,,,,,,
71014,65245,71014,1,F7,"-80C upright freezer, Marine Mammal and Turtle DNA",15,760,C,2,96344,Y,Genomic DNA,3,>25ul and <=50ul,N,,,,,,,,,,,Alaina Harmon,2/7/24,6/28/12,,,,,,,,,,,,,,
78825,57204,78825,1,F7,"-80C upright freezer, Marine Mammal and Turtle DNA",11,665,B,4,,Y,Genomic DNA,2,>10ul and <=25ul,N,,,,445,Louella Dolar,9/27/10,,,,,Alaina Harmon,2/7/24,6/28/12,,,,,,,,,,,,,,
94817,65016,94817,1,F7,"-80C upright freezer, Marine Mammal and Turtle DNA",15,757,D,7,125751,Y,Genomic DNA,4,>50ul,N,,,,716,Jake Minich,2/7/12,random extraction set for KLR,,,,Alaina Harmon,2/7/24,6/28/12,,,,,,,,,,,,,,
94817,65051,94817,1,F7,"-80C upright freezer, Marine Mammal and Turtle DNA",15,757,H,6,125751,Y,Genomic DNA,4,>50ul,N,,,,716,Jake Minich,2/7/12,random extraction set for KLR,,,,Alaina Harmon,2/7/24,6/28/12,,,,,,,,,,,,,,
102488,65017,102488,1,F7,"-80C upright freezer, Marine Mammal and Turtle DNA",15,757,D,8,133398,Y,Genomic DNA,3,>25ul and <=50ul,N,,,,716,Jake Minich,2/7/12,random extraction set for KLR,,,,Alaina Harmon,2/7/24,6/28/12,,,,,,,,,,,,,,
102488,112924,102488,1,F6,"-80C upright freezer, Marine Mammal and Turtle DNA",7,1071,M,5,133398,Y,Genomic DNA,3,>25ul and <=50ul,N,,,,2228,Brittany Hanser,2/5/20,Redo for mito Feresa,,,2/14/20,Alaina Harmon,3/19/24,2/14/20,64696,112924,2/11/20,Brittany Hanser,Victor Fluorometry,86.18,,,,,,Alaina Harmon,11/20/20,11/20/20
102489,65018,102489,1,F7,"-80C upright freezer, Marine Mammal and Turtle DNA",15,757,D,9,133399,Y,Genomic DNA,3,>25ul and <=50ul,N,,,,716,Jake Minich,2/7/12,random extraction set for KLR,,,,Alaina Harmon,2/7/24,6/28/12,,,,,,,,,,,,,,
102489,112925,102489,1,F6,"-80C upright freezer, Marine Mammal and Turtle DNA",7,1071,M,6,133399,Y,Genomic DNA,3,>25ul and <=50ul,N,,,,2228,Brittany Hanser,2/5/20,Redo for mito Feresa,,,2/14/20,Alaina Harmon,3/19/24,2/14/20,64687,112925,2/11/20,Brittany Hanser,Victor Fluorometry,84.22,,,,,,Alaina Harmon,11/20/20,11/20/20
102490,65019,102490,1,F7,"-80C upright freezer, Marine Mammal and Turtle DNA",15,757,E,1,133400,Y,Genomic DNA,2,>10ul and <=25ul,N,,,,716,Jake Minich,2/7/12,random extraction set for KLR,,,,Alaina Harmon,2/7/24,6/28/12,,,,,,,,,,,,,,
102490,112926,102490,1,F6,"-80C upright freezer, Marine Mammal and Turtle DNA",7,1071,M,7,133400,Y,Genomic DNA,3,>25ul and <=50ul,N,,,,2228,Brittany Hanser,2/5/20,Redo for mito Feresa,,,2/14/20,Alaina Harmon,3/19/24,2/14/20,64700,112926,2/11/20,Brittany Hanser,Victor Fluorometry,122.38,,,,,,Alaina Harmon,11/20/20,11/20/20
114347,77496,114347,1,F7,"-80C upright freezer, Marine Mammal and Turtle DNA",21,864,H,4,158881,Y,Genomic DNA,2,>10ul and <=25ul,N,,,,1019,Louella Dolar,12/17/13,,,,1/8/14,Alaina Harmon,2/7/24,1/8/14,,,,,,,,,,,,,,
116522,75488,116522,1,F7,"-80C upright freezer, Marine Mammal and Turtle DNA",20,843,H,7,161567,Y,Genomic DNA,3,>25ul and <=50ul,N,,,,,,,,,,7/30/13,Alaina Harmon,2/7/24,7/30/13,,,,,,,,,,,,,,
116523,75489,116523,1,F7,"-80C upright freezer, Marine Mammal and Turtle DNA",20,843,H,8,161568,Y,Genomic DNA,3,>25ul and <=50ul,N,,,,,,,,,,7/30/13,Alaina Harmon,2/7/24,7/30/13,,,,,,,,,,,,,,
116524,75490,116524,1,F7,"-80C upright freezer, Marine Mammal and Turtle DNA",20,843,H,9,161569,Y,Genomic DNA,3,>25ul and <=50ul,N,,,,,,,,,,7/30/13,Alaina Harmon,2/7/24,7/30/13,,,,,,,,,,,,,,
116525,75491,116525,1,F7,"-80C upright freezer, Marine Mammal and Turtle DNA",20,843,I,1,161570,Y,Genomic DNA,3,>25ul and <=50ul,N,,,,,,,,,,7/30/13,Alaina Harmon,2/7/24,7/30/13,,,,,,,,,,,,,,
116526,75492,116526,1,F7,"-80C upright freezer, Marine Mammal and Turtle DNA",20,843,I,2,161571,Y,Genomic DNA,3,>25ul and <=50ul,N,,,,,,,,,,7/30/13,Alaina Harmon,2/7/24,7/30/13,,,,,,,,,,,,,,
116527,75493,116527,1,F7,"-80C upright freezer, Marine Mammal and Turtle DNA",20,843,I,3,161572,Y,Genomic DNA,3,>25ul and <=50ul,N,,,,,,,,,,7/30/13,Alaina Harmon,2/7/24,7/30/13,,,,,,,,,,,,,,
116528,75494,116528,-1,F7,"-80C upright freezer, Marine Mammal and Turtle DNA",20,843,I,4,161573,N,Genomic DNA,0,None left,N,,,"DNA tosssed, wrong species was sent by Oremus, no data",,,,,,,7/30/13,Alaina Harmon,2/2/22,7/30/13,,,,,,,,,,,,,,
116823,76556,116823,1,F7,"-80C upright freezer, Marine Mammal and Turtle DNA",20,854,E,9,161979,Y,Genomic DNA,3,>25ul and <=50ul,N,,,,985,Louella Dolar,10/30/13,,,,10/22/13,Alaina Harmon,2/7/24,10/22/13,,,,,,,,,,,,,,
116824,76557,116824,1,F7,"-80C upright freezer, Marine Mammal and Turtle DNA",20,854,F,1,161980,Y,Genomic DNA,3,>25ul and <=50ul,N,,,,985,Louella Dolar,10/30/13,,,,10/22/13,Alaina Harmon,2/2/22,10/22/13,,,,,,,,,,,,,,
116825,76558,116825,1,F7,"-80C upright freezer, Marine Mammal and Turtle DNA",20,854,F,2,161981,Y,Genomic DNA,3,>25ul and <=50ul,N,,,,985,Louella Dolar,10/30/13,,,,10/22/13,Alaina Harmon,2/7/24,10/22/13,,,,,,,,,,,,,,
116826,76559,116826,1,F7,"-80C upright freezer, Marine Mammal and Turtle DNA",20,854,F,3,161982,Y,Genomic DNA,3,>25ul and <=50ul,N,,,,985,Louella Dolar,10/30/13,,,,10/22/13,Alaina Harmon,2/7/24,10/22/13,,,,,,,,,,,,,,
123244,65020,123244,1,F7,"-80C upright freezer, Marine Mammal and Turtle DNA",15,757,E,2,134405,Y,Genomic DNA,3,>25ul and <=50ul,N,,,,716,Jake Minich,2/7/12,random extraction set for KLR,,,,Alaina Harmon,2/7/24,6/28/12,,,,,,,,,,,,,,
123244,65052,123244,1,F7,"-80C upright freezer, Marine Mammal and Turtle DNA",15,757,H,7,134405,Y,Genomic DNA,2,>10ul and <=25ul,N,,,,716,Jake Minich,2/7/12,random extraction set for KLR,,,,Alaina Harmon,2/7/24,6/28/12,,,,,,,,,,,,,,
123336,62496,123336,1,F7,"-80C upright freezer, Marine Mammal and Turtle DNA",14,725,D,3,,Y,Genomic DNA,1,<=10ul,N,,,,654,Jake Minich,6/23/11,HICEAS P1,,,,Alaina Harmon,2/7/24,6/28/12,,,,,,,,,,,,,,
123336,112927,123336,1,F6,"-80C upright freezer, Marine Mammal and Turtle DNA",7,1071,M,8,134503,Y,Genomic DNA,2,>10ul and <=25ul,N,,,,2228,Brittany Hanser,2/5/20,Redo for mito Feresa,,,2/14/20,Alaina Harmon,3/19/24,2/14/20,64690,112927,2/11/20,Brittany Hanser,Victor Fluorometry,7.16,,,,,,Alaina Harmon,11/20/20,11/20/20
123337,62497,123337,1,F7,"-80C upright freezer, Marine Mammal and Turtle DNA",14,725,D,4,,Y,Genomic DNA,4,>50ul,N,,,,654,Jake Minich,6/23/11,HICEAS P1,,,,Alaina Harmon,2/7/24,6/28/12,53659,62497,5/3/17,Kelly Robertson,Victor Fluorometry,0,,,,,,Gabriela Serra-Valente,6/6/18,6/6/18
123337,97529,123337,1,F6,"-80C upright freezer, Marine Mammal and Turtle DNA",3,998,E,8,134504,Y,Genomic DNA,3,>25ul and <=50ul,N,,,,1797,Kelly Robertson,5/4/17,,,,5/17/17,Alaina Harmon,2/7/24,5/17/17,54096,97529,5/3/17,Kelly Robertson,Victor Fluorometry,268.91,,,,,,Gabriela Serra-Valente,6/27/18,6/27/18
123338,62498,123338,1,F7,"-80C upright freezer, Marine Mammal and Turtle DNA",14,725,D,5,,Y,Genomic DNA,1,<=10ul,N,,,,654,Jake Minich,6/23/11,HICEAS P1,,,,Alaina Harmon,2/7/24,6/28/12,,,,,,,,,,,,,,
123338,112928,123338,1,F6,"-80C upright freezer, Marine Mammal and Turtle DNA",7,1071,M,9,134505,Y,Genomic DNA,2,>10ul and <=25ul,N,,,,2228,Brittany Hanser,2/5/20,Redo for mito Feresa,,,2/14/20,Alaina Harmon,3/19/24,2/14/20,64681,112928,2/11/20,Brittany Hanser,Victor Fluorometry,110.51,,,,,,Alaina Harmon,11/20/20,11/20/20
145402,83356,145402,1,F7,"-80C upright freezer, Marine Mammal and Turtle DNA",24,922,B,9,179971,Y,Genomic DNA,2,>10ul and <=25ul,N,,,,1223,Brittany Hanser,2/11/15,Bmus Array 3 ext 1 and Feresa CalCurCeas,,,2/20/15,Alaina Harmon,2/7/24,2/20/15,,,,,,,,,,,,,,
145403,83357,145403,1,F7,"-80C upright freezer, Marine Mammal and Turtle DNA",24,922,B,10,179972,Y,Genomic DNA,2,>10ul and <=25ul,N,,,,1223,Brittany Hanser,2/11/15,Bmus Array 3 ext 1 and Feresa CalCurCeas,,,2/20/15,Alaina Harmon,2/7/24,2/20/15,,,,,,,,,,,,,,
157684,85912,157684,1,F7,"-80C upright freezer, Marine Mammal and Turtle DNA",24,933,M,9,193150,Y,Genomic DNA,3,>25ul and <=50ul,N,,,,1335,Amy Lanci,7/20/15,,,,7/28/15,Alaina Harmon,2/7/24,7/28/15,,,,,,,,,,,,,,
159696,87177,159696,1,F7,"-80C upright freezer, Marine Mammal and Turtle DNA",21,873,E,6,195475,Y,Genomic DNA,2,>10ul and <=25ul,N,,,,,,,,,,11/5/15,Alaina Harmon,2/7/24,11/5/15,,,,,,,,,,,,,,
159696,112960,159696,1,F1,"-80C upright freezer, Marine Mammal and Turtle DNA",4,64,H,4,243388,Y,Genomic DNA,2,>10ul and <=25ul,N,,,,,,,,,,3/4/20,Alaina Harmon,3/19/24,3/4/20,,,,,,,,,,,,,,
159697,87178,159697,1,F7,"-80C upright freezer, Marine Mammal and Turtle DNA",21,873,E,7,195476,Y,Genomic DNA,2,>10ul and <=25ul,N,,,,,,,,,,11/5/15,Alaina Harmon,2/7/24,11/5/15,,,,,,,,,,,,,,
159697,112961,159697,1,F1,"-80C upright freezer, Marine Mammal and Turtle DNA",4,64,H,5,243389,Y,Genomic DNA,2,>10ul and <=25ul,N,,,,,,,,,,3/4/20,Alaina Harmon,3/19/24,3/4/20,,,,,,,,,,,,,,
159698,87179,159698,1,F6,"-80C upright freezer, Marine Mammal and Turtle DNA",1,941,A,1,195477,Y,Genomic DNA,2,>10ul and <=25ul,N,,,,,,,,,,11/5/15,Alaina Harmon,2/7/24,11/5/15,,,,,,,,,,,,,,
159698,112962,159698,1,F1,"-80C upright freezer, Marine Mammal and Turtle DNA",4,64,H,6,243390,Y,Genomic DNA,2,>10ul and <=25ul,N,,,,,,,,,,3/4/20,Alaina Harmon,3/19/24,3/4/20,,,,,,,,,,,,,,
159699,87180,159699,1,F7,"-80C upright freezer, Marine Mammal and Turtle DNA",21,873,E,8,195478,Y,Genomic DNA,2,>10ul and <=25ul,N,,,,,,,,,,11/5/15,Alaina Harmon,2/7/24,11/5/15,,,,,,,,,,,,,,
159699,112963,159699,1,F1,"-80C upright freezer, Marine Mammal and Turtle DNA",4,64,H,7,243391,Y,Genomic DNA,2,>10ul and <=25ul,N,,,,,,,,,,3/4/20,Alaina Harmon,3/19/24,3/4/20,,,,,,,,,,,,,,
159700,87181,159700,1,F7,"-80C upright freezer, Marine Mammal and Turtle DNA",21,873,E,9,195479,Y,Genomic DNA,2,>10ul and <=25ul,N,,,,,,,,,,11/5/15,Alaina Harmon,2/7/24,11/5/15,,,,,,,,,,,,,,
159700,112964,159700,1,F1,"-80C upright freezer, Marine Mammal and Turtle DNA",4,64,H,8,243392,Y,Genomic DNA,2,>10ul and <=25ul,N,,,,,,,,,,3/4/20,Alaina Harmon,3/19/24,3/4/20,,,,,,,,,,,,,,
159701,87182,159701,1,F6,"-80C upright freezer, Marine Mammal and Turtle DNA",1,941,A,2,195480,Y,Genomic DNA,2,>10ul and <=25ul,N,,,,,,,,,,11/5/15,Alaina Harmon,2/7/24,11/5/15,,,,,,,,,,,,,,
159701,112965,159701,1,F1,"-80C upright freezer, Marine Mammal and Turtle DNA",4,64,H,9,243393,Y,Genomic DNA,2,>10ul and <=25ul,N,,,,,,,,,,3/4/20,Alaina Harmon,3/19/24,3/4/20,,,,,,,,,,,,,,
159702,87183,159702,1,F7,"-80C upright freezer, Marine Mammal and Turtle DNA",21,873,F,1,195481,Y,Genomic DNA,2,>10ul and <=25ul,N,,,,,,,,,,11/5/15,Alaina Harmon,2/7/24,11/5/15,,,,,,,,,,,,,,
159702,112966,159702,1,F1,"-80C upright freezer, Marine Mammal and Turtle DNA",4,64,I,1,243394,Y,Genomic DNA,2,>10ul and <=25ul,N,,,,,,,,,,3/4/20,Alaina Harmon,3/19/24,3/4/20,,,,,,,,,,,,,,
159703,87184,159703,1,F7,"-80C upright freezer, Marine Mammal and Turtle DNA",21,873,F,2,195482,Y,Genomic DNA,2,>10ul and <=25ul,N,,,,,,,,,,11/5/15,Alaina Harmon,2/7/24,11/5/15,,,,,,,,,,,,,,
159703,112967,159703,1,F1,"-80C upright freezer, Marine Mammal and Turtle DNA",4,64,I,2,243395,Y,Genomic DNA,2,>10ul and <=25ul,N,,,,,,,,,,3/4/20,Alaina Harmon,3/19/24,3/4/20,,,,,,,,,,,,,,
159704,87185,159704,1,F7,"-80C upright freezer, Marine Mammal and Turtle DNA",21,873,F,3,195483,Y,Genomic DNA,2,>10ul and <=25ul,N,,,,,,,,,,11/5/15,Alaina Harmon,2/7/24,11/5/15,,,,,,,,,,,,,,
159704,112968,159704,1,F1,"-80C upright freezer, Marine Mammal and Turtle DNA",4,64,I,3,243396,Y,Genomic DNA,2,>10ul and <=25ul,N,,,,,,,,,,3/4/20,Alaina Harmon,3/19/24,3/4/20,,,,,,,,,,,,,,
159705,87186,159705,1,F7,"-80C upright freezer, Marine Mammal and Turtle DNA",21,873,F,4,195484,Y,Genomic DNA,2,>10ul and <=25ul,N,,,,,,,,,,11/5/15,Alaina Harmon,2/7/24,11/5/15,,,,,,,,,,,,,,
159705,112969,159705,1,F1,"-80C upright freezer, Marine Mammal and Turtle DNA",4,64,I,4,243397,Y,Genomic DNA,2,>10ul and <=25ul,N,,,,,,,,,,3/4/20,Alaina Harmon,3/19/24,3/4/20,,,,,,,,,,,,,,
159706,87187,159706,1,F7,"-80C upright freezer, Marine Mammal and Turtle DNA",21,873,F,5,195485,Y,Genomic DNA,2,>10ul and <=25ul,N,,,,,,,,,,11/5/15,Alaina Harmon,2/7/24,11/5/15,,,,,,,,,,,,,,
159706,112970,159706,1,F1,"-80C upright freezer, Marine Mammal and Turtle DNA",4,64,I,6,243398,Y,Genomic DNA,2,>10ul and <=25ul,N,,,,,,,,,,3/4/20,Alaina Harmon,3/19/24,3/4/20,,,,,,,,,,,,,,
159707,87188,159707,1,F6,"-80C upright freezer, Marine Mammal and Turtle DNA",1,941,A,3,195486,Y,Genomic DNA,2,>10ul and <=25ul,N,,,,,,,,,,11/5/15,Alaina Harmon,2/7/24,11/5/15,,,,,,,,,,,,,,
159707,112971,159707,1,F1,"-80C upright freezer, Marine Mammal and Turtle DNA",4,64,I,7,243399,Y,Genomic DNA,2,>10ul and <=25ul,N,,,,,,,,,,3/4/20,Alaina Harmon,3/19/24,3/4/20,,,,,,,,,,,,,,
159764,,,,,,,,,,,,,,,,,,,,,,,,,,,,,,,,,,,,,,,,,,
159989,87767,159989,1,F6,"-80C upright freezer, Marine Mammal and Turtle DNA",1,946,C,9,195768,Y,Genomic DNA,3,>25ul and <=50ul,N,,,,1423,Morgane Lauf,11/16/15,,,,11/30/15,Alaina Harmon,2/7/24,11/30/15,,,,,,,,,,,,,,
173621,90276,173621,1,F6,"-80C upright freezer, Marine Mammal and Turtle DNA",2,961,A,13,210445,Y,Genomic DNA,2,>10ul and <=25ul,N,,,,1574,Kelly Robertson,5/25/16,done by Tiffany,,,6/27/16,Alaina Harmon,2/7/24,6/27/16,53680,90276,5/3/17,Kelly Robertson,Victor Fluorometry,5.53,,,,,,Gabriela Serra-Valente,6/6/18,6/6/18
173621,97543,173621,1,F6,"-80C upright freezer, Marine Mammal and Turtle DNA",3,998,F,9,210445,Y,Genomic DNA,3,>25ul and <=50ul,N,,,,1798,Kelly Robertson,5/11/17,,,,5/17/17,Alaina Harmon,2/7/24,5/17/17,54143,97543,8/21/17,Kelly Robertson,Victor Fluorometry,83.49,,,,,,Gabriela Serra-Valente,6/27/18,6/27/18
174714,91082,174714,1,F6,"-80C upright freezer, Marine Mammal and Turtle DNA",2,972,A,4,211809,Y,Genomic DNA,3,>25ul and <=50ul,N,,,,1635,Brittany Hanser,8/2/16,Tiffany actually extracted this batch.,,,8/22/16,Alaina Harmon,2/7/24,8/22/16,,,,,,,,,,,,,,
174715,91083,174715,1,F6,"-80C upright freezer, Marine Mammal and Turtle DNA",2,972,A,5,211810,Y,Genomic DNA,3,>25ul and <=50ul,N,,,,1635,Brittany Hanser,8/2/16,Tiffany actually extracted this batch.,,,8/22/16,Alaina Harmon,2/7/24,8/22/16,,,,,,,,,,,,,,
175869,92943,175869,1,F6,"-80C upright freezer, Marine Mammal and Turtle DNA",2,977,A,10,213147,Y,Genomic DNA,3,>25ul and <=50ul,N,,,,1719,Brittany Hanser,11/3/16,,,,1/6/17,Alaina Harmon,2/7/24,1/6/17,,,,,,,,,,,,,,
185067,103787,185067,1,F6,"-80C upright freezer, Marine Mammal and Turtle DNA",5,1028,I,8,223714,Y,Genomic DNA,3,>25ul and <=50ul,N,,,,2013,Brittany Hanser,8/7/18,,,,9/13/18,Alaina Harmon,2/7/24,9/13/18,56520,103787,8/21/18,Morgane Lauf,Victor Fluorometry,88.87,,,,,,Gabriela Serra-Valente,9/18/18,9/18/18
185068,,,,,,,,,,,,,,,,,,,,,,,,,,,,,,,,,,,,,,,,,,