Ggri_archive_dump_5June2024_LabID,Ggri_DID_D_ID,dbo_vw_DNA_Storage_LabID,CellStatus,Freezer,Freezer_Description,Rack,Box,Row,Column,T_ID,DNAInStock,DNA_Type,DQuant,DQuant_Description,CheckedOut,Checked_Out_By,Checked_Out_For,Ggri_DID_Comments,Batch_.,Extracted_By,Extraction_Date,Extraction_Comments,InventoryDate,Inventory_Tech,Accession_Date,Ggri_DID_Edit_User,Ggri_DID_Edit_Date,Ggri_DID_Record_Creation_Date,Concentration_ID,dbo_vw_DNA_Concentration_D_ID,Quantification_Date,Done_by_Name,Equipment_Method,Concentration_ng_ul,Concentration_260_280,Concentration_260_230,Quantity_Copies,Assay,dbo_vw_DNA_Concentration_Comments,dbo_vw_DNA_Concentration_Edit_User,dbo_vw_DNA_Concentration_Edit_Date,dbo_vw_DNA_Concentration_Record_Creation_Date
62,26976,62,1,F1,"-80C upright freezer, Marine Mammal and Turtle DNA",10,185,D,2,,Y,Genomic DNA,2,>10ul and <=25ul,N,,,,,,,,4/14/06,Lauren Hess,,Nicky Beaulieu,8/24/12,6/28/12,6656,26976,,,,20,,,,,,Dan Prosperi,5/19/14,5/19/14
62,68859,62,1,F7,"-80C upright freezer, Marine Mammal and Turtle DNA",17,785,E,1,242,Y,Genomic DNA,3,>25ul and <=50ul,N,,,,767,Louella Dolar,7/16/12,For KMR (Ing Chen's loan),,,7/26/12,Alaina Harmon,2/2/22,7/26/12,,,,,,,,,,,,,,
72,26925,72,1,F1,"-80C upright freezer, Marine Mammal and Turtle DNA",10,184,G,5,,Y,Genomic DNA,3,>25ul and <=50ul,N,,,,,,,,4/14/06,Lauren Hess,,Nicky Beaulieu,8/24/12,6/28/12,,,,,,,,,,,,,,
72,26926,72,1,F1,"-80C upright freezer, Marine Mammal and Turtle DNA",10,184,G,6,,Y,Genomic DNA,3,>25ul and <=50ul,N,,,,,,,,4/14/06,Lauren Hess,,Nicky Beaulieu,8/24/12,6/28/12,,,,,,,,,,,,,,
72,26927,72,1,F1,"-80C upright freezer, Marine Mammal and Turtle DNA",10,184,G,7,,Y,Genomic DNA,4,>50ul,N,,,,,,,,4/14/06,Lauren Hess,,Nicky Beaulieu,8/24/12,6/28/12,6634,26927,,,,87,,,,,,Dan Prosperi,5/19/14,5/19/14
141,3141,141,1,F1,"-80C upright freezer, Marine Mammal and Turtle DNA",2,39,G,9,,Y,Genomic DNA,4,>50ul,N,,,,,,,,10/27/05,Siri Hakala,,Nicky Beaulieu,8/24/12,6/28/12,,,,,,,,,,,,,,
141,27014,141,1,F1,"-80C upright freezer, Marine Mammal and Turtle DNA",10,185,H,4,,Y,Genomic DNA,4,>50ul,N,,,,,,,,4/14/06,Lauren Hess,,Nicky Beaulieu,8/24/12,6/28/12,6684,27014,,,,150,,,,,,Dan Prosperi,5/19/14,5/19/14
144,3142,144,1,F1,"-80C upright freezer, Marine Mammal and Turtle DNA",2,39,H,1,,Y,Genomic DNA,4,>50ul,N,,,,,,,,10/27/05,Siri Hakala,,Nicky Beaulieu,8/24/12,6/28/12,,,,,,,,,,,,,,
144,27015,144,1,F1,"-80C upright freezer, Marine Mammal and Turtle DNA",10,185,H,5,,Y,Genomic DNA,4,>50ul,N,,,,,,,,4/14/06,Lauren Hess,,Nicky Beaulieu,8/24/12,6/28/12,,,,,,,,,,,,,,
451,26928,451,1,F1,"-80C upright freezer, Marine Mammal and Turtle DNA",10,184,G,8,,Y,Genomic DNA,4,>50ul,N,,,,,,,,4/14/06,Lauren Hess,,Dan Prosperi,7/2/12,6/28/12,,,,,,,,,,,,,,
451,26929,451,1,F1,"-80C upright freezer, Marine Mammal and Turtle DNA",10,184,G,9,,Y,Genomic DNA,4,>50ul,N,,,,,,,,4/14/06,Lauren Hess,,Dan Prosperi,7/2/12,6/28/12,,,,,,,,,,,,,,
451,26930,451,1,F1,"-80C upright freezer, Marine Mammal and Turtle DNA",10,184,H,1,,Y,Genomic DNA,4,>50ul,N,,,,,,,,4/14/06,Lauren Hess,,Dan Prosperi,7/2/12,6/28/12,,,,,,,,,,,,,,
479,26977,479,1,F1,"-80C upright freezer, Marine Mammal and Turtle DNA",10,185,D,3,750,Y,Genomic DNA,3,>25ul and <=50ul,N,,,,,,,,4/14/06,Lauren Hess,,Dan Prosperi,7/2/12,6/28/12,6657,26977,,,,12,,,,,,Dan Prosperi,5/19/14,5/19/14
483,26822,483,1,F1,"-80C upright freezer, Marine Mammal and Turtle DNA",10,183,E,1,82528,Y,Genomic DNA,4,>50ul,N,,,,,,,,4/14/06,Lauren Hess,,Dan Prosperi,7/2/12,6/28/12,6572,26822,,,,530,,,,,,Dan Prosperi,5/19/14,5/19/14
533,3143,533,1,F1,"-80C upright freezer, Marine Mammal and Turtle DNA",2,39,H,2,799,Y,Genomic DNA,4,>50ul,N,,,,,,,,10/27/05,Siri Hakala,,Dan Prosperi,7/2/12,6/28/12,1491,3143,,,,350,,,,,,Dan Prosperi,5/19/14,5/19/14
542,3144,542,1,F1,"-80C upright freezer, Marine Mammal and Turtle DNA",2,39,H,3,807,Y,Genomic DNA,4,>50ul,N,,,,,,,,10/27/05,Siri Hakala,,Dan Prosperi,7/2/12,6/28/12,1492,3144,,,,700,,,,,,Dan Prosperi,5/19/14,5/19/14
776,26978,776,-1,F1,"-80C upright freezer, Marine Mammal and Turtle DNA",10,185,D,4,1028,N,Genomic DNA,0,None left,N,,,used-up for sample request 287 per KMR 8/17/2012,,,,,4/14/06,Lauren Hess,,Nicky Beaulieu,8/17/12,6/28/12,6658,26978,,,,6,,,,,,Dan Prosperi,5/19/14,5/19/14
1291,26979,1291,1,F1,"-80C upright freezer, Marine Mammal and Turtle DNA",10,185,D,5,,Y,Genomic DNA,4,>50ul,N,,,,,,,,4/14/06,Lauren Hess,,Nicky Beaulieu,8/24/12,6/28/12,,,,,,,,,,,,,,
1291,68860,1291,1,F7,"-80C upright freezer, Marine Mammal and Turtle DNA",17,785,E,2,1483,Y,Genomic DNA,3,>25ul and <=50ul,N,,,,767,Louella Dolar,7/16/12,For KMR (Ing Chen's loan),,,7/26/12,Alaina Harmon,2/2/22,7/26/12,,,,,,,,,,,,,,
1293,26980,1293,1,F1,"-80C upright freezer, Marine Mammal and Turtle DNA",10,185,D,6,1485,Y,Genomic DNA,4,>50ul,N,,,,,,,,4/14/06,Lauren Hess,,Nicky Beaulieu,8/24/12,6/28/12,6659,26980,,,,13,,,,,,Dan Prosperi,5/19/14,5/19/14
1293,69190,1293,1,F7,"-80C upright freezer, Marine Mammal and Turtle DNA",17,789,E,8,1485,Y,Genomic DNA,2,>10ul and <=25ul,N,,,,,,,,,,8/10/12,Alaina Harmon,2/2/22,8/10/12,,,,,,,,,,,,,,
1294,26981,1294,1,F1,"-80C upright freezer, Marine Mammal and Turtle DNA",10,185,D,7,1486,Y,Genomic DNA,4,>50ul,N,,,,,,,,4/14/06,Lauren Hess,,Nicky Beaulieu,8/24/12,6/28/12,6660,26981,,,,8,,,,,,Dan Prosperi,5/19/14,5/19/14
1294,68861,1294,1,F7,"-80C upright freezer, Marine Mammal and Turtle DNA",17,785,E,3,1486,Y,Genomic DNA,3,>25ul and <=50ul,N,,,,767,Louella Dolar,7/16/12,For KMR (Ing Chen's loan),,,7/26/12,Alaina Harmon,2/2/22,7/26/12,,,,,,,,,,,,,,
1301,21711,1301,1,F1,"-80C upright freezer, Marine Mammal and Turtle DNA",7,135,I,5,,Y,Genomic DNA,3,>25ul and <=50ul,N,,,,,,,,1/31/06,Gabriela Serra-Valente,,Nicky Beaulieu,8/24/12,6/28/12,,,,,,,,,,,,,,
1301,26840,1301,1,F1,"-80C upright freezer, Marine Mammal and Turtle DNA",10,183,G,1,,Y,Genomic DNA,4,>50ul,N,,,,,,,,4/14/06,Lauren Hess,,Nicky Beaulieu,8/24/12,6/28/12,,,,,,,,,,,,,,
1301,26931,1301,1,F1,"-80C upright freezer, Marine Mammal and Turtle DNA",10,184,H,2,,Y,Genomic DNA,3,>25ul and <=50ul,N,,,,,,,,4/14/06,Lauren Hess,,Nicky Beaulieu,8/24/12,6/28/12,,,,,,,,,,,,,,
1301,26932,1301,1,F1,"-80C upright freezer, Marine Mammal and Turtle DNA",10,184,H,3,,Y,Genomic DNA,3,>25ul and <=50ul,N,,,,,,,,4/14/06,Lauren Hess,,Nicky Beaulieu,8/24/12,6/28/12,,,,,,,,,,,,,,
1301,26933,1301,1,F1,"-80C upright freezer, Marine Mammal and Turtle DNA",10,184,H,4,,Y,Genomic DNA,3,>25ul and <=50ul,N,,,,,,,,4/14/06,Lauren Hess,,Nicky Beaulieu,8/24/12,6/28/12,,,,,,,,,,,,,,
1301,34810,1301,1,F1,"-80C upright freezer, Marine Mammal and Turtle DNA",11,219,A,9,,Y,Genomic DNA,4,>50ul,N,,,DNEasy.,,,,,,,,Nicky Beaulieu,8/24/12,6/28/12,,,,,,,,,,,,,,
1301,34811,1301,1,F1,"-80C upright freezer, Marine Mammal and Turtle DNA",11,219,B,1,,Y,Genomic DNA,4,>50ul,N,,,LiCl extraction.,,,,,,,,Nicky Beaulieu,8/24/12,6/28/12,,,,,,,,,,,,,,
1564,26838,1564,1,F1,"-80C upright freezer, Marine Mammal and Turtle DNA",10,183,F,8,,Y,Genomic DNA,1,<=10ul,N,,,,,,,,4/14/06,Lauren Hess,,Nicky Beaulieu,8/24/12,6/28/12,,,,,,,,,,,,,,
1875,26837,1875,1,F1,"-80C upright freezer, Marine Mammal and Turtle DNA",10,183,F,7,2125,Y,Genomic DNA,2,>10ul and <=25ul,N,,,,,,,,4/14/06,Lauren Hess,,Nicky Beaulieu,8/24/12,6/28/12,6579,26837,,,,1420,,,,,,Dan Prosperi,5/19/14,5/19/14
1877,26982,1877,1,F1,"-80C upright freezer, Marine Mammal and Turtle DNA",10,185,D,8,2127,Y,Genomic DNA,4,>50ul,N,,,,,,,,4/14/06,Lauren Hess,,Nicky Beaulieu,8/24/12,6/28/12,6661,26982,,,,11,,,,,,Dan Prosperi,5/19/14,5/19/14
1877,68862,1877,-1,F7,"-80C upright freezer, Marine Mammal and Turtle DNA",17,785,E,4,2127,N,Genomic DNA,0,None left,N,,,used-up per sample request 287 per KMR 8/17/2012,767,Louella Dolar,7/16/12,For KMR (Ing Chen's loan),,,7/26/12,Alaina Harmon,2/2/22,7/26/12,,,,,,,,,,,,,,
2165,3151,2165,1,F1,"-80C upright freezer, Marine Mammal and Turtle DNA",2,39,I,1,,Y,Genomic DNA,4,>50ul,N,,,,,,,,10/27/05,Siri Hakala,,Nicky Beaulieu,8/24/12,6/28/12,,,,,,,,,,,,,,
2165,26934,2165,1,F1,"-80C upright freezer, Marine Mammal and Turtle DNA",10,184,H,5,,Y,Genomic DNA,4,>50ul,N,,,,,,,,4/14/06,Lauren Hess,,Nicky Beaulieu,8/24/12,6/28/12,,,,,,,,,,,,,,
2165,26935,2165,1,F1,"-80C upright freezer, Marine Mammal and Turtle DNA",10,184,H,6,,Y,Genomic DNA,4,>50ul,N,,,,,,,,4/14/06,Lauren Hess,,Nicky Beaulieu,8/24/12,6/28/12,,,,,,,,,,,,,,
2165,26936,2165,1,F1,"-80C upright freezer, Marine Mammal and Turtle DNA",10,184,H,7,,Y,Genomic DNA,3,>25ul and <=50ul,N,,,,,,,,4/14/06,Lauren Hess,,Nicky Beaulieu,8/24/12,6/28/12,,,,,,,,,,,,,,
2165,26937,2165,1,F1,"-80C upright freezer, Marine Mammal and Turtle DNA",10,184,H,8,,Y,Genomic DNA,4,>50ul,N,,,,,,,,4/14/06,Lauren Hess,,Nicky Beaulieu,8/24/12,6/28/12,,,,,,,,,,,,,,
2167,26836,2167,1,F1,"-80C upright freezer, Marine Mammal and Turtle DNA",10,183,F,6,2294,Y,Genomic DNA,2,>10ul and <=25ul,N,,,,,,,,4/14/06,Lauren Hess,,Nicky Beaulieu,8/24/12,6/28/12,6578,26836,,,,810,,,,,,Dan Prosperi,5/19/14,5/19/14
2668,26983,2668,1,F1,"-80C upright freezer, Marine Mammal and Turtle DNA",10,185,D,9,,Y,Genomic DNA,4,>50ul,N,,,,,,,,4/14/06,Lauren Hess,,Nicky Beaulieu,8/24/12,6/28/12,6662,26983,,,,12,,,,,,Dan Prosperi,5/19/14,5/19/14
2668,65232,2668,1,F7,"-80C upright freezer, Marine Mammal and Turtle DNA",15,760,A,7,,Y,Genomic DNA,3,>25ul and <=50ul,N,,,,722,Louella Dolar,3/8/12,for KMR - Philippine loan (BFAR),,,,Alaina Harmon,2/2/22,6/28/12,,,,,,,,,,,,,,
2668,68863,2668,1,F7,"-80C upright freezer, Marine Mammal and Turtle DNA",17,785,E,5,2798,Y,Genomic DNA,3,>25ul and <=50ul,N,,,,767,Louella Dolar,7/16/12,For KMR (Ing Chen's loan),,,7/26/12,Alaina Harmon,2/2/22,7/26/12,,,,,,,,,,,,,,
3056,26823,3056,1,F1,"-80C upright freezer, Marine Mammal and Turtle DNA",10,183,E,2,,Y,Genomic DNA,2,>10ul and <=25ul,N,,,,,,,,4/14/06,Lauren Hess,,Dan Prosperi,7/2/12,6/28/12,,,,,,,,,,,,,,
3056,26938,3056,1,F1,"-80C upright freezer, Marine Mammal and Turtle DNA",10,184,H,9,,Y,Genomic DNA,4,>50ul,N,,,,,,,,4/14/06,Lauren Hess,,Dan Prosperi,7/2/12,6/28/12,,,,,,,,,,,,,,
3056,26939,3056,1,F1,"-80C upright freezer, Marine Mammal and Turtle DNA",10,184,I,1,,Y,Genomic DNA,3,>25ul and <=50ul,N,,,,,,,,4/14/06,Lauren Hess,,Dan Prosperi,7/2/12,6/28/12,,,,,,,,,,,,,,
3067,26825,3067,1,F1,"-80C upright freezer, Marine Mammal and Turtle DNA",10,183,E,4,3202,Y,Genomic DNA,3,>25ul and <=50ul,N,,,,,,,,4/14/06,Lauren Hess,,Dan Prosperi,7/2/12,6/28/12,6574,26825,,,,1890,,,,,,Dan Prosperi,5/19/14,5/19/14
3077,26824,3077,1,F1,"-80C upright freezer, Marine Mammal and Turtle DNA",10,183,E,3,3212,Y,Genomic DNA,4,>50ul,N,,,,,,,,4/14/06,Lauren Hess,,Dan Prosperi,7/2/12,6/28/12,6573,26824,,,,990,,,,,,Dan Prosperi,5/19/14,5/19/14
3170,26826,3170,1,F1,"-80C upright freezer, Marine Mammal and Turtle DNA",10,183,E,5,3305,Y,Genomic DNA,3,>25ul and <=50ul,N,,,,,,,,4/14/06,Lauren Hess,,Dan Prosperi,7/2/12,6/28/12,6575,26826,,,,3950,,,,,,Dan Prosperi,5/19/14,5/19/14
3982,26984,3982,1,F1,"-80C upright freezer, Marine Mammal and Turtle DNA",10,185,E,1,4097,Y,Genomic DNA,4,>50ul,N,,,,,,,,4/14/06,Lauren Hess,,Dan Prosperi,7/2/12,6/28/12,6663,26984,,,,14,,,,,,Dan Prosperi,5/19/14,5/19/14
4551,26832,4551,1,F1,"-80C upright freezer, Marine Mammal and Turtle DNA",10,183,F,2,,Y,Genomic DNA,2,>10ul and <=25ul,N,,,,,,,,4/14/06,Lauren Hess,,Dan Prosperi,7/2/12,6/28/12,,,,,,,,,,,,,,
4551,26985,4551,1,F1,"-80C upright freezer, Marine Mammal and Turtle DNA",10,185,E,2,,Y,Genomic DNA,2,>10ul and <=25ul,N,,,,,,,,4/14/06,Lauren Hess,,Dan Prosperi,7/2/12,6/28/12,6664,26985,,,,3920,,,,,,Dan Prosperi,5/19/14,5/19/14
4689,26986,4689,1,F1,"-80C upright freezer, Marine Mammal and Turtle DNA",10,185,E,3,,Y,Genomic DNA,4,>50ul,N,,,,,,,,4/14/06,Lauren Hess,,Dan Prosperi,7/2/12,6/28/12,,,,,,,,,,,,,,
4689,27104,4689,1,F1,"-80C upright freezer, Marine Mammal and Turtle DNA",10,186,I,4,,Y,Genomic DNA,4,>50ul,N,,,,,,,,4/14/06,Lauren Hess,,Dan Prosperi,7/2/12,6/28/12,6693,27104,,,,125,,,,,,Dan Prosperi,5/19/14,5/19/14
4689,51300,4689,1,F7,"-80C upright freezer, Marine Mammal and Turtle DNA",1,478,H,6,,Y,Genomic DNA,3,>25ul and <=50ul,N,,,,,,,,,,,Alaina Harmon,2/2/22,6/28/12,,,,,,,,,,,,,,
4690,26987,4690,1,F1,"-80C upright freezer, Marine Mammal and Turtle DNA",10,185,E,4,4802,Y,Genomic DNA,2,>10ul and <=25ul,N,,,,,,,,4/14/06,Lauren Hess,,Dan Prosperi,7/2/12,6/28/12,6665,26987,,,,10,,,,,,Dan Prosperi,5/19/14,5/19/14
4691,26988,4691,1,F1,"-80C upright freezer, Marine Mammal and Turtle DNA",10,185,E,5,4803,Y,Genomic DNA,4,>50ul,N,,,,,,,,4/14/06,Lauren Hess,,Dan Prosperi,7/2/12,6/28/12,6666,26988,,,,16,,,,,,Dan Prosperi,5/19/14,5/19/14
4692,27105,4692,1,F1,"-80C upright freezer, Marine Mammal and Turtle DNA",10,186,I,5,,Y,Genomic DNA,3,>25ul and <=50ul,N,,,,,,,,4/14/06,Lauren Hess,,Dan Prosperi,7/2/12,6/28/12,,,,,,,,,,,,,,
4694,1246,4694,1,F1,"-80C upright freezer, Marine Mammal and Turtle DNA",1,16,D,4,4806,Y,Genomic DNA,3,>25ul and <=50ul,N,,,,,,,,10/18/05,Gabriela Serra-Valente,,Gabriela Serra-Valente,7/13/16,6/28/12,640,1246,,,,910,,,,,,Dan Prosperi,5/19/14,5/19/14
4694,68864,4694,-1,F7,"-80C upright freezer, Marine Mammal and Turtle DNA",17,785,E,6,4806,N,Genomic DNA,0,None left,N,,,Used up per sample request 287 per KMR 9/5/2012,768,Louella Dolar,7/17/12,For KMR (Ing Chen's loan),,,7/26/12,Alaina Harmon,2/2/22,7/26/12,,,,,,,,,,,,,,
4695,26834,4695,1,F1,"-80C upright freezer, Marine Mammal and Turtle DNA",10,183,F,4,,Y,Genomic DNA,2,>10ul and <=25ul,N,,,,,,,,4/14/06,Lauren Hess,,Nicky Beaulieu,8/24/12,6/28/12,,,,,,,,,,,,,,
4695,26940,4695,1,F1,"-80C upright freezer, Marine Mammal and Turtle DNA",10,184,I,2,,Y,Genomic DNA,2,>10ul and <=25ul,N,,,,,,,,4/14/06,Lauren Hess,,Nicky Beaulieu,8/24/12,6/28/12,,,,,,,,,,,,,,
4695,26941,4695,1,F1,"-80C upright freezer, Marine Mammal and Turtle DNA",10,184,I,3,,Y,Genomic DNA,3,>25ul and <=50ul,N,,,,,,,,4/14/06,Lauren Hess,,Nicky Beaulieu,8/24/12,6/28/12,,,,,,,,,,,,,,
4771,26833,4771,1,F1,"-80C upright freezer, Marine Mammal and Turtle DNA",10,183,F,3,,Y,Genomic DNA,1,<=10ul,N,,,,,,,,4/14/06,Lauren Hess,,Nicky Beaulieu,8/24/12,6/28/12,,,,,,,,,,,,,,
4771,26942,4771,1,F1,"-80C upright freezer, Marine Mammal and Turtle DNA",10,184,I,4,,Y,Genomic DNA,4,>50ul,N,,,,,,,,4/14/06,Lauren Hess,,Nicky Beaulieu,8/24/12,6/28/12,,,,,,,,,,,,,,
4771,26943,4771,1,F1,"-80C upright freezer, Marine Mammal and Turtle DNA",10,184,I,5,,Y,Genomic DNA,3,>25ul and <=50ul,N,,,,,,,,4/14/06,Lauren Hess,,Nicky Beaulieu,8/24/12,6/28/12,,,,,,,,,,,,,,
4975,26944,4975,1,F1,"-80C upright freezer, Marine Mammal and Turtle DNA",10,184,I,6,,Y,Genomic DNA,4,>50ul,N,,,,,,,,4/14/06,Lauren Hess,,Dan Prosperi,7/2/12,6/28/12,,,,,,,,,,,,,,
4975,26945,4975,1,F1,"-80C upright freezer, Marine Mammal and Turtle DNA",10,184,I,7,,Y,Genomic DNA,4,>50ul,N,,,,,,,,4/14/06,Lauren Hess,,Dan Prosperi,7/2/12,6/28/12,,,,,,,,,,,,,,
4975,26946,4975,1,F1,"-80C upright freezer, Marine Mammal and Turtle DNA",10,184,I,8,,Y,Genomic DNA,4,>50ul,N,,,,,,,,4/14/06,Lauren Hess,,Dan Prosperi,7/2/12,6/28/12,,,,,,,,,,,,,,
5001,27070,5001,1,F1,"-80C upright freezer, Marine Mammal and Turtle DNA",10,186,E,6,,Y,Genomic DNA,4,>50ul,N,,,,,,,,4/14/06,Lauren Hess,,Nicky Beaulieu,8/24/12,6/28/12,,,,,,,,,,,,,,
5001,68865,5001,1,F7,"-80C upright freezer, Marine Mammal and Turtle DNA",17,785,E,7,5149,Y,Genomic DNA,3,>25ul and <=50ul,N,,,,768,Louella Dolar,7/17/12,For KMR (Ing Chen's loan),,,7/26/12,Alaina Harmon,2/2/22,7/26/12,,,,,,,,,,,,,,
5004,26827,5004,1,F1,"-80C upright freezer, Marine Mammal and Turtle DNA",10,183,E,6,,Y,Genomic DNA,1,<=10ul,N,,,,,,,,4/14/06,Lauren Hess,,Nicky Beaulieu,8/24/12,6/28/12,,,,,,,,,,,,,,
5004,26947,5004,1,F1,"-80C upright freezer, Marine Mammal and Turtle DNA",10,184,I,9,,Y,Genomic DNA,4,>50ul,N,,,,,,,,4/14/06,Lauren Hess,,Nicky Beaulieu,8/24/12,6/28/12,,,,,,,,,,,,,,
5004,26948,5004,1,F1,"-80C upright freezer, Marine Mammal and Turtle DNA",10,185,A,1,,Y,Genomic DNA,3,>25ul and <=50ul,N,,,,,,,,4/14/06,Lauren Hess,,Nicky Beaulieu,8/24/12,6/28/12,,,,,,,,,,,,,,
5007,27071,5007,1,F1,"-80C upright freezer, Marine Mammal and Turtle DNA",10,186,E,7,,Y,Genomic DNA,4,>50ul,N,,,,,,,,4/14/06,Lauren Hess,,Nicky Beaulieu,8/24/12,6/28/12,,,,,,,,,,,,,,
5007,68866,5007,1,F7,"-80C upright freezer, Marine Mammal and Turtle DNA",17,785,E,8,5155,Y,Genomic DNA,3,>25ul and <=50ul,N,,,,768,Louella Dolar,7/17/12,For KMR (Ing Chen's loan),,,7/26/12,Alaina Harmon,2/2/22,7/26/12,,,,,,,,,,,,,,
5008,26835,5008,1,F1,"-80C upright freezer, Marine Mammal and Turtle DNA",10,183,F,5,,Y,Genomic DNA,1,<=10ul,N,,,,,,,,4/14/06,Lauren Hess,,Nicky Beaulieu,8/24/12,6/28/12,,,,,,,,,,,,,,
5074,27106,5074,1,F1,"-80C upright freezer, Marine Mammal and Turtle DNA",10,186,I,6,,Y,Genomic DNA,2,>10ul and <=25ul,N,,,,,,,,4/14/06,Lauren Hess,,Nicky Beaulieu,8/24/12,6/28/12,,,,,,,,,,,,,,
5074,68867,5074,1,F7,"-80C upright freezer, Marine Mammal and Turtle DNA",17,785,E,9,5232,Y,Genomic DNA,2,>10ul and <=25ul,N,,,,768,Louella Dolar,7/17/12,For KMR (Ing Chen's loan),,,7/26/12,Alaina Harmon,2/2/22,7/26/12,,,,,,,,,,,,,,
6157,27072,6157,1,F1,"-80C upright freezer, Marine Mammal and Turtle DNA",10,186,E,8,,Y,Genomic DNA,3,>25ul and <=50ul,N,,,,,,,,4/14/06,Lauren Hess,,Nicky Beaulieu,8/24/12,6/28/12,,,,,,,,,,,,,,
6157,68868,6157,1,F7,"-80C upright freezer, Marine Mammal and Turtle DNA",17,785,F,1,6306,Y,Genomic DNA,3,>25ul and <=50ul,N,,,,768,Louella Dolar,7/17/12,For KMR (Ing Chen's loan),,,7/26/12,Alaina Harmon,2/2/22,7/26/12,,,,,,,,,,,,,,
6963,27073,6963,1,F1,"-80C upright freezer, Marine Mammal and Turtle DNA",10,186,E,9,,Y,Genomic DNA,4,>50ul,N,,,,,,,,4/14/06,Lauren Hess,,Nicky Beaulieu,8/24/12,6/28/12,,,,,,,,,,,,,,
6963,68869,6963,1,F7,"-80C upright freezer, Marine Mammal and Turtle DNA",17,785,F,2,7021,Y,Genomic DNA,3,>25ul and <=50ul,N,,,,768,Louella Dolar,7/17/12,For KMR (Ing Chen's loan),,,7/26/12,Alaina Harmon,2/2/22,7/26/12,,,,,,,,,,,,,,
7447,27074,7447,1,F1,"-80C upright freezer, Marine Mammal and Turtle DNA",10,186,F,1,,Y,Genomic DNA,3,>25ul and <=50ul,N,,,,,,,,4/14/06,Lauren Hess,,Dan Prosperi,7/2/12,6/28/12,,,,,,,,,,,,,,
7629,3145,7629,1,F1,"-80C upright freezer, Marine Mammal and Turtle DNA",2,39,H,4,,Y,Genomic DNA,4,>50ul,N,,,,,,,,10/27/05,Siri Hakala,,Dan Prosperi,7/2/12,6/28/12,,,,,,,,,,,,,,
7629,3146,7629,1,F1,"-80C upright freezer, Marine Mammal and Turtle DNA",2,39,H,5,,Y,Genomic DNA,4,>50ul,N,,,,,,,,10/27/05,Siri Hakala,,Dan Prosperi,7/2/12,6/28/12,,,,,,,,,,,,,,
7629,3147,7629,1,F1,"-80C upright freezer, Marine Mammal and Turtle DNA",2,39,H,6,,Y,Genomic DNA,3,>25ul and <=50ul,N,,,,,,,,10/27/05,Siri Hakala,,Dan Prosperi,7/2/12,6/28/12,1493,3147,,,,640,,,,,,Dan Prosperi,5/19/14,5/19/14
7778,27075,7778,1,F1,"-80C upright freezer, Marine Mammal and Turtle DNA",10,186,F,2,,Y,Genomic DNA,3,>25ul and <=50ul,N,,,,,,,,4/14/06,Lauren Hess,,Dan Prosperi,7/2/12,6/28/12,,,,,,,,,,,,,,
7778,57123,7778,1,F7,"-80C upright freezer, Marine Mammal and Turtle DNA",11,664,B,4,,Y,Genomic DNA,3,>25ul and <=50ul,N,,,,448,Louella Dolar,10/4/10,,,,,Alaina Harmon,2/2/22,6/28/12,,,,,,,,,,,,,,
7779,27076,7779,1,F1,"-80C upright freezer, Marine Mammal and Turtle DNA",10,186,F,3,,Y,Genomic DNA,1,<=10ul,N,,,,,,,,4/14/06,Lauren Hess,,Dan Prosperi,7/2/12,6/28/12,,,,,,,,,,,,,,
7779,27077,7779,1,F1,"-80C upright freezer, Marine Mammal and Turtle DNA",10,186,F,4,,Y,Genomic DNA,1,<=10ul,N,,,,,,,,4/14/06,Lauren Hess,,Dan Prosperi,7/2/12,6/28/12,,,,,,,,,,,,,,
7779,51304,7779,1,F7,"-80C upright freezer, Marine Mammal and Turtle DNA",1,478,I,1,,Y,Genomic DNA,3,>25ul and <=50ul,N,,,,,,,,,,,Alaina Harmon,2/2/22,6/28/12,,,,,,,,,,,,,,
8672,1254,8672,1,F1,"-80C upright freezer, Marine Mammal and Turtle DNA",1,16,E,3,,Y,Genomic DNA,3,>25ul and <=50ul,N,,,,,,,,10/18/05,Gabriela Serra-Valente,,Dan Prosperi,7/2/12,6/28/12,,,,,,,,,,,,,,
8672,25783,8672,1,F1,"-80C upright freezer, Marine Mammal and Turtle DNA",9,174,I,1,,Y,Genomic DNA,4,>50ul,N,,,,,,,,4/3/06,Gabriela Serra-Valente,,Dan Prosperi,7/2/12,6/28/12,,,,,,,,,,,,,,
8682,27004,8682,1,F1,"-80C upright freezer, Marine Mammal and Turtle DNA",10,185,G,3,8476,Y,Genomic DNA,1,<=10ul,N,,,,,,,,4/14/06,Lauren Hess,,Dan Prosperi,7/2/12,6/28/12,6677,27004,,,,9,,,,,,Dan Prosperi,5/19/14,5/19/14
8759,8,8759,1,F1,"-80C upright freezer, Marine Mammal and Turtle DNA",1,1,A,8,,Y,Genomic DNA,3,>25ul and <=50ul,N,,,,,,,,10/14/05,Gabriela Serra-Valente,,Nicky Beaulieu,8/24/12,6/28/12,,,,,,,,,,,,,,
8759,68870,8759,-1,F7,"-80C upright freezer, Marine Mammal and Turtle DNA",17,785,F,3,8556,N,Genomic DNA,0,None left,N,,,used-up per sample request 287 per KMR 8/17/2012,768,Louella Dolar,7/17/12,For KMR (Ing Chen's loan),,,7/26/12,Alaina Harmon,2/2/22,7/26/12,,,,,,,,,,,,,,
9335,27005,9335,1,F1,"-80C upright freezer, Marine Mammal and Turtle DNA",10,185,G,4,,Y,Genomic DNA,2,>10ul and <=25ul,N,,,,,,,,4/14/06,Lauren Hess,,Nicky Beaulieu,8/24/12,6/28/12,,,,,,,,,,,,,,
9335,27016,9335,1,F1,"-80C upright freezer, Marine Mammal and Turtle DNA",10,185,H,6,,Y,Genomic DNA,4,>50ul,N,,,,,,,,4/14/06,Lauren Hess,,Nicky Beaulieu,8/24/12,6/28/12,6685,27016,,,,12,,,,,,Dan Prosperi,5/19/14,5/19/14
9335,68871,9335,1,F7,"-80C upright freezer, Marine Mammal and Turtle DNA",17,785,F,4,9257,Y,Genomic DNA,3,>25ul and <=50ul,N,,,,768,Louella Dolar,7/17/12,For KMR (Ing Chen's loan),,,7/26/12,Alaina Harmon,2/2/22,7/26/12,,,,,,,,,,,,,,
9336,27003,9336,1,F1,"-80C upright freezer, Marine Mammal and Turtle DNA",10,185,G,2,,Y,Genomic DNA,2,>10ul and <=25ul,N,,,,,,,,4/14/06,Lauren Hess,,Nicky Beaulieu,8/24/12,6/28/12,,,,,,,,,,,,,,
9336,27006,9336,1,F1,"-80C upright freezer, Marine Mammal and Turtle DNA",10,185,G,5,,Y,Genomic DNA,4,>50ul,N,,,,,,,,4/14/06,Lauren Hess,,Nicky Beaulieu,8/24/12,6/28/12,,,,,,,,,,,,,,
9336,27017,9336,1,F1,"-80C upright freezer, Marine Mammal and Turtle DNA",10,185,H,7,,Y,Genomic DNA,1,<=10ul,N,,,,,,,,4/14/06,Lauren Hess,,Nicky Beaulieu,8/24/12,6/28/12,6686,27017,,,,61,,,,,,Dan Prosperi,5/19/14,5/19/14
9556,27007,9556,1,F1,"-80C upright freezer, Marine Mammal and Turtle DNA",10,185,G,6,,Y,Genomic DNA,3,>25ul and <=50ul,N,,,,,,,,4/14/06,Lauren Hess,,Dan Prosperi,7/2/12,6/28/12,,,,,,,,,,,,,,
9556,27018,9556,1,F1,"-80C upright freezer, Marine Mammal and Turtle DNA",10,185,H,8,,Y,Genomic DNA,4,>50ul,N,,,,,,,,4/14/06,Lauren Hess,,Dan Prosperi,7/2/12,6/28/12,6687,27018,,,,16,,,,,,Dan Prosperi,5/19/14,5/19/14
9557,27008,9557,1,F1,"-80C upright freezer, Marine Mammal and Turtle DNA",10,185,G,7,9350,Y,Genomic DNA,1,<=10ul,N,,,,,,,,4/14/06,Lauren Hess,,Dan Prosperi,7/2/12,6/28/12,6678,27008,,,,20,,,,,,Dan Prosperi,5/19/14,5/19/14
9558,27009,9558,1,F1,"-80C upright freezer, Marine Mammal and Turtle DNA",10,185,G,8,9351,Y,Genomic DNA,4,>50ul,N,,,,,,,,4/14/06,Lauren Hess,,Dan Prosperi,7/2/12,6/28/12,6679,27009,,,,30,,,,,,Dan Prosperi,5/19/14,5/19/14
11204,27010,11204,1,F1,"-80C upright freezer, Marine Mammal and Turtle DNA",10,185,G,9,10790,Y,Genomic DNA,4,>50ul,N,,,,,,,,4/14/06,Lauren Hess,,Nicky Beaulieu,8/24/12,6/28/12,6680,27010,,,,20,,,,,,Dan Prosperi,5/19/14,5/19/14
11204,68872,11204,1,F7,"-80C upright freezer, Marine Mammal and Turtle DNA",17,785,F,5,10790,Y,Genomic DNA,3,>25ul and <=50ul,N,,,,768,Louella Dolar,7/17/12,For KMR (Ing Chen's loan),,,7/26/12,Alaina Harmon,2/2/22,7/26/12,,,,,,,,,,,,,,
11692,27011,11692,1,F1,"-80C upright freezer, Marine Mammal and Turtle DNA",10,185,H,1,,Y,Genomic DNA,2,>10ul and <=25ul,N,,,,,,,,4/14/06,Lauren Hess,,Nicky Beaulieu,8/24/12,6/28/12,6681,27011,,,,44,,,,,,Dan Prosperi,5/19/14,5/19/14
11692,68873,11692,-1,F7,"-80C upright freezer, Marine Mammal and Turtle DNA",17,785,F,6,11565,N,Genomic DNA,0,None left,N,,,Used up per sample request 287 per KMR 9/5/2012,768,Louella Dolar,7/17/12,For KMR (Ing Chen's loan),,,7/26/12,Alaina Harmon,2/2/22,7/26/12,,,,,,,,,,,,,,
11693,27012,11693,1,F1,"-80C upright freezer, Marine Mammal and Turtle DNA",10,185,H,2,,Y,Genomic DNA,2,>10ul and <=25ul,N,,,,,,,,4/14/06,Lauren Hess,,Nicky Beaulieu,8/24/12,6/28/12,6682,27012,,,,52,,,,,,Dan Prosperi,5/19/14,5/19/14
11693,68874,11693,1,F7,"-80C upright freezer, Marine Mammal and Turtle DNA",17,785,F,7,11566,Y,Genomic DNA,3,>25ul and <=50ul,N,,,,768,Louella Dolar,7/17/12,For KMR (Ing Chen's loan),,,7/26/12,Alaina Harmon,2/2/22,7/26/12,,,,,,,,,,,,,,
94413,,,,,,,,,,,,,,,,,,,,,,,,,,,,,,,,,,,,,,,,,,
94471,56330,94471,-1,F7,"-80C upright freezer, Marine Mammal and Turtle DNA",4,540,D,4,,N,Genomic DNA,0,None left,N,,,Used up per sample request 287 per KMR 9/5/2012,,,,,,,,Alaina Harmon,2/2/22,6/28/12,,,,,,,,,,,,,,
94472,56331,94472,1,F7,"-80C upright freezer, Marine Mammal and Turtle DNA",4,540,D,5,,Y,Genomic DNA,4,>50ul,N,,,,,,,,,,,Alaina Harmon,2/2/22,6/28/12,,,,,,,,,,,,,,
94804,65556,94804,1,F7,"-80C upright freezer, Marine Mammal and Turtle DNA",16,764,A,7,125737,Y,Genomic DNA,4,>50ul,N,,,,,,,,,,,Alaina Harmon,2/2/22,6/28/12,54116,65556,4/6/17,Kelly Robertson,Victor Fluorometry,0,,,,,,Gabriela Serra-Valente,6/27/18,6/27/18
94804,68938,94804,1,F7,"-80C upright freezer, Marine Mammal and Turtle DNA",17,786,D,8,125737,Y,Genomic DNA,3,>25ul and <=50ul,N,,,,776,Louella Dolar,7/23/12,For KMR (Ing Chen's loan),,,7/26/12,Alaina Harmon,2/2/22,7/26/12,54088,68938,4/6/17,Kelly Robertson,Victor Fluorometry,168.06,,,,,,Gabriela Serra-Valente,6/27/18,6/27/18
101142,65559,101142,1,F7,"-80C upright freezer, Marine Mammal and Turtle DNA",16,764,B,1,132211,Y,Genomic DNA,3,>25ul and <=50ul,N,,,,,,,,,,,Alaina Harmon,2/2/22,6/28/12,,,,,,,,,,,,,,
101142,68939,101142,1,F7,"-80C upright freezer, Marine Mammal and Turtle DNA",17,786,D,9,132211,Y,Genomic DNA,3,>25ul and <=50ul,N,,,,776,Louella Dolar,7/23/12,For KMR (Ing Chen's loan),,,7/26/12,Alaina Harmon,2/2/22,7/26/12,,,,,,,,,,,,,,
101143,65560,101143,1,F7,"-80C upright freezer, Marine Mammal and Turtle DNA",16,764,B,2,132212,Y,Genomic DNA,4,>50ul,N,,,,,,,,,,,Alaina Harmon,2/2/22,6/28/12,,,,,,,,,,,,,,
101143,68940,101143,1,F7,"-80C upright freezer, Marine Mammal and Turtle DNA",17,786,E,1,132212,Y,Genomic DNA,3,>25ul and <=50ul,N,,,,776,Louella Dolar,7/23/12,For KMR (Ing Chen's loan),,,7/26/12,Alaina Harmon,2/2/22,7/26/12,54094,68940,4/6/17,Kelly Robertson,Victor Fluorometry,167.41,,,,,,Gabriela Serra-Valente,6/27/18,6/27/18
101144,65561,101144,1,F7,"-80C upright freezer, Marine Mammal and Turtle DNA",16,764,B,3,132213,Y,Genomic DNA,3,>25ul and <=50ul,N,,,,,,,,,,,Alaina Harmon,2/2/22,6/28/12,,,,,,,,,,,,,,
101144,68941,101144,1,F7,"-80C upright freezer, Marine Mammal and Turtle DNA",17,786,E,2,132213,Y,Genomic DNA,3,>25ul and <=50ul,N,,,,776,Louella Dolar,7/23/12,For KMR (Ing Chen's loan),,,7/26/12,Alaina Harmon,2/2/22,7/26/12,,,,,,,,,,,,,,
101159,65562,101159,1,F7,"-80C upright freezer, Marine Mammal and Turtle DNA",16,764,B,4,132228,Y,Genomic DNA,4,>50ul,N,,,,,,,,,,,Alaina Harmon,2/2/22,6/28/12,,,,,,,,,,,,,,
101159,68942,101159,1,F7,"-80C upright freezer, Marine Mammal and Turtle DNA",17,786,E,3,132228,Y,Genomic DNA,3,>25ul and <=50ul,N,,,,776,Louella Dolar,7/23/12,For KMR (Ing Chen's loan),,,7/26/12,Alaina Harmon,2/2/22,7/26/12,,,,,,,,,,,,,,
101160,65563,101160,1,F7,"-80C upright freezer, Marine Mammal and Turtle DNA",16,764,B,5,132229,Y,Genomic DNA,3,>25ul and <=50ul,N,,,,,,,,,,,Alaina Harmon,2/2/22,6/28/12,,,,,,,,,,,,,,
101160,68943,101160,1,F7,"-80C upright freezer, Marine Mammal and Turtle DNA",17,786,E,4,132229,Y,Genomic DNA,3,>25ul and <=50ul,N,,,,776,Louella Dolar,7/23/12,For KMR (Ing Chen's loan),,,7/26/12,Alaina Harmon,2/2/22,7/26/12,,,,,,,,,,,,,,
101851,68944,101851,1,F7,"-80C upright freezer, Marine Mammal and Turtle DNA",17,786,E,5,132942,Y,Genomic DNA,3,>25ul and <=50ul,N,,,,776,Louella Dolar,7/23/12,For KMR (Ing Chen's loan),,,7/26/12,Alaina Harmon,2/2/22,7/26/12,,,,,,,,,,,,,,
102563,58055,102563,1,F7,"-80C upright freezer, Marine Mammal and Turtle DNA",11,674,D,7,,Y,Genomic DNA,1,<=10ul,N,,,,516,Louella Dolar,11/30/10,Contaminated: ?,,,,Alaina Harmon,2/2/22,6/28/12,18092,58055,,,Tecan Fluorometry,358.3,1.71,0.97,,,,Dan Prosperi,5/19/14,5/19/14
108390,,,,,,,,,,,,,,,,,,,,,,,,,,,,,,,,,,,,,,,,,,
113015,,,,,,,,,,,,,,,,,,,,,,,,,,,,,,,,,,,,,,,,,,
11694,27013,11694,1,F1,"-80C upright freezer, Marine Mammal and Turtle DNA",10,185,H,3,,Y,Genomic DNA,4,>50ul,N,,,,,,,,4/14/06,Lauren Hess,,Nicky Beaulieu,8/24/12,6/28/12,6683,27013,,,,25,,,,,,Dan Prosperi,5/19/14,5/19/14
11694,68875,11694,1,F7,"-80C upright freezer, Marine Mammal and Turtle DNA",17,785,F,8,11567,Y,Genomic DNA,3,>25ul and <=50ul,N,,,,768,Louella Dolar,7/17/12,For KMR (Ing Chen's loan),,,7/26/12,Alaina Harmon,2/2/22,7/26/12,,,,,,,,,,,,,,
12306,3148,12306,-1,F1,"-80C upright freezer, Marine Mammal and Turtle DNA",2,39,H,7,,N,Genomic DNA,0,None left,N,,,"Not found during inventory, Nov 2012 per NEB",,,,,10/27/05,Siri Hakala,,Nicky Beaulieu,12/6/12,6/28/12,,,,,,,,,,,,,,
12306,39244,12306,1,F1,"-80C upright freezer, Marine Mammal and Turtle DNA",12,239,E,8,,Y,Genomic DNA,2,>10ul and <=25ul,N,,,,,,,,,,,Dan Prosperi,7/2/12,6/28/12,,,,,,,,,,,,,,
12306,45687,12306,1,F1,"-80C upright freezer, Marine Mammal and Turtle DNA",14,275,F,8,,Y,Genomic DNA,3,>25ul and <=50ul,N,,,,,,,,,,,Dan Prosperi,7/2/12,6/28/12,,,,,,,,,,,,,,
12307,27078,12307,1,F1,"-80C upright freezer, Marine Mammal and Turtle DNA",10,186,F,5,,Y,Genomic DNA,4,>50ul,N,,,,,,,,4/14/06,Lauren Hess,,Dan Prosperi,7/2/12,6/28/12,,,,,,,,,,,,,,
12307,39245,12307,1,F1,"-80C upright freezer, Marine Mammal and Turtle DNA",12,239,E,9,,Y,Genomic DNA,2,>10ul and <=25ul,N,,,,,,,,,,,Dan Prosperi,7/2/12,6/28/12,,,,,,,,,,,,,,
13860,3149,13860,1,F1,"-80C upright freezer, Marine Mammal and Turtle DNA",2,39,H,8,,Y,Genomic DNA,3,>25ul and <=50ul,N,,,,,,,,10/27/05,Siri Hakala,,Dan Prosperi,7/2/12,6/28/12,,,,,,,,,,,,,,
13876,3150,13876,1,F1,"-80C upright freezer, Marine Mammal and Turtle DNA",2,39,H,9,,Y,Genomic DNA,2,>10ul and <=25ul,N,,,,,,,,10/27/05,Siri Hakala,,Dan Prosperi,7/2/12,6/28/12,,,,,,,,,,,,,,
15899,26989,15899,1,F1,"-80C upright freezer, Marine Mammal and Turtle DNA",10,185,E,6,,Y,Genomic DNA,2,>10ul and <=25ul,N,,,,,,,,4/14/06,Lauren Hess,,Nicky Beaulieu,8/24/12,6/28/12,6667,26989,,,,29,,,,,,Dan Prosperi,5/19/14,5/19/14
15899,68876,15899,1,F7,"-80C upright freezer, Marine Mammal and Turtle DNA",17,785,F,9,15751,Y,Genomic DNA,3,>25ul and <=50ul,N,,,,768,Louella Dolar,7/17/12,For KMR (Ing Chen's loan),,,7/26/12,Alaina Harmon,2/2/22,7/26/12,,,,,,,,,,,,,,
15900,26990,15900,1,F1,"-80C upright freezer, Marine Mammal and Turtle DNA",10,185,E,7,,Y,Genomic DNA,2,>10ul and <=25ul,N,,,,,,,,4/14/06,Lauren Hess,,Nicky Beaulieu,8/24/12,6/28/12,6668,26990,,,,34,,,,,,Dan Prosperi,5/19/14,5/19/14
15900,68877,15900,1,F7,"-80C upright freezer, Marine Mammal and Turtle DNA",17,785,G,1,15752,Y,Genomic DNA,3,>25ul and <=50ul,N,,,,768,Louella Dolar,7/17/12,For KMR (Ing Chen's loan),,,7/26/12,Alaina Harmon,2/2/22,7/26/12,,,,,,,,,,,,,,
15901,26991,15901,1,F1,"-80C upright freezer, Marine Mammal and Turtle DNA",10,185,E,8,,Y,Genomic DNA,2,>10ul and <=25ul,N,,,,,,,,4/14/06,Lauren Hess,,Nicky Beaulieu,8/24/12,6/28/12,6669,26991,,,,33,,,,,,Dan Prosperi,5/19/14,5/19/14
15901,68878,15901,1,F7,"-80C upright freezer, Marine Mammal and Turtle DNA",17,785,G,2,15753,Y,Genomic DNA,3,>25ul and <=50ul,N,,,,768,Louella Dolar,7/17/12,For KMR (Ing Chen's loan),,,7/26/12,Alaina Harmon,2/2/22,7/26/12,,,,,,,,,,,,,,
15997,26992,15997,1,F1,"-80C upright freezer, Marine Mammal and Turtle DNA",10,185,E,9,,Y,Genomic DNA,4,>50ul,N,,,,,,,,4/14/06,Lauren Hess,,Nicky Beaulieu,8/24/12,6/28/12,,,,,,,,,,,,,,
15997,27107,15997,1,F1,"-80C upright freezer, Marine Mammal and Turtle DNA",10,186,I,7,,Y,Genomic DNA,1,<=10ul,N,,,,,,,,4/14/06,Lauren Hess,,Nicky Beaulieu,8/24/12,6/28/12,6694,27107,,,,13,,,,,,Dan Prosperi,5/19/14,5/19/14
15997,68879,15997,1,F7,"-80C upright freezer, Marine Mammal and Turtle DNA",17,785,G,3,15995,Y,Genomic DNA,3,>25ul and <=50ul,N,,,,768,Louella Dolar,7/17/12,For KMR (Ing Chen's loan),,,7/26/12,Alaina Harmon,2/2/22,7/26/12,,,,,,,,,,,,,,
23155,26831,23155,1,F1,"-80C upright freezer, Marine Mammal and Turtle DNA",10,183,F,1,,Y,Genomic DNA,1,<=10ul,N,,,,,,,,4/14/06,Lauren Hess,,Nicky Beaulieu,8/24/12,6/28/12,,,,,,,,,,,,,,
23187,26830,23187,1,F1,"-80C upright freezer, Marine Mammal and Turtle DNA",10,183,E,9,,Y,Genomic DNA,1,<=10ul,N,,,,,,,,4/14/06,Lauren Hess,,Nicky Beaulieu,8/24/12,6/28/12,,,,,,,,,,,,,,
23799,26993,23799,-1,F1,"-80C upright freezer, Marine Mammal and Turtle DNA",10,185,F,1,,N,Genomic DNA,0,None left,N,,,Used up per sample request 287 per KMR 9/5/2012,,,,,4/14/06,Lauren Hess,,Nicky Beaulieu,9/5/12,6/28/12,6670,26993,,,,106,,,,,,Dan Prosperi,5/19/14,5/19/14
23800,26994,23800,1,F1,"-80C upright freezer, Marine Mammal and Turtle DNA",10,185,F,2,,Y,Genomic DNA,2,>10ul and <=25ul,N,,,,,,,,4/14/06,Lauren Hess,,Nicky Beaulieu,8/24/12,6/28/12,6671,26994,,,,30,,,,,,Dan Prosperi,5/19/14,5/19/14
23800,68880,23800,-1,F7,"-80C upright freezer, Marine Mammal and Turtle DNA",17,785,G,4,23959,N,Genomic DNA,0,None left,N,,,Used up per sample request 287 per KMR 9/5/2012,768,Louella Dolar,7/17/12,For KMR (Ing Chen's loan),,,7/26/12,Alaina Harmon,2/2/22,7/26/12,,,,,,,,,,,,,,
23942,26995,23942,1,F1,"-80C upright freezer, Marine Mammal and Turtle DNA",10,185,F,3,,Y,Genomic DNA,2,>10ul and <=25ul,N,,,,,,,,4/14/06,Lauren Hess,,Nicky Beaulieu,8/24/12,6/28/12,,,,,,,,,,,,,,
23942,27019,23942,1,F1,"-80C upright freezer, Marine Mammal and Turtle DNA",10,185,H,9,,Y,Genomic DNA,4,>50ul,N,,,,,,,,4/14/06,Lauren Hess,,Nicky Beaulieu,8/24/12,6/28/12,6688,27019,,,,10,,,,,,Dan Prosperi,5/19/14,5/19/14
23942,68881,23942,-1,F7,"-80C upright freezer, Marine Mammal and Turtle DNA",17,785,G,5,24112,N,Genomic DNA,0,None left,N,,,used-up per sample request 287 per KMR 8/17/2012,768,Louella Dolar,7/17/12,For KMR (Ing Chen's loan),,,7/26/12,Alaina Harmon,2/2/22,7/26/12,,,,,,,,,,,,,,
25435,26996,25435,1,F1,"-80C upright freezer, Marine Mammal and Turtle DNA",10,185,F,4,26604,Y,Genomic DNA,3,>25ul and <=50ul,N,,,,,,,,4/14/06,Lauren Hess,,Nicky Beaulieu,8/24/12,6/28/12,6672,26996,,,,18,,,,,,Dan Prosperi,5/19/14,5/19/14
25435,68882,25435,1,F7,"-80C upright freezer, Marine Mammal and Turtle DNA",17,785,G,6,26604,Y,Genomic DNA,2,>10ul and <=25ul,N,,,,774,Louella Dolar,7/18/12,For KMR (Ing Chen's loan),,,7/26/12,Alaina Harmon,2/2/22,7/26/12,,,,,,,,,,,,,,
26306,68883,26306,-1,F7,"-80C upright freezer, Marine Mammal and Turtle DNA",17,785,G,7,27409,N,Genomic DNA,0,None left,N,,,Used up per sample request 287 per KMR 9/5/2012,775,Louella Dolar,7/23/12,For KMR (Ing Chen's loan),,,7/26/12,Alaina Harmon,2/2/22,7/26/12,,,,,,,,,,,,,,
26307,26998,26307,1,F1,"-80C upright freezer, Marine Mammal and Turtle DNA",10,185,F,6,27410,Y,Genomic DNA,3,>25ul and <=50ul,N,,,,,,,,4/14/06,Lauren Hess,,Nicky Beaulieu,8/24/12,6/28/12,6673,26998,,,,10,,,,,,Dan Prosperi,5/19/14,5/19/14
26307,68884,26307,1,F7,"-80C upright freezer, Marine Mammal and Turtle DNA",17,785,G,8,27410,Y,Genomic DNA,3,>25ul and <=50ul,N,,,,774,Louella Dolar,7/18/12,For KMR (Ing Chen's loan),,,7/26/12,Alaina Harmon,2/2/22,7/26/12,,,,,,,,,,,,,,
26308,26999,26308,1,F1,"-80C upright freezer, Marine Mammal and Turtle DNA",10,185,F,7,27411,Y,Genomic DNA,3,>25ul and <=50ul,N,,,,,,,,4/14/06,Lauren Hess,,Nicky Beaulieu,8/24/12,6/28/12,6674,26999,,,,20,,,,,,Dan Prosperi,5/19/14,5/19/14
26308,68885,26308,-1,F7,"-80C upright freezer, Marine Mammal and Turtle DNA",17,785,G,9,27411,N,Genomic DNA,0,None left,N,,,Used up per sample request 287 per KMR 9/5/2012,774,Louella Dolar,7/18/12,For KMR (Ing Chen's loan),,,7/26/12,Alaina Harmon,2/2/22,7/26/12,,,,,,,,,,,,,,
26309,27000,26309,1,F1,"-80C upright freezer, Marine Mammal and Turtle DNA",10,185,F,8,27412,Y,Genomic DNA,2,>10ul and <=25ul,N,,,,,,,,4/14/06,Lauren Hess,,Nicky Beaulieu,8/24/12,6/28/12,6675,27000,,,,10,,,,,,Dan Prosperi,5/19/14,5/19/14
26309,68886,26309,-1,F7,"-80C upright freezer, Marine Mammal and Turtle DNA",17,785,H,1,27412,N,Genomic DNA,0,None left,N,,,Used up per sample request 287 per KMR 9/5/2012,774,Louella Dolar,7/18/12,For KMR (Ing Chen's loan),,,7/26/12,Alaina Harmon,2/2/22,7/26/12,,,,,,,,,,,,,,
26642,27001,26642,1,F1,"-80C upright freezer, Marine Mammal and Turtle DNA",10,185,F,9,,Y,Genomic DNA,3,>25ul and <=50ul,N,,,,,,,,4/14/06,Lauren Hess,,Nicky Beaulieu,8/24/12,6/28/12,6676,27001,,,,11,,,,,,Dan Prosperi,5/19/14,5/19/14
26642,68887,26642,1,F7,"-80C upright freezer, Marine Mammal and Turtle DNA",17,785,H,2,27767,Y,Genomic DNA,3,>25ul and <=50ul,N,,,,774,Louella Dolar,7/18/12,For KMR (Ing Chen's loan),,,7/26/12,Alaina Harmon,2/2/22,7/26/12,,,,,,,,,,,,,,
26643,27002,26643,1,F1,"-80C upright freezer, Marine Mammal and Turtle DNA",10,185,G,1,,Y,Genomic DNA,1,<=10ul,N,,,,,,,,4/14/06,Lauren Hess,,Nicky Beaulieu,8/24/12,6/28/12,,,,,,,,,,,,,,
26643,27020,26643,1,F1,"-80C upright freezer, Marine Mammal and Turtle DNA",10,185,I,1,,Y,Genomic DNA,4,>50ul,N,,,,,,,,4/14/06,Lauren Hess,,Nicky Beaulieu,8/24/12,6/28/12,,,,,,,,,,,,,,
26643,68888,26643,-1,F7,"-80C upright freezer, Marine Mammal and Turtle DNA",17,785,H,3,27769,N,Genomic DNA,0,None left,N,,,Used-up per sample request 287 per KMR 8/17/2012,774,Louella Dolar,7/18/12,For KMR (Ing Chen's loan),,,7/26/12,Alaina Harmon,2/2/22,7/26/12,,,,,,,,,,,,,,
28480,68889,28480,1,F7,"-80C upright freezer, Marine Mammal and Turtle DNA",17,785,H,4,29665,Y,Genomic DNA,3,>25ul and <=50ul,N,,,,775,Louella Dolar,7/23/12,For KMR (Ing Chen's loan),,,7/26/12,Alaina Harmon,2/2/22,7/26/12,,,,,,,,,,,,,,
32931,68890,32931,1,F7,"-80C upright freezer, Marine Mammal and Turtle DNA",17,785,H,5,34810,Y,Genomic DNA,3,>25ul and <=50ul,N,,,,775,Louella Dolar,7/23/12,For KMR (Ing Chen's loan),,,7/26/12,Alaina Harmon,2/2/22,7/26/12,,,,,,,,,,,,,,
32940,68891,32940,1,F7,"-80C upright freezer, Marine Mammal and Turtle DNA",17,785,H,6,34820,Y,Genomic DNA,3,>25ul and <=50ul,N,,,,775,Louella Dolar,7/23/12,For KMR (Ing Chen's loan),,,7/26/12,Alaina Harmon,2/2/22,7/26/12,,,,,,,,,,,,,,
37967,27079,37967,1,F1,"-80C upright freezer, Marine Mammal and Turtle DNA",10,186,F,6,,Y,Genomic DNA,3,>25ul and <=50ul,N,,,,,,,,4/14/06,Lauren Hess,,Nicky Beaulieu,8/24/12,6/28/12,,,,,,,,,,,,,,
37971,27080,37971,1,F1,"-80C upright freezer, Marine Mammal and Turtle DNA",10,186,F,7,,Y,Genomic DNA,2,>10ul and <=25ul,N,,,,,,,,4/14/06,Lauren Hess,,Nicky Beaulieu,8/24/12,6/28/12,,,,,,,,,,,,,,
37972,27081,37972,1,F1,"-80C upright freezer, Marine Mammal and Turtle DNA",10,186,F,8,,Y,Genomic DNA,2,>10ul and <=25ul,N,,,,,,,,4/14/06,Lauren Hess,,Dan Prosperi,7/2/12,6/28/12,,,,,,,,,,,,,,
38113,27082,38113,1,F1,"-80C upright freezer, Marine Mammal and Turtle DNA",10,186,F,9,,Y,Genomic DNA,2,>10ul and <=25ul,N,,,,,,,,4/14/06,Lauren Hess,,Nicky Beaulieu,8/24/12,6/28/12,,,,,,,,,,,,,,
38113,68892,38113,-1,F7,"-80C upright freezer, Marine Mammal and Turtle DNA",17,785,H,7,40126,N,Genomic DNA,0,None left,N,,,Used up per sample request 287 per KMR 9/5/2012,774,Louella Dolar,7/18/12,For KMR (Ing Chen's loan),,,7/26/12,Alaina Harmon,2/2/22,7/26/12,,,,,,,,,,,,,,
38114,27083,38114,-1,F1,"-80C upright freezer, Marine Mammal and Turtle DNA",10,186,G,1,,N,Genomic DNA,0,None left,N,,,Used up per sample request 287 per KMR 9/5/2012,,,,,4/14/06,Lauren Hess,,Nicky Beaulieu,9/5/12,6/28/12,,,,,,,,,,,,,,
38251,27084,38251,1,F1,"-80C upright freezer, Marine Mammal and Turtle DNA",10,186,G,2,,Y,Genomic DNA,2,>10ul and <=25ul,N,,,,,,,,4/14/06,Lauren Hess,,Nicky Beaulieu,8/24/12,6/28/12,,,,,,,,,,,,,,
38251,68893,38251,1,F7,"-80C upright freezer, Marine Mammal and Turtle DNA",17,785,H,8,40518,Y,Genomic DNA,3,>25ul and <=50ul,N,,,,774,Louella Dolar,7/18/12,For KMR (Ing Chen's loan),,,7/26/12,Alaina Harmon,2/2/22,7/26/12,,,,,,,,,,,,,,
38252,27085,38252,1,F1,"-80C upright freezer, Marine Mammal and Turtle DNA",10,186,G,3,,Y,Genomic DNA,2,>10ul and <=25ul,N,,,,,,,,4/14/06,Lauren Hess,,Nicky Beaulieu,8/24/12,6/28/12,,,,,,,,,,,,,,
38252,68894,38252,1,F7,"-80C upright freezer, Marine Mammal and Turtle DNA",17,785,H,9,40521,Y,Genomic DNA,3,>25ul and <=50ul,N,,,,774,Louella Dolar,7/18/12,For KMR (Ing Chen's loan),,,7/26/12,Alaina Harmon,2/2/22,7/26/12,,,,,,,,,,,,,,
38253,27086,38253,1,F1,"-80C upright freezer, Marine Mammal and Turtle DNA",10,186,G,4,,Y,Genomic DNA,2,>10ul and <=25ul,N,,,,,,,,4/14/06,Lauren Hess,,Nicky Beaulieu,8/24/12,6/28/12,,,,,,,,,,,,,,
38253,68895,38253,1,F7,"-80C upright freezer, Marine Mammal and Turtle DNA",17,785,I,1,40524,Y,Genomic DNA,3,>25ul and <=50ul,N,,,,774,Louella Dolar,7/18/12,For KMR (Ing Chen's loan),,,7/26/12,Alaina Harmon,2/2/22,7/26/12,,,,,,,,,,,,,,
38254,27087,38254,1,F1,"-80C upright freezer, Marine Mammal and Turtle DNA",10,186,G,5,,Y,Genomic DNA,1,<=10ul,N,,,,,,,,4/14/06,Lauren Hess,,Nicky Beaulieu,8/24/12,6/28/12,,,,,,,,,,,,,,
38255,27088,38255,1,F1,"-80C upright freezer, Marine Mammal and Turtle DNA",10,186,G,6,,Y,Genomic DNA,2,>10ul and <=25ul,N,,,,,,,,4/14/06,Lauren Hess,,Nicky Beaulieu,8/24/12,6/28/12,,,,,,,,,,,,,,
38255,68896,38255,-1,F7,"-80C upright freezer, Marine Mammal and Turtle DNA",17,785,I,2,40530,N,Genomic DNA,0,None left,N,,,used-up per sample request 287 per KMR 8/17/2012,774,Louella Dolar,7/18/12,For KMR (Ing Chen's loan),,,7/26/12,Alaina Harmon,2/2/22,7/26/12,,,,,,,,,,,,,,
38256,27089,38256,1,F1,"-80C upright freezer, Marine Mammal and Turtle DNA",10,186,G,7,,Y,Genomic DNA,3,>25ul and <=50ul,N,,,,,,,,4/14/06,Lauren Hess,,Nicky Beaulieu,8/24/12,6/28/12,,,,,,,,,,,,,,
38256,68897,38256,1,F7,"-80C upright freezer, Marine Mammal and Turtle DNA",17,785,I,3,40533,Y,Genomic DNA,3,>25ul and <=50ul,N,,,,774,Louella Dolar,7/18/12,For KMR (Ing Chen's loan),,,7/26/12,Alaina Harmon,2/2/22,7/26/12,,,,,,,,,,,,,,
38257,27090,38257,1,F1,"-80C upright freezer, Marine Mammal and Turtle DNA",10,186,G,8,,Y,Genomic DNA,2,>10ul and <=25ul,N,,,,,,,,4/14/06,Lauren Hess,,Nicky Beaulieu,8/24/12,6/28/12,,,,,,,,,,,,,,
38257,68898,38257,-1,F7,"-80C upright freezer, Marine Mammal and Turtle DNA",17,785,I,4,40536,N,Genomic DNA,0,None left,N,,,used-up per sample request 287 per KMR 8/17/2012,774,Louella Dolar,7/18/12,For KMR (Ing Chen's loan),,,7/26/12,Alaina Harmon,2/2/22,7/26/12,,,,,,,,,,,,,,
38258,27091,38258,1,F1,"-80C upright freezer, Marine Mammal and Turtle DNA",10,186,G,9,,Y,Genomic DNA,2,>10ul and <=25ul,N,,,,,,,,4/14/06,Lauren Hess,,Nicky Beaulieu,8/24/12,6/28/12,,,,,,,,,,,,,,
38258,68899,38258,1,F7,"-80C upright freezer, Marine Mammal and Turtle DNA",17,785,I,5,40539,Y,Genomic DNA,3,>25ul and <=50ul,N,,,,774,Louella Dolar,7/18/12,For KMR (Ing Chen's loan),,,7/26/12,Alaina Harmon,2/2/22,7/26/12,,,,,,,,,,,,,,
38266,27092,38266,1,F1,"-80C upright freezer, Marine Mammal and Turtle DNA",10,186,H,1,,Y,Genomic DNA,2,>10ul and <=25ul,N,,,,,,,,4/14/06,Lauren Hess,,Nicky Beaulieu,8/24/12,6/28/12,,,,,,,,,,,,,,
38266,68900,38266,1,F7,"-80C upright freezer, Marine Mammal and Turtle DNA",17,785,I,6,40562,Y,Genomic DNA,3,>25ul and <=50ul,N,,,,774,Louella Dolar,7/18/12,For KMR (Ing Chen's loan),,,7/26/12,Alaina Harmon,2/2/22,7/26/12,,,,,,,,,,,,,,
38275,27093,38275,1,F1,"-80C upright freezer, Marine Mammal and Turtle DNA",10,186,H,2,,Y,Genomic DNA,1,<=10ul,N,,,,,,,,4/14/06,Lauren Hess,,Nicky Beaulieu,8/24/12,6/28/12,,,,,,,,,,,,,,
38275,68901,38275,1,F7,"-80C upright freezer, Marine Mammal and Turtle DNA",17,785,I,7,40588,Y,Genomic DNA,3,>25ul and <=50ul,N,,,,774,Louella Dolar,7/18/12,For KMR (Ing Chen's loan),,,7/26/12,Alaina Harmon,2/2/22,7/26/12,,,,,,,,,,,,,,
38276,27094,38276,1,F1,"-80C upright freezer, Marine Mammal and Turtle DNA",10,186,H,3,,Y,Genomic DNA,1,<=10ul,N,,,,,,,,4/14/06,Lauren Hess,,Nicky Beaulieu,8/24/12,6/28/12,,,,,,,,,,,,,,
38276,68902,38276,-1,F7,"-80C upright freezer, Marine Mammal and Turtle DNA",17,785,I,8,40589,N,Genomic DNA,0,None left,N,,,Used up per sample request 287 per KMR 9/5/2012,774,Louella Dolar,7/18/12,For KMR (Ing Chen's loan),,,7/26/12,Alaina Harmon,2/2/22,7/26/12,,,,,,,,,,,,,,
38277,27095,38277,1,F1,"-80C upright freezer, Marine Mammal and Turtle DNA",10,186,H,4,,Y,Genomic DNA,2,>10ul and <=25ul,N,,,,,,,,4/14/06,Lauren Hess,,Nicky Beaulieu,8/24/12,6/28/12,,,,,,,,,,,,,,
38277,68903,38277,-1,F7,"-80C upright freezer, Marine Mammal and Turtle DNA",17,785,I,9,40592,N,Genomic DNA,0,None left,N,,,used-up per sample request 287 per KMR 8/17/2012,775,Louella Dolar,7/23/12,For KMR (Ing Chen's loan),,,7/26/12,Alaina Harmon,2/2/22,7/26/12,,,,,,,,,,,,,,
39080,3152,39080,-1,F1,"-80C upright freezer, Marine Mammal and Turtle DNA",2,39,I,2,,N,Genomic DNA,0,None left,N,,,used-up per sample request 287 per KMR 8/17/2012,,,,,10/27/05,Siri Hakala,,Nicky Beaulieu,8/17/12,6/28/12,,,,,,,,,,,,,,
39080,26949,39080,1,F1,"-80C upright freezer, Marine Mammal and Turtle DNA",10,185,A,2,,Y,Genomic DNA,4,>50ul,N,,,,,,,,4/14/06,Lauren Hess,,Nicky Beaulieu,8/24/12,6/28/12,,,,,,,,,,,,,,
39080,26950,39080,1,F1,"-80C upright freezer, Marine Mammal and Turtle DNA",10,185,A,3,,Y,Genomic DNA,4,>50ul,N,,,,,,,,4/14/06,Lauren Hess,,Nicky Beaulieu,8/24/12,6/28/12,,,,,,,,,,,,,,
39082,26829,39082,1,F1,"-80C upright freezer, Marine Mammal and Turtle DNA",10,183,E,8,41471,Y,Genomic DNA,2,>10ul and <=25ul,N,,,,,,,,4/14/06,Lauren Hess,,Nicky Beaulieu,8/24/12,6/28/12,6577,26829,,,,15,,,,,,Dan Prosperi,5/19/14,5/19/14
39082,68904,39082,1,F7,"-80C upright freezer, Marine Mammal and Turtle DNA",17,786,A,1,41471,Y,Genomic DNA,3,>25ul and <=50ul,N,,,,775,Louella Dolar,7/23/12,For KMR (Ing Chen's loan),,,7/26/12,Alaina Harmon,2/2/22,7/26/12,,,,,,,,,,,,,,
39083,3153,39083,1,F1,"-80C upright freezer, Marine Mammal and Turtle DNA",2,39,I,3,,Y,Genomic DNA,3,>25ul and <=50ul,N,,,,,,,,10/27/05,Siri Hakala,,Nicky Beaulieu,8/24/12,6/28/12,,,,,,,,,,,,,,
39083,26828,39083,1,F1,"-80C upright freezer, Marine Mammal and Turtle DNA",10,183,E,7,,Y,Genomic DNA,2,>10ul and <=25ul,N,,,,,,,,4/14/06,Lauren Hess,,Nicky Beaulieu,8/24/12,6/28/12,6576,26828,,,,1499,,,,,,Dan Prosperi,5/19/14,5/19/14
39084,3154,39084,1,F1,"-80C upright freezer, Marine Mammal and Turtle DNA",2,39,I,4,,Y,Genomic DNA,3,>25ul and <=50ul,N,,,,,,,,10/27/05,Siri Hakala,,Nicky Beaulieu,8/24/12,6/28/12,,,,,,,,,,,,,,
39084,26951,39084,1,F1,"-80C upright freezer, Marine Mammal and Turtle DNA",10,185,A,4,,Y,Genomic DNA,2,>10ul and <=25ul,N,,,,,,,,4/14/06,Lauren Hess,,Nicky Beaulieu,8/24/12,6/28/12,,,,,,,,,,,,,,
39084,26952,39084,1,F1,"-80C upright freezer, Marine Mammal and Turtle DNA",10,185,A,5,,Y,Genomic DNA,4,>50ul,N,,,,,,,,4/14/06,Lauren Hess,,Nicky Beaulieu,8/24/12,6/28/12,,,,,,,,,,,,,,
39556,68905,39556,1,F7,"-80C upright freezer, Marine Mammal and Turtle DNA",17,786,A,2,41954,Y,Genomic DNA,3,>25ul and <=50ul,N,,,,775,Louella Dolar,7/23/12,For KMR (Ing Chen's loan),,,7/26/12,Alaina Harmon,2/2/22,7/26/12,,,,,,,,,,,,,,
41842,68906,41842,1,F7,"-80C upright freezer, Marine Mammal and Turtle DNA",17,786,A,3,44576,Y,Genomic DNA,3,>25ul and <=50ul,N,,,,775,Louella Dolar,7/23/12,For KMR (Ing Chen's loan),,,7/26/12,Alaina Harmon,2/2/22,7/26/12,,,,,,,,,,,,,,
41843,68907,41843,1,F7,"-80C upright freezer, Marine Mammal and Turtle DNA",17,786,A,4,44577,Y,Genomic DNA,3,>25ul and <=50ul,N,,,,775,Louella Dolar,7/23/12,For KMR (Ing Chen's loan),,,7/26/12,Alaina Harmon,2/2/22,7/26/12,,,,,,,,,,,,,,
41844,68908,41844,1,F7,"-80C upright freezer, Marine Mammal and Turtle DNA",17,786,A,5,44578,Y,Genomic DNA,3,>25ul and <=50ul,N,,,,775,Louella Dolar,7/23/12,For KMR (Ing Chen's loan),,,7/26/12,Alaina Harmon,2/2/22,7/26/12,,,,,,,,,,,,,,
41845,68909,41845,1,F7,"-80C upright freezer, Marine Mammal and Turtle DNA",17,786,A,6,44579,Y,Genomic DNA,3,>25ul and <=50ul,N,,,,775,Louella Dolar,7/23/12,For KMR (Ing Chen's loan),,,7/26/12,Alaina Harmon,2/2/22,7/26/12,,,,,,,,,,,,,,
41846,57160,41846,1,F7,"-80C upright freezer, Marine Mammal and Turtle DNA",11,664,F,5,,Y,Genomic DNA,1,<=10ul,N,,,,447,Louella Dolar,9/30/10,,,,,Alaina Harmon,2/2/22,6/28/12,,,,,,,,,,,,,,
41847,68910,41847,1,F7,"-80C upright freezer, Marine Mammal and Turtle DNA",17,786,A,7,44581,Y,Genomic DNA,3,>25ul and <=50ul,N,,,,775,Louella Dolar,7/23/12,For KMR (Ing Chen's loan),,,7/26/12,Alaina Harmon,2/2/22,7/26/12,,,,,,,,,,,,,,
41850,68911,41850,1,F7,"-80C upright freezer, Marine Mammal and Turtle DNA",17,786,A,8,44584,Y,Genomic DNA,3,>25ul and <=50ul,N,,,,775,Louella Dolar,7/23/12,For KMR (Ing Chen's loan),,,7/26/12,Alaina Harmon,2/2/22,7/26/12,,,,,,,,,,,,,,
48062,68912,48062,-1,F7,"-80C upright freezer, Marine Mammal and Turtle DNA",17,786,A,9,51545,N,Genomic DNA,0,None left,N,,,Used up per sample request 287 per KMR 9/5/2012,776,Louella Dolar,7/23/12,For KMR (Ing Chen's loan),,,7/26/12,Alaina Harmon,2/2/22,7/26/12,,,,,,,,,,,,,,
48081,,,,,,,,,,,,,,,,,,,,,,,,,,,,,,,,,,,,,,,,,,
48084,,,,,,,,,,,,,,,,,,,,,,,,,,,,,,,,,,,,,,,,,,
48586,68913,48586,1,F7,"-80C upright freezer, Marine Mammal and Turtle DNA",17,786,B,1,52446,Y,Genomic DNA,3,>25ul and <=50ul,N,,,,761,Louella Dolar,7/10/12,For KMR (Ing Chen's loan),,,7/26/12,Alaina Harmon,2/2/22,7/26/12,,,,,,,,,,,,,,
51127,24608,51127,1,F1,"-80C upright freezer, Marine Mammal and Turtle DNA",9,170,D,4,,Y,Genomic DNA,3,>25ul and <=50ul,N,,,,,,,,,,,Nicky Beaulieu,8/24/12,6/28/12,,,,,,,,,,,,,,
51127,68914,51127,-1,F7,"-80C upright freezer, Marine Mammal and Turtle DNA",17,786,B,2,56025,N,Genomic DNA,0,None left,N,,,Used up per sample request 287 per KMR 9/5/2012,761,Louella Dolar,7/10/12,For KMR (Ing Chen's loan),,,7/26/12,Alaina Harmon,2/2/22,7/26/12,,,,,,,,,,,,,,
51128,24298,51128,1,F1,"-80C upright freezer, Marine Mammal and Turtle DNA",9,165,A,1,,Y,Genomic DNA,4,>50ul,N,,,,,,,,,,,Nicky Beaulieu,8/24/12,6/28/12,,,,,,,,,,,,,,
51128,68915,51128,1,F7,"-80C upright freezer, Marine Mammal and Turtle DNA",17,786,B,3,56026,Y,Genomic DNA,2,>10ul and <=25ul,N,,,,761,Louella Dolar,7/10/12,For KMR (Ing Chen's loan),,,7/26/12,Alaina Harmon,2/2/22,7/26/12,,,,,,,,,,,,,,
51129,24299,51129,1,F1,"-80C upright freezer, Marine Mammal and Turtle DNA",9,165,A,2,,Y,Genomic DNA,3,>25ul and <=50ul,N,,,,,,,,,,,Nicky Beaulieu,8/24/12,6/28/12,,,,,,,,,,,,,,
51129,68916,51129,1,F7,"-80C upright freezer, Marine Mammal and Turtle DNA",17,786,B,4,56027,Y,Genomic DNA,2,>10ul and <=25ul,N,,,,761,Louella Dolar,7/10/12,For KMR (Ing Chen's loan),,,7/26/12,Alaina Harmon,2/2/22,7/26/12,,,,,,,,,,,,,,
51130,24300,51130,1,F1,"-80C upright freezer, Marine Mammal and Turtle DNA",9,165,A,3,,Y,Genomic DNA,4,>50ul,N,,,,,,,,,,,Nicky Beaulieu,8/24/12,6/28/12,,,,,,,,,,,,,,
52455,,,,,,,,,,,,,,,,,,,,,,,,,,,,,,,,,,,,,,,,,,
52456,68917,52456,1,F7,"-80C upright freezer, Marine Mammal and Turtle DNA",17,786,B,5,57428,Y,Genomic DNA,3,>25ul and <=50ul,N,,,,761,Louella Dolar,7/10/12,For KMR (Ing Chen's loan),,,7/26/12,Alaina Harmon,2/2/22,7/26/12,,,,,,,,,,,,,,
53165,68918,53165,1,F7,"-80C upright freezer, Marine Mammal and Turtle DNA",17,786,B,6,58236,Y,Genomic DNA,3,>25ul and <=50ul,N,,,,775,Louella Dolar,7/23/12,For KMR (Ing Chen's loan),,,7/26/12,Alaina Harmon,2/2/22,7/26/12,,,,,,,,,,,,,,
53476,26212,53476,-1,F1,"-80C upright freezer, Marine Mammal and Turtle DNA",9,179,E,8,,N,Genomic DNA,0,None left,N,,,missing as of 6/21/07 as per BLH,,,,,,,,Dan Prosperi,6/21/07,6/28/12,,,,,,,,,,,,,,
53476,33200,53476,1,F1,"-80C upright freezer, Marine Mammal and Turtle DNA",11,209,D,4,,Y,Genomic DNA,4,>50ul,N,,,,,,,,,,,Nicky Beaulieu,8/24/12,6/28/12,,,,,,,,,,,,,,
53476,34379,53476,1,F1,"-80C upright freezer, Marine Mammal and Turtle DNA",11,213,H,1,,Y,Genomic DNA,4,>50ul,N,,,,,,,,,,,Nicky Beaulieu,8/24/12,6/28/12,,,,,,,,,,,,,,
53476,68919,53476,1,F7,"-80C upright freezer, Marine Mammal and Turtle DNA",17,786,B,7,58586,Y,Genomic DNA,3,>25ul and <=50ul,N,,,,775,Louella Dolar,7/23/12,For KMR (Ing Chen's loan),,,7/26/12,Alaina Harmon,2/2/22,7/26/12,,,,,,,,,,,,,,
57814,68920,57814,1,F7,"-80C upright freezer, Marine Mammal and Turtle DNA",17,786,B,8,72323,Y,Genomic DNA,2,>10ul and <=25ul,N,,,,775,Louella Dolar,7/23/12,For KMR (Ing Chen's loan),,,7/26/12,Alaina Harmon,2/2/22,7/26/12,,,,,,,,,,,,,,
61944,68921,61944,1,F7,"-80C upright freezer, Marine Mammal and Turtle DNA",17,786,B,9,78933,Y,Genomic DNA,3,>25ul and <=50ul,N,,,,761,Louella Dolar,7/10/12,For KMR (Ing Chen's loan),,,7/26/12,Alaina Harmon,2/2/22,7/26/12,,,,,,,,,,,,,,
61945,68922,61945,1,F7,"-80C upright freezer, Marine Mammal and Turtle DNA",17,786,C,1,78934,Y,Genomic DNA,3,>25ul and <=50ul,N,,,,761,Louella Dolar,7/10/12,For KMR (Ing Chen's loan),,,7/26/12,Alaina Harmon,2/2/22,7/26/12,,,,,,,,,,,,,,
61948,,,,,,,,,,,,,,,,,,,,,,,,,,,,,,,,,,,,,,,,,,
62830,68923,62830,1,F7,"-80C upright freezer, Marine Mammal and Turtle DNA",17,786,C,2,80437,Y,Genomic DNA,3,>25ul and <=50ul,N,,,,775,Louella Dolar,7/23/12,For KMR (Ing Chen's loan),,,7/26/12,Alaina Harmon,2/2/22,7/26/12,,,,,,,,,,,,,,
66557,39467,66557,1,F1,"-80C upright freezer, Marine Mammal and Turtle DNA",13,241,H,8,,Y,Genomic DNA,4,>50ul,N,,,,,,,,,,,Nicky Beaulieu,8/24/12,6/28/12,,,,,,,,,,,,,,
66557,68924,66557,1,F7,"-80C upright freezer, Marine Mammal and Turtle DNA",17,786,C,3,90039,Y,Genomic DNA,3,>25ul and <=50ul,N,,,,775,Louella Dolar,7/23/12,For KMR (Ing Chen's loan),,,7/26/12,Alaina Harmon,2/2/22,7/26/12,,,,,,,,,,,,,,
73404,68925,73404,1,F7,"-80C upright freezer, Marine Mammal and Turtle DNA",17,786,C,4,99910,Y,Genomic DNA,3,>25ul and <=50ul,N,,,,776,Louella Dolar,7/23/12,For KMR (Ing Chen's loan),,,7/26/12,Alaina Harmon,2/2/22,7/26/12,,,,,,,,,,,,,,
73679,68926,73679,1,F7,"-80C upright freezer, Marine Mammal and Turtle DNA",17,786,C,5,100293,Y,Genomic DNA,3,>25ul and <=50ul,N,,,,776,Louella Dolar,7/23/12,For KMR (Ing Chen's loan),,,7/26/12,Alaina Harmon,2/2/22,7/26/12,,,,,,,,,,,,,,
74703,68927,74703,1,F7,"-80C upright freezer, Marine Mammal and Turtle DNA",17,786,C,6,101411,Y,Genomic DNA,3,>25ul and <=50ul,N,,,,776,Louella Dolar,7/23/12,For KMR (Ing Chen's loan),,,7/26/12,Alaina Harmon,2/2/22,7/26/12,,,,,,,,,,,,,,
74706,47411,74706,1,F1,"-80C upright freezer, Marine Mammal and Turtle DNA",15,290,H,6,,Y,Genomic DNA,3,>25ul and <=50ul,N,,,,,,,,,,,Dan Prosperi,7/2/12,6/28/12,,,,,,,,,,,,,,
76436,68928,76436,1,F7,"-80C upright freezer, Marine Mammal and Turtle DNA",17,786,C,7,103273,Y,Genomic DNA,3,>25ul and <=50ul,N,,,,776,Louella Dolar,7/23/12,For KMR (Ing Chen's loan),,,7/26/12,Alaina Harmon,2/2/22,7/26/12,,,,,,,,,,,,,,
76971,51754,76971,1,F7,"-80C upright freezer, Marine Mammal and Turtle DNA",2,484,H,6,103836,Y,Genomic DNA,3,>25ul and <=50ul,N,,,,323,Jake Minich,1/12/10,entered by jjm,,,,Gabriela Serra-Valente,4/10/18,6/28/12,,,,,,,,,,,,,,
76971,68929,76971,1,F7,"-80C upright freezer, Marine Mammal and Turtle DNA",17,786,C,8,103836,Y,Genomic DNA,3,>25ul and <=50ul,N,,,,761,Louella Dolar,7/10/12,For KMR (Ing Chen's loan),,,7/26/12,Alaina Harmon,2/2/22,7/26/12,,,,,,,,,,,,,,
77617,61585,77617,1,F7,"-80C upright freezer, Marine Mammal and Turtle DNA",13,719,A,5,,Y,Genomic DNA,1,<=10ul,N,,,,,,,,,,,Alaina Harmon,2/2/22,6/28/12,,,,,,,,,,,,,,
78761,68930,78761,1,F7,"-80C upright freezer, Marine Mammal and Turtle DNA",17,786,C,9,106231,Y,Genomic DNA,3,>25ul and <=50ul,N,,,,776,Louella Dolar,7/23/12,For KMR (Ing Chen's loan),,,7/26/12,Alaina Harmon,2/2/22,7/26/12,,,,,,,,,,,,,,
79772,68931,79772,1,F7,"-80C upright freezer, Marine Mammal and Turtle DNA",17,786,D,1,107426,Y,Genomic DNA,3,>25ul and <=50ul,N,,,,761,Louella Dolar,7/10/12,For KMR (Ing Chen's loan),,,7/26/12,Alaina Harmon,2/2/22,7/26/12,,,,,,,,,,,,,,
79774,68932,79774,1,F7,"-80C upright freezer, Marine Mammal and Turtle DNA",17,786,D,2,107428,Y,Genomic DNA,3,>25ul and <=50ul,N,,,,761,Louella Dolar,7/10/12,For KMR (Ing Chen's loan),,,7/26/12,Alaina Harmon,2/2/22,7/26/12,,,,,,,,,,,,,,
79779,,,,,,,,,,,,,,,,,,,,,,,,,,,,,,,,,,,,,,,,,,
79937,49388,79937,-1,F7,"-80C upright freezer, Marine Mammal and Turtle DNA",2,483,C,3,,N,Genomic DNA,0,None left,N,,,"Not found during inventory, Nov 2012 per NEB",,,,,,,,Gabriela Serra-Valente,4/10/18,6/28/12,,,,,,,,,,,,,,
79937,49508,79937,1,F1,"-80C upright freezer, Marine Mammal and Turtle DNA",19,376,F,6,,Y,Genomic DNA,1,<=10ul,N,,,,,,,,,,,Nicky Beaulieu,8/24/12,6/28/12,9640,49508,,,,512.87,0,0,,,,Dan Prosperi,5/19/14,5/19/14
79953,,,,,,,,,,,,,,,,,,,,,,,,,,,,,,,,,,,,,,,,,,
87478,68933,87478,1,F7,"-80C upright freezer, Marine Mammal and Turtle DNA",17,786,D,3,115553,Y,Genomic DNA,3,>25ul and <=50ul,N,,,,761,Louella Dolar,7/10/12,For KMR (Ing Chen's loan),,,7/26/12,Alaina Harmon,2/2/22,7/26/12,,,,,,,,,,,,,,
87480,68934,87480,1,F7,"-80C upright freezer, Marine Mammal and Turtle DNA",17,786,D,4,115555,Y,Genomic DNA,3,>25ul and <=50ul,N,,,,761,Louella Dolar,7/10/12,For KMR (Ing Chen's loan),,,7/26/12,Alaina Harmon,2/2/22,7/26/12,,,,,,,,,,,,,,
87483,68935,87483,1,F7,"-80C upright freezer, Marine Mammal and Turtle DNA",17,786,D,5,115558,Y,Genomic DNA,3,>25ul and <=50ul,N,,,,761,Louella Dolar,7/10/12,For KMR (Ing Chen's loan),,,7/26/12,Alaina Harmon,2/2/22,7/26/12,,,,,,,,,,,,,,
88952,50638,88952,-1,F7,"-80C upright freezer, Marine Mammal and Turtle DNA",1,470,G,1,,N,Genomic DNA,0,None left,N,,,,309,Jake Minich,12/3/09,entered by jjm,,,,Gabriela Serra-Valente,4/10/18,6/28/12,,,,,,,,,,,,,,
88952,69191,88952,1,F7,"-80C upright freezer, Marine Mammal and Turtle DNA",17,789,E,9,117882,Y,Genomic DNA,1,<=10ul,N,,,,,,,,,,8/10/12,Alaina Harmon,2/2/22,8/10/12,,,,,,,,,,,,,,
88975,68936,88975,1,F7,"-80C upright freezer, Marine Mammal and Turtle DNA",17,786,D,6,117408,Y,Genomic DNA,3,>25ul and <=50ul,N,,,,761,Louella Dolar,7/10/12,For KMR (Ing Chen's loan),,,7/26/12,Alaina Harmon,2/2/22,7/26/12,,,,,,,,,,,,,,
92270,,,,,,,,,,,,,,,,,,,,,,,,,,,,,,,,,,,,,,,,,,
93900,68937,93900,1,F7,"-80C upright freezer, Marine Mammal and Turtle DNA",17,786,D,7,124797,Y,Genomic DNA,3,>25ul and <=50ul,N,,,,776,Louella Dolar,7/23/12,For KMR (Ing Chen's loan),,,7/26/12,Alaina Harmon,2/2/22,7/26/12,,,,,,,,,,,,,,
113441,,,,,,,,,,,,,,,,,,,,,,,,,,,,,,,,,,,,,,,,,,
113442,,,,,,,,,,,,,,,,,,,,,,,,,,,,,,,,,,,,,,,,,,
113443,70968,113443,1,F7,"-80C upright freezer, Marine Mammal and Turtle DNA",15,747,I,6,157758,Y,Genomic DNA,3,>25ul and <=50ul,N,,,,,,,,,,12/13/12,Alaina Harmon,2/2/22,12/13/12,,,,,,,,,,,,,,
113633,,,,,,,,,,,,,,,,,,,,,,,,,,,,,,,,,,,,,,,,,,
113634,,,,,,,,,,,,,,,,,,,,,,,,,,,,,,,,,,,,,,,,,,
114337,,,,,,,,,,,,,,,,,,,,,,,,,,,,,,,,,,,,,,,,,,
114346,,,,,,,,,,,,,,,,,,,,,,,,,,,,,,,,,,,,,,,,,,
117598,,,,,,,,,,,,,,,,,,,,,,,,,,,,,,,,,,,,,,,,,,
117772,,,,,,,,,,,,,,,,,,,,,,,,,,,,,,,,,,,,,,,,,,
118477,,,,,,,,,,,,,,,,,,,,,,,,,,,,,,,,,,,,,,,,,,
123934,,,,,,,,,,,,,,,,,,,,,,,,,,,,,,,,,,,,,,,,,,
123935,,,,,,,,,,,,,,,,,,,,,,,,,,,,,,,,,,,,,,,,,,
124011,61586,124011,-1,F7,"-80C upright freezer, Marine Mammal and Turtle DNA",13,719,A,6,,N,Genomic DNA,0,None left,N,,,Used up per sample request 287 per KMR 9/5/2012,,,,,,,,Alaina Harmon,2/2/22,6/28/12,,,,,,,,,,,,,,
124025,68945,124025,1,F7,"-80C upright freezer, Marine Mammal and Turtle DNA",17,786,E,6,135370,Y,Genomic DNA,3,>25ul and <=50ul,N,,,,776,Louella Dolar,7/23/12,For KMR (Ing Chen's loan),,,7/26/12,Alaina Harmon,2/2/22,7/26/12,,,,,,,,,,,,,,
125652,68946,125652,1,F7,"-80C upright freezer, Marine Mammal and Turtle DNA",17,786,E,7,137874,Y,Genomic DNA,3,>25ul and <=50ul,N,,,,776,Louella Dolar,7/23/12,For KMR (Ing Chen's loan),,,7/26/12,Alaina Harmon,2/2/22,7/26/12,,,,,,,,,,,,,,
125653,68947,125653,1,F7,"-80C upright freezer, Marine Mammal and Turtle DNA",17,786,E,8,137875,Y,Genomic DNA,3,>25ul and <=50ul,N,,,,776,Louella Dolar,7/23/12,For KMR (Ing Chen's loan),,,7/26/12,Alaina Harmon,2/2/22,7/26/12,,,,,,,,,,,,,,
125882,65565,125882,1,F7,"-80C upright freezer, Marine Mammal and Turtle DNA",16,764,B,7,138398,Y,Genomic DNA,4,>50ul,N,,,,,,,,,,,Alaina Harmon,2/2/22,6/28/12,,,,,,,,,,,,,,
125882,69192,125882,-9,F7,"-80C upright freezer, Marine Mammal and Turtle DNA",17,789,F,1,138398,N,Genomic DNA,0,None left,N,,,Used up per sample request 287 per KMR 9/5/2012,,,,,,,8/10/12,Alaina Harmon,2/2/22,8/10/12,,,,,,,,,,,,,,
125946,,,,,,,,,,,,,,,,,,,,,,,,,,,,,,,,,,,,,,,,,,
125947,,,,,,,,,,,,,,,,,,,,,,,,,,,,,,,,,,,,,,,,,,
125948,,,,,,,,,,,,,,,,,,,,,,,,,,,,,,,,,,,,,,,,,,
125950,,,,,,,,,,,,,,,,,,,,,,,,,,,,,,,,,,,,,,,,,,
125951,,,,,,,,,,,,,,,,,,,,,,,,,,,,,,,,,,,,,,,,,,
125952,,,,,,,,,,,,,,,,,,,,,,,,,,,,,,,,,,,,,,,,,,
126024,,,,,,,,,,,,,,,,,,,,,,,,,,,,,,,,,,,,,,,,,,
133201,86070,133201,1,F6,"-80C upright freezer, Marine Mammal and Turtle DNA",1,948,H,9,145928,Y,Genomic DNA,2,>10ul and <=25ul,N,,,,1347,Kelly Robertson,7/30/15,Extracted by Tiffany Lowe,,,8/6/15,Alaina Harmon,2/9/22,8/6/15,,,,,,,,,,,,,,
133202,,,,,,,,,,,,,,,,,,,,,,,,,,,,,,,,,,,,,,,,,,
133255,,,,,,,,,,,,,,,,,,,,,,,,,,,,,,,,,,,,,,,,,,
133286,65600,133286,1,F7,"-80C upright freezer, Marine Mammal and Turtle DNA",16,764,F,6,146017,Y,Genomic DNA,2,>10ul and <=25ul,N,,,,,,,,,,,Alaina Harmon,2/2/22,6/28/12,,,,,,,,,,,,,,
133289,65603,133289,1,F7,"-80C upright freezer, Marine Mammal and Turtle DNA",16,764,F,9,146020,Y,Genomic DNA,2,>10ul and <=25ul,N,,,,,,,,,,,Alaina Harmon,2/2/22,6/28/12,,,,,,,,,,,,,,
133292,65606,133292,1,F7,"-80C upright freezer, Marine Mammal and Turtle DNA",16,764,G,3,146023,Y,Genomic DNA,2,>10ul and <=25ul,N,,,,,,,,,,,Alaina Harmon,2/2/22,6/28/12,,,,,,,,,,,,,,
133293,65607,133293,1,F7,"-80C upright freezer, Marine Mammal and Turtle DNA",16,764,G,4,146024,Y,Genomic DNA,2,>10ul and <=25ul,N,,,,,,,,,,,Alaina Harmon,2/2/22,6/28/12,,,,,,,,,,,,,,
143967,,,,,,,,,,,,,,,,,,,,,,,,,,,,,,,,,,,,,,,,,,
146464,,,,,,,,,,,,,,,,,,,,,,,,,,,,,,,,,,,,,,,,,,
157454,,,,,,,,,,,,,,,,,,,,,,,,,,,,,,,,,,,,,,,,,,
157455,,,,,,,,,,,,,,,,,,,,,,,,,,,,,,,,,,,,,,,,,,
173497,,,,,,,,,,,,,,,,,,,,,,,,,,,,,,,,,,,,,,,,,,
173499,,,,,,,,,,,,,,,,,,,,,,,,,,,,,,,,,,,,,,,,,,
173507,,,,,,,,,,,,,,,,,,,,,,,,,,,,,,,,,,,,,,,,,,
173811,,,,,,,,,,,,,,,,,,,,,,,,,,,,,,,,,,,,,,,,,,
173980,90279,173980,1,F6,"-80C upright freezer, Marine Mammal and Turtle DNA",2,961,B,3,210873,Y,Genomic DNA,3,>25ul and <=50ul,N,,,,1574,Kelly Robertson,5/25/16,done by Tiffany,,,6/27/16,Alaina Harmon,2/9/22,6/27/16,,,,,,,,,,,,,,
177991,,,,,,,,,,,,,,,,,,,,,,,,,,,,,,,,,,,,,,,,,,
178021,,,,,,,,,,,,,,,,,,,,,,,,,,,,,,,,,,,,,,,,,,
178027,,,,,,,,,,,,,,,,,,,,,,,,,,,,,,,,,,,,,,,,,,
178258,,,,,,,,,,,,,,,,,,,,,,,,,,,,,,,,,,,,,,,,,,
178259,,,,,,,,,,,,,,,,,,,,,,,,,,,,,,,,,,,,,,,,,,
178260,,,,,,,,,,,,,,,,,,,,,,,,,,,,,,,,,,,,,,,,,,
178261,,,,,,,,,,,,,,,,,,,,,,,,,,,,,,,,,,,,,,,,,,
178265,97554,178265,-1,F6,"-80C upright freezer, Marine Mammal and Turtle DNA",3,998,G,7,215835,N,Genomic DNA,0,None left,N,,,used up for SR388,1800,Kelly Robertson,5/16/17,,,,5/17/17,Alaina Harmon,2/9/22,5/17/17,54135,97554,5/3/17,Kelly Robertson,Victor Fluorometry,52.77,,,,,,Gabriela Serra-Valente,6/27/18,6/27/18
178265,99870,178265,1,F6,"-80C upright freezer, Marine Mammal and Turtle DNA",4,1005,I,11,215835,Y,Genomic DNA,3,>25ul and <=50ul,N,,,,1852,Kelly Robertson,5/31/17,,,,8/8/17,Alaina Harmon,2/9/22,8/8/17,,,,,,,,,,,,,,
178266,,,,,,,,,,,,,,,,,,,,,,,,,,,,,,,,,,,,,,,,,,
183506,,,,,,,,,,,,,,,,,,,,,,,,,,,,,,,,,,,,,,,,,,
185277,,,,,,,,,,,,,,,,,,,,,,,,,,,,,,,,,,,,,,,,,,
185487,,,,,,,,,,,,,,,,,,,,,,,,,,,,,,,,,,,,,,,,,,
185488,,,,,,,,,,,,,,,,,,,,,,,,,,,,,,,,,,,,,,,,,,
185553,102572,185553,1,F6,"-80C upright freezer, Marine Mammal and Turtle DNA",5,1021,G,4,224299,Y,Genomic DNA,3,>25ul and <=50ul,N,,,,1942,Morgane Lauf,2/28/18,,,,3/27/18,Alaina Harmon,2/7/24,3/27/18,,,,,,,,,,,,,,
185562,102621,185562,1,F6,"-80C upright freezer, Marine Mammal and Turtle DNA",5,1021,K,1,224308,Y,Genomic DNA,3,>25ul and <=50ul,N,,,,1947,Morgane Lauf,3/1/18,,,,4/2/18,Alaina Harmon,2/7/24,4/2/18,,,,,,,,,,,,,,
186894,,,,,,,,,,,,,,,,,,,,,,,,,,,,,,,,,,,,,,,,,,
191009,,,,,,,,,,,,,,,,,,,,,,,,,,,,,,,,,,,,,,,,,,
191166,,,,,,,,,,,,,,,,,,,,,,,,,,,,,,,,,,,,,,,,,,
191167,,,,,,,,,,,,,,,,,,,,,,,,,,,,,,,,,,,,,,,,,,
191168,,,,,,,,,,,,,,,,,,,,,,,,,,,,,,,,,,,,,,,,,,
191169,,,,,,,,,,,,,,,,,,,,,,,,,,,,,,,,,,,,,,,,,,
191406,125093,191406,1,F7,"-80C upright freezer, Marine Mammal and Turtle DNA",9,626,I,9,230662,Y,Genomic DNA,2,>10ul and <=25ul,N,,,,2434,Kathryn Sherman,3/31/23,,,,5/11/23,Alaina Harmon,7/27/23,5/11/23,77238,125093,5/2/23,Kathryn Sherman,Victor Fluorometry,12.09,,,,,,Alaina Harmon,5/25/23,5/25/23
196960,,,,,,,,,,,,,,,,,,,,,,,,,,,,,,,,,,,,,,,,,,
202274,,,,,,,,,,,,,,,,,,,,,,,,,,,,,,,,,,,,,,,,,,
206165,117453,206165,1,F6,"-80C upright freezer, Marine Mammal and Turtle DNA",8,1095,F,6,247188,Y,Genomic DNA,2,>10ul and <=25ul,N,,,,2312,Kelly Robertson,7/19/21,,,,8/23/21,Alaina Harmon,9/1/23,8/23/21,77365,117453,8/17/23,Alaina Harmon,Victor Fluorometry,0.41,,,,,,Alaina Harmon,9/1/23,9/1/23
208127,,,,,,,,,,,,,,,,,,,,,,,,,,,,,,,,,,,,,,,,,,
209902,122315,209902,1,F1,"-80C upright freezer, Marine Mammal and Turtle DNA",11,211,A,4,251192,Y,Genomic DNA,3,>25ul and <=50ul,N,,,,2389,Kelly Robertson,5/23/22,,,,5/27/22,Alaina Harmon,7/1/22,5/27/22,,,,,,,,,,,,,,
210189,,,,,,,,,,,,,,,,,,,,,,,,,,,,,,,,,,,,,,,,,,
210231,,,,,,,,,,,,,,,,,,,,,,,,,,,,,,,,,,,,,,,,,,
217545,,,,,,,,,,,,,,,,,,,,,,,,,,,,,,,,,,,,,,,,,,