LABID,Latitude,Longitude,Mitogenome haplotype,CR haplotype,Location,Contibutor,Control Region GenBank Accession #,Mitogenome Genbank Accession #
25,27.1,-82.45,mtGen07,mtGen07,VENICE BEACH,,,
27,27.1,-82.45,mtGen07,mtGen07,VENICE BEACH,,,
149,34.37,-75.65,,D,NORTH CAROLINA,,,
150,34.37,-75.65,,D,NORTH CAROLINA,,,
151,34.37,-75.65,,D,NORTH CAROLINA,,,
152,38.71,-74.87,,D,DELAWARE,,,
153,36.98,-56.93,,D,WESTERN NATL,,,
154,36.98,-56.93,,D,WESTERN NATL,,,
155,36.98,-56.93,,D,WESTERN NATL,,,
156,36.98,-56.93,,D,WESTERN NATL,,,
157,36.98,-56.93,,D,WESTERN NATL,,,
158,36.98,-56.93,,D,WESTERN NATL,,,
257,41.35,-62.46,,D,WESTERN NATL,,,
537,38.65,-75.066666,,D,DELAWARE,,,
2819,33.916666,-75.216666,mtGen08,D,"HOLDEN BEACH, NORTH CAROLINA",,,
3031,29.066666,-95.133333,,D,"USA, TX, BRAZORIA CO.",,,
8671,29.283333,-81.033333,mtGen08,D,"USA, FL, VOLUSIA CO., ORMOND BEACH",,,
48090,18.683333,-64.283333,mtGen77,15,"CAYMAN ISLANDS, BRITISH VIRGIN ISLANDS, ANEGADA",,,
48091,18.683333,-64.283333,mtGen78,mtGen78,"CAYMAN ISLANDS, BRITISH VIRGIN ISLANDS, ANEGADA",,,
48103,10.516666,-61.05,mtGen79,A,COCOS BAY,,,
79790,26.366666,-78.583333,mtGen08,D,South Grand Bahama,,,
79793,26.383333,-78.566666,,D,South Grand Bahama,,,
89564,24.9,-76.716666,,D,North Exuma,,,
112730,25.2828,-77.995,mtGen08,D,N Andros,,,
112731,25.2837,-77.9948,mtGen08,D,N Andros,,,
126092,24.65,-77.616666,,D,"Central Andros, AUTEC",,,
175339,13.2407,-61.3233,mtGen25,mtGen25,Barrouallie,,,
175340,13.2407,-61.3233,mtGen25,mtGen25,Barrouallie,,,
175778,34.4733,-74.325,mtGen07,mtGen07,NW Atlantic,,,
175780,35.1408,-75.0187,mtGen92,mtGen92,NW Atlantic,,,
175782,35.7372,-73.857,mtGen32,mtGen32,NW Atlantic,,,
175785,33.1583,-77.0427,mtGen94,mtGen94,NW Atlantic,,,
175786,38.697,-70.3152,mtGen95,mtGen95,NW Atlantic,,,
175787,39.8767,-71.1483,mtGen07,mtGen07,NW Atlantic,,,
175788,39.8967,-71.09,mtGen07,mtGen07,NW Atlantic,,,
175838,28.0354,-16.8,mtGen96,mtGen96,"Tenerife, Los Cristianos",,,
175839,28.0354,-16.8,mtGen26,mtGen26,"Tenerife, Los Cristianos",,,
175840,28.0354,-16.8,mtGen26,mtGen26,"Tenerife, Los Cristianos",,,
175842,28.0354,-16.8,mtGen27,mtGen27,"Tenerife, Los Cristianos",,,
175844,28.0354,-16.8,mtGen97,mtGen97,"Tenerife, Los Cristianos",,,
175845,28.0354,-16.8,mtGen27,mtGen27,"Tenerife, Los Cristianos",,,
121,18.71,-66.93,,A,PUERTO RICO,,,
48104,10.516666,-61.05,,A,COCOS BAY,,,
48105,10.516666,-61.05,,A,COCOS BAY,,,
48112,10.516666,-61.05,,A,COCOS BAY,,,
143674,25.3533,-77.9777,NA,NA,S Berry Is,,,
175342,13.2407,-61.3233,NA,NA,Barrouallie,,,
175343,13.2407,-61.3233,NA,NA,Barrouallie,,,
175781,35.6422,-74.7223,NA,NA,NW Atlantic,,,
48080,18.516666,-67.033333,mtGen12,mtGen12,ISABELA,,,
175341,13.2407,-61.3233,mtGen12,mtGen12,Barrouallie,,,
175779,38.11,-70.23,mtGen91,mtGen91,NW Atlantic,,,
175783,36.9946,-73.7966,mtGen93,mtGen93,NW Atlantic,,,
175784,36.9928,-73.8332,mtGen12,mtGen12,NW Atlantic,,,
173995,21,-157.666666,,D,"Lanai, Shipwreck Beach",,,
122,-38.08,-179.81,,C,NEW ZEALAND,,,
123,-38.08,-179.81,,C,NEW ZEALAND,,,
124,-17.59,-149.73,,C,MOOREA,,,
125,-17.59,-149.73,,C,MOOREA,,,
126,-17.59,-149.73,,C,MOOREA,,,
127,-17.59,-149.73,,C,MOOREA,,,
128,-17.59,-149.73,,C,MOOREA,,,
129,-17.59,-149.73,,C,MOOREA,,,
130,-17.59,-149.73,,C,MOOREA,,,
131,-17.59,-149.73,,C,MOOREA,,,
132,-17.59,-149.73,,C,MOOREA,,,
133,-17.59,-149.73,,C,MOOREA,,,
134,-17.59,-149.73,,C,MOOREA,,,
135,-13.69,-172.03,,C,SAMOA,,,
136,-13.69,-172.03,,C,SAMOA,,,
137,-13.69,-172.03,,C,SAMOA,,,
138,-21.32,166.59,,C,NEW CALEDONIA,,,
139,34.02,134.92,,C,SOUTHERN JAPAN (MARKET),,,
140,34.02,134.92,,C,SOUTHERN JAPAN (MARKET),,,
141,34.02,134.92,,C,SOUTHERN JAPAN (MARKET),,,
142,34.02,134.92,,C,SOUTHERN JAPAN (MARKET),,,
143,34.02,134.92,,C,SOUTHERN JAPAN (MARKET),,,
144,34.02,134.92,,C,SOUTHERN JAPAN (MARKET),,,
145,34.02,134.92,,C,SOUTHERN JAPAN (MARKET),,,
146,34.02,134.92,,C,SOUTHERN JAPAN (MARKET),,,
147,26.35,127.55,,C,SOUTHERN JAPAN (MARKET),,,
148,26.35,127.55,,C,SOUTHERN JAPAN (MARKET),,,
252,-38.91,179.01,,C,NEW ZEALAND,,,
253,-38.91,179.01,,C,NEW ZEALAND,,,
30529,21.8,-160.733333,,C,NI'IHAU,,,
30535,23.683333,-149.083333,mtGen53,11,HI IFS,,,
33295,-39.333333,177.5,mtGen11,C,HAWKE'S BAY,,,
33296,-39.333333,177.5,mtGen11,C,HAWKE'S BAY,,,
33297,-39.333333,177.5,mtGen11,C,HAWKE'S BAY,,,
49063,4.7,-163.883333,mtGen65,mtGen65,"USA, PALMYRA",,,
79766,-14.3,-170.533333,mtGen70,C,AMERICAN SAMOA,,,
104051,15.3,145.7,mtGen71,mtGen71,SAIPAN,,,
114348,25.050556,-155.083333,mtGen73,2,"NORTH EASTERN PACIFIC OCEAN, NORTH OF HAWAIIAN ISLANDS",,,
116839,13.432102,144.602026,mtGen20,C,4.76km SSW Orote Pt.,,,
143731,13.366986,144.61859,NA,C,"Guam, 2.8km WNW Agat Marina",,,
143732,13.351009,144.621692,NA,C,"Guam, 2.8km WNW Agat Marina",,,
157266,-23.6651,43.6376,mtGen85,mtGen85,Anakao,,,
157434,-13.5524,47.761,mtGen23,mtGen23,Nosy Iranja,,,
157435,-13.5524,47.761,mtGen23,mtGen23,Nosy Iranja,,,
174884,-17.466,-149.8442,mtGen24,mtGen24,Moorea,,,
174886,-17.466,-149.8442,mtGen24,mtGen24,Moorea,,,
174887,-17.466,-149.8442,mtGen13,mtGen13,Moorea,,,
174888,-13.671833,-172.141433,mtGen04,mtGen04,Apia to Savaii,,,
174889,-13.674216,-172.13905,mtGen04,mtGen04,Apia to Savaii,,,
174890,-13.673783,-172.139016,mtGen04,mtGen04,Apia to Savaii,,,
174891,-13.52755,-172.832,mtGen04,mtGen04,Savaii,,,
174892,-13.537316,-172.827016,mtGen04,mtGen04,Savaii,,,
174895,-15.9325,-145.225,mtGen89,mtGen89,Kauehi,,,
174896,-15.9325,-145.225,mtGen20,C,Kauehi,,,
174897,-13.3035,-172.6256,mtGen04,mtGen04,Savai'i,,,
174898,-13.3035,-172.6256,mtGen90,mtGen90,Savai'i,,,
174901,-8.911976,-139.663942,mtGen14,mtGen14,Marquesas-Ua Huka,,,
174902,-8.909686,-139.664286,mtGen14,mtGen14,Marquesas-Ua Huka,,,
174903,-8.903876,-139.665905,mtGen14,mtGen14,Marquesas-Ua Huka,,,
174904,-9.414471,-140.212095,mtGen13,mtGen13,Marquesas-Ua Pou,,,
174906,-9.433955,-140.204074,mtGen13,mtGen13,Marquesas-Ua Pou,,,
175955,-16.9,122.466667,mtGen34,mtGen34,Sandy Point,,,
100,-40.23,178.57,,A,NEW ZEALAND,,,
101,-40.23,178.57,,A,NEW ZEALAND,,,
102,-40.23,178.57,,A,NEW ZEALAND,,,
103,-40.23,178.57,,A,NEW ZEALAND,,,
104,-17.59,-149.83,,A,MOOREA,,,
105,-17.59,-149.83,,A,MOOREA,,,
106,-17.59,-149.83,,A,MOOREA,,,
107,-17.59,-149.83,,A,MOOREA,,,
108,-17.59,-149.83,,A,MOOREA,,,
109,-17.59,-149.83,,A,MOOREA,,,
110,-17.59,-149.83,,A,MOOREA,,,
111,-17.59,-149.83,,A,MOOREA,,,
112,-17.59,-149.83,,A,MOOREA,,,
113,-17.59,-149.83,,A,MOOREA,,,
114,-17.59,-149.83,,A,MOOREA,,,
115,-17.59,-149.83,,A,MOOREA,,,
116,-21.08,165.63,,A,NEW CALEDONIA,,,
117,-21.08,165.63,,A,NEW CALEDONIA,,,
118,-21.08,165.63,,A,NEW CALEDONIA,,,
119,-21.08,165.63,,A,NEW CALEDONIA,,,
250,-38.91,179.01,,A,NEW ZEALAND,,,
251,-38.91,179.01,,13,NEW ZEALAND,,,
254,-17.61,-149.14,,A,FRENCH POLYNESIA,,,
256,-17.44,-149.75,,B,MOOREA,,,
9864,5.416666,73.25,,A,MALDIVES,,,
33298,-39.333333,177.5,,A,HAWKE'S BAY,,,
33299,-39.333333,177.5,,A,HAWKE'S BAY,,,
33863,21.566666,-158.35,NA,NA,OAHU,,,
51030,21.75,-159.483333,NA,NA,KAUAI,,,
61916,19.516666,-156.016666,NA,NA,BIG ISLAND,,,
88593,19.4,-156.033333,NA,NA,BIG ISLAND,,,
104025,13.583333,144.766666,NA,A,Guam,,,
104026,13.583333,144.766666,,A,Guam,,,
112649,19.59104,-156.07596,NA,NA,BIG ISLAND,,,
112661,19.71491,-156.10922,NA,NA,BIG ISLAND,,,
114808,19.56679,-156.03244,NA,NA,BIG ISLAND,,,
114960,23.609452,-166.328195,NA,NA,27 km SSW of Tern Island,,,
175957,-32.283333,115.683333,NA,NA,SHOALWATER BAY,,,
34,21.55,-157.866666,,J,SWFSC-HI,,,
171,33.71,130.17,,G,SOUTHERN JAPAN (MARKET),,,
172,34.08,134.96,,G,SOUTHERN JAPAN (MARKET),,,
173,34.08,134.96,,G,SOUTHERN JAPAN (MARKET),,,
174,33.98,134.84,,H,SOUTHERN JAPAN (MARKET),,,
175,34.54,135.21,,I,SOUTHERN JAPAN (MARKET),,,
176,34.18,134.91,,I,SOUTHERN JAPAN (MARKET),,,
177,34.18,134.91,,I,SOUTHERN JAPAN (MARKET),,,
178,26.26,137.64,,I,SOUTHERN JAPAN (MARKET),,,
179,26.26,137.64,,I,SOUTHERN JAPAN (MARKET),,,
180,26.26,137.64,,I,SOUTHERN JAPAN (MARKET),,,
181,26.26,137.64,,I,SOUTHERN JAPAN (MARKET),,,
182,35.55,139.88,,I,SOUTHERN JAPAN,,,
183,35.55,139.88,,I,SOUTHERN JAPAN,,,
184,35.55,139.88,,I,SOUTHERN JAPAN,,,
185,35.55,139.88,,I,SOUTHERN JAPAN,,,
186,35.55,139.88,,I,SOUTHERN JAPAN,,,
187,35.55,139.88,,I,SOUTHERN JAPAN,,,
188,35.55,139.88,,I,SOUTHERN JAPAN,,,
189,35.55,139.88,,I,SOUTHERN JAPAN,,,
190,26.33,127.62,,J,SOUTHERN JAPAN (MARKET),,,
191,26.33,127.62,,J,SOUTHERN JAPAN (MARKET),,,
192,26.33,127.62,,J,SOUTHERN JAPAN (MARKET),,,
193,35.59,139.95,,J,SOUTHERN JAPAN,,,
194,34.03,135.03,,K,SOUTHERN JAPAN (MARKET),,,
195,34.57,135.36,,K,SOUTHERN JAPAN (MARKET),,,
196,26.34,137.53,,K,SOUTHERN JAPAN (MARKET),,,
197,26.34,137.53,,K,SOUTHERN JAPAN (MARKET),,,
198,26.34,137.53,,K,SOUTHERN JAPAN (MARKET),,,
199,32.41,133.79,,K,SOUTHERN JAPAN (MARKET),,,
200,32.41,133.79,,K,SOUTHERN JAPAN (MARKET),,,
201,35.61,139.85,,K,SOUTHERN JAPAN,,,
202,35.61,139.85,,K,SOUTHERN JAPAN,,,
203,35.61,139.85,,K,SOUTHERN JAPAN,,,
204,35.61,139.85,,K,SOUTHERN JAPAN,,,
205,35.61,139.85,,K,SOUTHERN JAPAN,,,
206,35.61,139.85,,K,SOUTHERN JAPAN,,,
207,33.45,134.74,,L,SOUTHERN JAPAN (MARKET),,,
208,34.07,134.75,,L,SOUTHERN JAPAN (MARKET),,,
209,34.55,135.19,,L,SOUTHERN JAPAN (MARKET),,,
210,35.56,140.04,,M,SOUTHERN JAPAN (MARKET),,,
211,35.56,140.04,,M,SOUTHERN JAPAN (MARKET),,,
212,34.06,134.94,,M,SOUTHERN JAPAN (MARKET),,,
213,34.06,134.94,,M,SOUTHERN JAPAN (MARKET),,,
214,34.06,134.94,,M,SOUTHERN JAPAN (MARKET),,,
215,34.06,134.94,,M,SOUTHERN JAPAN (MARKET),,,
216,34.06,134.94,,M,SOUTHERN JAPAN (MARKET),,,
217,34.06,134.94,,M,SOUTHERN JAPAN (MARKET),,,
218,34.06,134.94,,M,SOUTHERN JAPAN (MARKET),,,
219,34.06,134.94,,M,SOUTHERN JAPAN (MARKET),,,
220,34.06,134.94,,M,SOUTHERN JAPAN (MARKET),,,
221,35.45,129.4,,M,SOUTHERN JAPAN (MARKET),,,
223,35.55,139.81,,M,SOUTHERN JAPAN,,,
224,35.55,139.81,,M,SOUTHERN JAPAN,,,
225,35.55,139.81,,M,SOUTHERN JAPAN,,,
226,35.55,139.81,,M,SOUTHERN JAPAN,,,
227,35.55,139.81,,M,SOUTHERN JAPAN,,,
228,35.55,139.81,,M,SOUTHERN JAPAN,,,
229,35.55,139.81,,M,SOUTHERN JAPAN,,,
230,35.55,139.81,,M,SOUTHERN JAPAN,,,
231,35.55,139.81,,M,SOUTHERN JAPAN,,,
232,35.55,139.81,,M,SOUTHERN JAPAN,,,
233,35.55,139.81,,M,SOUTHERN JAPAN,,,
234,35.55,139.81,,M,SOUTHERN JAPAN,,,
235,35.55,139.81,,M,SOUTHERN JAPAN,,,
236,35.55,139.81,,M,SOUTHERN JAPAN,,,
237,35.55,139.81,,M,SOUTHERN JAPAN,,,
238,35.55,139.81,,M,SOUTHERN JAPAN,,,
239,35.55,139.81,,M,SOUTHERN JAPAN,,,
240,35.55,139.81,,M,SOUTHERN JAPAN,,,
241,35.55,139.81,,M,SOUTHERN JAPAN,,,
242,35.55,139.81,,M,SOUTHERN JAPAN,,,
243,34.13,134.98,,N,SOUTHERN JAPAN (MARKET),,,
244,34.13,134.98,,N,SOUTHERN JAPAN (MARKET),,,
258,35.45,129.4,,M,SOUTHERN JAPAN (MARKET),,,
9850,4.866666,73.483333,mtGen10,A,MALDIVES,,,
9869,4.966666,73.55,mtGen10,A,MALDIVES,,,
9871,4.25,73.616666,mtGen37,K,MALDIVES,,,
9872,4,73.566666,mtGen10,A,MALDIVES,,,
9873,4,73.566666,mtGen75,A,MALDIVES,,,
11478,19.333333,-156.066666,,J,BIG ISLAND,,,
11479,19.333333,-156.066666,,J,BIG ISLAND,,,
11481,19.333333,-156.066666,,J,BIG ISLAND,,,
11482,19.333333,-156.066666,,J,BIG ISLAND,,,
11483,19.333333,-156.066666,,J,BIG ISLAND,,,
11484,19.333333,-156.066666,,J,BIG ISLAND,,,
13367,8.7,122.74,mtGen46,14,"SAITON, MALABUHAN",,,
18528,19.233333,-155.983333,,J,KONA COAST,,,
18529,19.233333,-155.983333,,J,KONA COAST,,,
18530,19.233333,-155.983333,,J,KONA COAST,,,
18531,19.233333,-155.983333,,J,KONA COAST,,,
18532,19.233333,-155.983333,,J,KONA COAST,,,
18533,19.233333,-155.983333,,J,KONA COAST,,,
18939,21,-157,,J,LANAI (SW),,,
18940,21,-157,,J,LANAI (SW),,,
18941,21,-157,mtGen01,J,LANAI (SW),,,
18942,21,-157,,J,LANAI (SW),,,
18947,21,-157.666666,,J,LANAI (SW),,,
18948,21,-157.666666,,J,LANAI (SW),,,
18951,21,-157,,J,LANAI (SW),,,
18952,21,-157,,J,LANAI (SW),,,
18953,21,-157,mtGen01,J,LANAI (SW),,,
23968,10.6,103.6,mtGen50,K,"CAMBODIA, KEP",,,
27398,19.633333,-156.066666,,J,KONA COAST,,,
27407,19.3,-155.95,,J,KONA COAST,,,
27408,19.3,-155.95,,J,KONA COAST,,,
27409,19.3,-155.95,,J,KONA COAST,,,
27410,19.3,-155.95,,J,KONA COAST,,,
27412,19.55,-156.033333,,J,KONA COAST,,,
27417,19.533333,-156.033333,,J,KONA COAST,,,
30056,19.6,-156.05,,J,BIG ISLAND,,,
30059,19.6,-156.05,,J,BIG ISLAND,,,
30060,19.6,-156.05,,J,BIG ISLAND,,,
30061,19.7,-156.083333,,J,BIG ISLAND,,,
30062,19.7,-156.083333,,J,BIG ISLAND,,,
30063,19.7,-156.083333,,J,BIG ISLAND,,,
30069,19.616666,-156.083333,,J,BIG ISLAND,,,
30070,19.616666,-156.083333,,J,BIG ISLAND,,,
30082,19.5,-156,,J,BIG ISLAND,,,
30083,19.5,-156,,J,BIG ISLAND,,,
30084,19.5,-156,,J,BIG ISLAND,,,
30085,19.5,-156,,J,BIG ISLAND,,,
30086,19.5,-156,,J,BIG ISLAND,,,
30435,24.983333,-171.85,mtGen51,J,NWHI,,,
30436,24.983333,-171.85,mtGen01,J,NWHI,,,
30437,24.116666,-168.516666,,J,NWHI,,,
30438,24.116666,-168.516666,,J,NWHI,,,
30439,24.116666,-168.516666,mtGen01,J,NWHI,,,
30440,24.116666,-168.516666,,12,NWHI,,,
30441,24.116666,-168.516666,,J,NWHI,,,
30442,24.116666,-168.516666,mtGen52,12,NWHI,,,
30443,24.116666,-168.516666,,12,NWHI,,,
30444,24.116666,-168.516666,mtGen76,J,NWHI,,,
30445,24.116666,-168.516666,,J,NWHI,,,
30446,24.116666,-168.516666,,12,NWHI,,,
30447,24.116666,-168.516666,,J,NWHI,,,
30448,24.116666,-168.516666,,12,NWHI,,,
30455,20.4,-156.633333,,J,KAHOOLAWE,,,
30456,20.4,-156.633333,,J,KAHOOLAWE,,,
30457,20.4,-156.633333,,J,KAHOOLAWE,,,
30458,20.4,-156.633333,,J,KAHOOLAWE,,,
30459,20.4,-156.633333,,J,KAHOOLAWE,,,
30460,20.4,-156.633333,,J,KAHOOLAWE,,,
30461,20.4,-156.633333,,J,KAHOOLAWE,,,
30462,20.4,-156.633333,,J,KAHOOLAWE,,,
30463,20.4,-156.633333,,J,KAHOOLAWE,,,
30464,20.4,-156.633333,,J,KAHOOLAWE,,,
30465,20.4,-156.633333,,J,KAHOOLAWE,,,
30476,25.35,-176.133333,NA,J,NWHI,,,
30508,20.6,-156.966666,,J,LANAI,,,
30511,20.6,-156.966666,,J,LANAI,,,
30518,22.45,-159.766666,NA,J,KAUAI,,,
30519,22.45,-159.766666,,J,KAUAI,,,
30520,22.45,-159.766666,,J,KAUAI,,,
30521,22.45,-159.766666,,J,KAUAI,,,
30527,21.8,-160.733333,,J,NI'IHAU,,,
30528,21.8,-160.733333,,J,NI'IHAU,,,
30530,21.8,-160.733333,,J,NI'IHAU,,,
30531,21.8,-160.733333,,J,NI'IHAU,,,
30532,21.8,-160.7,,J,NI'IHAU,,,
30533,21.8,-160.7,,J,NI'IHAU,,,
33294,-39.333333,177.5,mtGen54,A,"NEW ZEALAND, NORTHLAND",,,
33791,20.85,-157.15,,J,LANAI,,,
33795,20.833333,-157.133333,,J,LANAI,,,
33796,20.833333,-157.15,,J,LANAI,,,
33797,20.85,-157.15,,J,LANAI,,,
33798,20.733333,-157.116666,mtGen01,J,LANAI,,,
33806,20.716666,-157.133333,,J,LANAI,,,
33807,20.716666,-157.133333,,J,LANAI,,,
33808,20.716666,-157.133333,,J,LANAI,,,
33809,20.7,-157.133333,,J,LANAI,,,
33810,20.7,-157.133333,,J,LANAI,,,
33811,20.683333,-157.133333,,J,LANAI,,,
33812,20.716666,-157.133333,,J,LANAI,,,
33813,20.716666,-157.133333,NA,J,LANAI,,,
33814,20.716666,-157.133333,mtGen18,J,LANAI,,,
33815,20.733333,-157.133333,,J,LANAI,,,
33851,21.516666,-158.35,mtGen01,J,OAHU,,,
33852,21.516666,-158.35,mtGen01,J,OAHU,,,
33860,21.55,-158.333333,NA,J,OAHU,,,
33861,21.55,-158.333333,mtGen05,J,OAHU,,,
33862,21.566666,-158.35,,J,OAHU,,,
33878,21.316666,-158.283333,NA,J,OAHU,,,
33879,21.316666,-158.283333,mtGen05,J,OAHU,,,
33880,21.316666,-158.283333,NA,J,OAHU,,,
33881,21.316666,-158.266666,NA,J,OAHU,,,
33882,21.316666,-158.266666,NA,J,OAHU,,,
33883,21.316666,-158.266666,NA,J,OAHU,,,
33911,21.516666,-158.3,,J,OAHU,,,
33912,21.516666,-158.3,,J,OAHU,,,
33913,21.5,-158.283333,,K,OAHU,,,
33914,21.533333,-158.316666,,J,OAHU,,,
33915,21.516666,-158.3,,J,OAHU,,,
33916,21.516666,-158.3,mtGen01,J,OAHU,,,
33917,21.516666,-158.3,,J,OAHU,,,
33939,21.85,-159.95,,J,NI'IHAU,,,
33940,21.85,-159.95,NA,J,NI'IHAU,,,
33941,21.85,-159.95,mtGen01,J,NI'IHAU,,,
33948,21.85,-159.95,,J,NI'IHAU,,,
33949,21.85,-159.95,,J,NI'IHAU,,,
33980,21.9,-159.766666,NA,J,KAUAI,,,
33981,21.916666,-159.766666,mtGen55,J,KAUAI,,,
33982,21.916666,-159.783333,NA,J,KAUAI,,,
33983,21.916666,-159.783333,NA,J,KAUAI,,,
33984,21.916666,-159.8,NA,J,KAUAI,,,
33985,21.916666,-159.8,NA,J,KAUAI,,,
33990,21.916666,-159.766666,NA,J,KAUAI,,,
33991,21.916666,-159.766666,,J,KAUAI,,,
33992,21.916666,-159.766666,,J,KAUAI,,,
45934,19.766666,-156.1,mtGen01,J,BIG ISLAND,,,
49070,4.533333,-163.5,mtGen66,mtGen66,PALMYRA,,,
51015,21.916666,-159.733333,NA,J,KAUAI,,,
51023,21.85,-159.633333,,J,KAUAI,,,
51025,21.85,-159.65,NA,J,KAUAI,,,
51026,21.85,-159.65,NA,J,KAUAI,,,
51028,21.75,-159.5,NA,J,KAUAI,,,
51029,21.75,-159.5,mtGen67,J,KAUAI,,,
51031,21.933333,-159.833333,NA,J,KAUAI,,,
51032,21.933333,-159.833333,NA,J,KAUAI,,,
51033,21.933333,-159.833333,NA,J,KAUAI,,,
51064,21.9,-159.7,,J,KAUAI,,,
55157,19.766666,-156.15,NA,J,BIG ISLAND,,,
55160,19.383333,-155.966666,NA,J,BIG ISLAND,,,
55161,19.3,-155.933333,NA,J,BIG ISLAND,,,
55165,19.45,-156.016666,NA,J,BIG ISLAND,,,
55175,19.683333,-156.083333,NA,J,BIG ISLAND,,,
55209,19.116666,-156,,J,BIG ISLAND,,,
55226,19.716666,-156.15,NA,J,BIG ISLAND,,,
55227,19.716666,-156.15,NA,J,BIG ISLAND,,,
55228,19.7,-156.15,NA,J,BIG ISLAND,,,
55229,19.7,-156.15,NA,J,BIG ISLAND,,,
55230,19.683333,-156.15,NA,J,BIG ISLAND,,,
55234,19.55,-156.033333,mtGen01,J,BIG ISLAND,,,
55238,19.433333,-155.983333,NA,J,BIG ISLAND,,,
55239,19.433333,-155.983333,mtGen01,J,BIG ISLAND,,,
55240,19.433333,-155.983333,NA,J,BIG ISLAND,,,
55241,19.383333,-155.95,NA,J,BIG ISLAND,,,
55242,19.383333,-155.95,NA,J,BIG ISLAND,,,
55243,19.383333,-155.95,NA,J,BIG ISLAND,,,
55244,19.333333,-155.916666,NA,J,BIG ISLAND,,,
55248,19.65,-156.066666,NA,J,BIG ISLAND,,,
55254,19.666666,-156.1,NA,J,BIG ISLAND,,,
61918,19.683333,-156.133333,NA,J,BIG ISLAND,,,
61924,19.266666,-155.933333,,J,BIG ISLAND,,,
61936,19.433333,-156.083333,NA,J,BIG ISLAND,,,
61939,19.433333,-156.066666,NA,J,BIG ISLAND,,,
73899,19.25,-155.933333,NA,J,BIG ISLAND,,,
73901,20.116666,-156.066666,NA,J,BIG ISLAND,,,
74708,28.533333,-147.333333,mtGen68,K,"HI IFS, NORTH OF HAWAIIAN ISLANDS",,,
78785,-3.133333,-167.366666,mtGen19,mtGen19,"High Seas, 470km E of Canton Is.",,,
78786,-3.133333,-167.366666,mtGen19,mtGen19,"High Seas, 470km E of Canton Is.",,,
78787,-3.133333,-167.366666,mtGen69,K,"High Seas, 470km E of Canton Is.",,,
78810,19.216666,-155.916666,NA,J,Main Hawaiian Islands,,,
78812,19.233333,-155.916666,NA,J,Main Hawaiian Islands,,,
78815,19.233333,-155.883333,NA,J,Main Hawaiian Islands,,,
79976,19.683333,-156.133333,NA,J,BIG ISLAND,,,
79978,19.616666,-156.05,NA,J,BIG ISLAND,,,
79980,19.566666,-156.033333,NA,J,BIG ISLAND,,,
79992,19.383333,-155.95,mtGen01,J,BIG ISLAND,,,
80005,19.25,-156.083333,NA,J,BIG ISLAND,,,
88591,19.5,-156.2,NA,J,BIG ISLAND,,,
88594,19.766666,-156.1,mtGen05,J,BIG ISLAND,,,
92242,21.583333,-158.35,mtGen18,J,OAHU,,,
94818,19.333333,-155.983333,NA,J,BIG ISLAND,,,
94820,19.333333,-155.966666,NA,J,BIG ISLAND,,,
102487,21.25,-158.2,,J,OAHU,,,
102493,20.983333,-158.133333,,J,OAHU,,,
102494,20.983333,-158.133333,mtGen01,J,OAHU,,,
102495,20.983333,-158.183333,,J,OAHU,,,
104024,13.583333,144.766666,mtGen03,A,Guam,,,
104027,13.6,144.766666,mtGen03,A,Guam,,,
104028,13.6,144.766666,mtGen03,A,Guam,,,
104029,13.6,144.783333,,A,Guam,,,
104050,15.3,145.7,NA,A,Saipan,,,
104052,15.316666,145.7,,A,Saipan,,,
104053,15.316666,145.683333,mtGen31,A,Saipan,,,
104054,15.3,145.666666,mtGen06,A,Saipan,,,
104055,15.3,145.666666,mtGen06,A,Saipan,,,
104056,15.3,145.666666,NA,A,Saipan,,,
104072,14.116666,145.116666,,A,Rota,,,
104073,14.116666,145.116666,NA,A,Rota,,,
104074,14.116666,145.116666,NA,A,Rota,,,
104075,14.116666,145.116666,mtGen80,A,Rota,,,
104077,14.116666,145.116666,NA,A,Rota,,,
104078,14.116666,145.1,mtGen06,A,Rota,,,
104079,14.116666,145.1,NA,A,Rota,,,
104105,15.016666,145.533333,,A,Saipan,,,
104106,15.016666,145.533333,NA,A,Saipan,,,
104107,15.016666,145.533333,,A,Saipan,,,
104108,15.016666,145.533333,NA,A,Saipan,,,
104109,15,145.533333,mtGen03,A,Saipan,,,
104110,15,145.533333,NA,A,Saipan,,,
108164,13.7,144.816666,NA,mtGen72,Guam,,,
108165,13.716666,144.8,,A,Guam,,,
108166,13.716666,144.8,mtGen72,mtGen72,Guam,,,
108182,14.783333,145.516666,mtGen03,A,Aguijan,,,
108184,14.783333,145.516666,,mtGen72,Aguijan,,,
108185,14.783333,145.516666,,mtGen72,Aguijan,,,
108188,15.033333,145.216666,mtGen06,A,Saipan/Tinian,,,
108189,15.05,145.233333,,A,Saipan/Tinian,,,
108221,13.4,144.6,,A,Guam West,,,
108222,13.4,144.6,mtGen03,A,Guam West,,,
108223,13.416666,144.6,mtGen81,A,Guam West,,,
112632,19.61637,-156.09267,NA,J,BIG ISLAND,,,
112633,19.62104,-156.09984,,J,BIG ISLAND,,,
112634,19.62252,-156.1002,NA,J,BIG ISLAND,,,
112635,19.71416,-156.0977,NA,J,BIG ISLAND,,,
112636,19.72396,-156.10204,NA,J,BIG ISLAND,,,
112637,19.6442,-156.08722,NA,J,BIG ISLAND,,,
112638,19.65574,-156.09169,NA,J,BIG ISLAND,,,
112639,19.66092,-156.09692,NA,J,BIG ISLAND,,,
112641,19.63952,-156.0835,NA,J,BIG ISLAND,,,
112642,19.70301,-156.09,NA,J,BIG ISLAND,,,
112646,19.53066,-156.05864,NA,J,BIG ISLAND,,,
112647,19.26446,-155.98657,NA,J,BIG ISLAND,,,
112648,19.26495,-155.98683,NA,J,BIG ISLAND,,,
112651,19.37518,-155.93036,,J,BIG ISLAND,,,
112652,19.38733,-155.93259,mtGen01,J,BIG ISLAND,,,
112653,19.38733,-155.93259,mtGen01,J,BIG ISLAND,,,
112654,19.39485,-155.93411,NA,J,BIG ISLAND,,,
112655,19.41901,-155.93748,NA,J,BIG ISLAND,,,
112658,19.68759,-156.09906,NA,J,BIG ISLAND,,,
112663,19.72881,-156.11512,,J,BIG ISLAND,,,
113642,20.5023,-157.02557,NA,J,LANAI,,,
113643,20.57597,-157.03028,,J,LANAI,,,
113647,20.83229,-157.13338,NA,J,LANAI,,,
113648,20.83648,-157.14003,,J,LANAI,,,
113653,20.74574,-157.09496,mtGen01,J,LANAI,,,
114352,19.84409,-156.14491,mtGen01,J,BIG ISLAND,,,
114353,19.58749,-156.07715,,J,BIG ISLAND,,,
114354,19.74095,-156.15067,mtGen01,J,BIG ISLAND,,,
114355,19.74095,-156.15067,,J,BIG ISLAND,,,
114356,19.74306,-156.15399,NA,J,BIG ISLAND,,,
114564,22.25834,-159.74448,NA,J,KAUAI,,,
114565,22.25793,-159.74695,mtGen05,J,KAUAI,,,
114805,19.63181,-156.08157,NA,J,BIG ISLAND,,,
114806,19.63673,-156.0842,NA,J,BIG ISLAND,,,
114807,19.66301,-156.06461,,J,BIG ISLAND,,,
114809,19.56811,-156.03191,NA,J,BIG ISLAND,,,
114813,19.64723,-156.05351,NA,J,BIG ISLAND,,,
114815,19.51197,-156.01724,NA,J,BIG ISLAND,,,
114816,19.51876,-156.02425,NA,J,BIG ISLAND,,,
114817,19.52009,-156.02519,NA,J,BIG ISLAND,,,
114818,19.30751,-155.93939,NA,J,BIG ISLAND,,,
114819,19.30297,-155.94437,NA,J,BIG ISLAND,,,
114820,19.42601,-156.02052,NA,J,BIG ISLAND,,,
114821,19.55028,-156.55028,NA,J,BIG ISLAND,,,
114822,19.45735,-156.00299,NA,J,BIG ISLAND,,,
114823,19.47389,-156.00401,,J,BIG ISLAND,,,
116827,13.519981,144.682678,NA,A,6.7km NE Orote Pt.,,,
116828,13.528221,144.686133,,A,6.7km NE Orote Pt.,,,
116829,13.535795,144.692987,NA,A,12.7km NE Orote Pt.,,,
116830,13.567252,144.716749,,A,12.7km NE Orote Pt.,,,
116836,13.420477,144.604598,NA,A,4.76km SSW Orote Pt.,,,
116837,13.424485,144.60465,NA,A,4.76km SSW Orote Pt.,,,
116838,13.428113,144.604877,,A,4.76km SSW Orote Pt.,,,
116840,13.434738,144.600837,,A,4.76km SSW Orote Pt.,,,
123263,19.7,-156.15,,J,BIG ISLAND,,,
123339,19.783333,-159.7,,J,BIG ISLAND,,,
123340,19.783333,-159.7,NA,J,BIG ISLAND,,,
123341,19.783333,-159.7,,J,BIG ISLAND,,,
123342,20.683333,-159.566666,NA,J,LANAI,,,
123361,24.05,-165.6,NA,J,Papahanaumokuakea Marine National Monument,,,
123362,24.05,-165.6,,J,Papahanaumokuakea Marine National Monument,,,
123369,23.2,-162.466666,mtGen05,J,Papahanaumokuakea Marine National Monument,,,
124781,22.35,-159.366666,,J,KAUAI,,,
124782,22.35,-159.366666,,J,KAUAI,,,
136820,9.0842,123.1926,mtGen83,mtGen83,ZAMBOANGUITA,,,
143717,13.413403,144.615846,mtGen84,A,"Guam, 1km S Orote Pt.",,,
143718,13.402227,144.609589,mtGen03,A,"Guam, 1km S Orote Pt.",,,
143728,13.37176,144.614463,NA,A,"Guam, 2.8km WNW Agat Marina",,,
143729,13.369804,144.615655,,A,"Guam, 2.8km WNW Agat Marina",,,
143730,13.367293,144.618031,NA,A,"Guam, 2.8km WNW Agat Marina",,,
143741,14.237415,145.273834,mtGen06,A,"Rota, 4km NE Rota east tip",,,
143742,14.241949,145.274043,,A,"Rota, 4km NE Rota east tip",,,
143743,14.247953,145.277788,NA,A,"Rota, 4km NE Rota east tip",,,
143744,14.249593,145.276074,NA,17,"Rota, 4km NE Rota east tip",,,
143745,14.250212,145.274781,NA,17,"Rota, 4km NE Rota east tip",,,
143746,14.253849,145.269403,NA,A,"Rota, 4km NE Rota east tip",,,
143747,14.254425,145.267652,NA,A,"Rota, 4km NE Rota east tip",,,
143748,14.253382,145.260532,NA,A,"Rota, 4km NE Rota east tip",,,
143749,14.255273,145.253446,mtGen03,A,"Rota, 4km NE Rota east tip",,,
143750,14.095626,145.272781,mtGen03,A,"Rota, 10km SE Rota southernmost tip",,,
143751,14.114219,145.287332,,A,"Rota, 10km SE Rota southernmost tip",,,
156865,19.5249,-156.34032,,J,BIG ISLAND,,,
157265,-23.6651,43.6376,mtGen22,mtGen22,Anakao,,,
157376,-13.5524,47.761,mtGen86,mtGen86,Nosy Iranja,,,
157377,-13.5524,47.761,mtGen87,mtGen87,Nosy Iranja,,,
157436,-13.5524,47.761,mtGen33,mtGen33,Nosy Iranja,,,
157437,-13.5524,47.761,mtGen22,mtGen22,Nosy Iranja,,,
174885,-17.466,-149.8442,mtGen21,mtGen21,Moorea,,,
174893,-13.3035,-172.6256,mtGen21,mtGen21,,,,
174894,-13.3035,-172.6256,mtGen88,mtGen88,Savai'i,,,
11496,2.316666,-106.733333,mtGen39,2,IFS,,,
11985,-0.416666,-94.65,mtGen42,2,ECUADOR,,,
18290,6.9,-81.666666,,2,PANAMA,,,
18295,6.9,-81.666666,,2,PANAMA,,,
18297,6.9,-81.666666,,2,PANAMA,,,
18298,6.9,-81.666666,mtGen49,2,PANAMA,,,
37767,-8.516666,-91.266666,,2,ETP IFS,,,
37768,-8.516666,-91.266666,,2,ETP IFS,,,
37769,-8.516666,-91.266666,,2,ETP IFS,,,
37770,-8.516666,-91.266666,,2,ETP IFS,,,
37771,-8.516666,-91.266666,,2,ETP IFS,,,
37772,-8.516666,-91.266666,mtGen58,2,ETP IFS,,,
37773,-8.516666,-91.266666,,2,ETP IFS,,,
37774,-8.516666,-91.266666,,2,ETP IFS,,,
37896,25.583333,-119.266666,mtGen62,3,MEXICO IFS,,,
37897,25.583333,-119.266666,,2,MEXICO IFS,,,
38314,23.016666,-116.5,mtGen64,2,MEXICO IFS,,,
12081,7.283333,-78.266666,,4,PANAMA,,,
222,37.7,141.8,,M,NORTHERN JAPAN (MARKET),,,
159,38.14,141.14,,E,NORTHERN JAPAN (MARKET),,,
160,38.14,141.14,,E,NORTHERN JAPAN (MARKET),,,
161,38.14,141.14,,E,NORTHERN JAPAN (MARKET),,,
162,38.14,141.14,,E,NORTHERN JAPAN (MARKET),,,
163,38.14,141.14,,E,NORTHERN JAPAN (MARKET),,,
164,38.14,141.14,,E,NORTHERN JAPAN (MARKET),,,
165,38.16,141.7,,E,NORTHERN JAPAN,,,
166,38.16,141.7,,E,NORTHERN JAPAN,,,
167,38.16,141.7,,E,NORTHERN JAPAN,,,
168,38.16,141.7,,E,NORTHERN JAPAN,,,
169,3.93,-85.2,,E,NORTHERN JAPAN,,,
170,38.05,141.34,,F,NORTHERN JAPAN (MARKET),,,
1297,35.25,-122.566666,mtGen35,E,OFFSHORE,,,
1685,41.45,-125.483333,mtGen02,E,OFFSHORE,,,
1737,41.466666,-125.516666,,E,OFFSHORE,,,
1738,41.466666,-125.516666,,E,OFFSHORE,,,
1739,41.466666,-124.516666,NA,E,OFFSHORE,,,
1864,36.066666,-122.85,mtGen09,E,OFFSHORE,,,
4629,26.5,-111,,E,GULF OF CALIFORNIA,,,
4630,26.5,-111,mtGen74,E,GULF OF CALIFORNIA,,,
4642,27.3,-112.05,mtGen09,E,GULF OF CALIFORNIA,,,
4644,27.3,-112.05,,E,GULF OF CALIFORNIA,,,
4645,27.3,-112.05,,E,GULF OF CALIFORNIA,,,
4682,25.783333,-110.983333,mtGen36,9,GULF OF CALIFORNIA,,,
4684,25.783333,-110.983333,,E,GULF OF CALIFORNIA,,,
4986,24.75,-113.2,mtGen02,E,NPAC IFS,,,
4987,24.75,-113.2,,E,NPAC IFS,,,
4988,24.75,-113.2,,E,NPAC IFS,,,
5765,32.25,-118.95,,E,OFFSHORE,,,
5766,32.25,-118.95,mtGen02,E,OFFSHORE,,,
5767,32.25,-118.95,,E,OFFSHORE,,,
7618,31.983333,-118.583333,mtGen09,E,OFFSHORE,,,
8752,34.6,-121.9,mtGen02,E,OFFSHORE,,,
11454,2.033333,-113.066666,mtGen38,E,ETP IFS,,,
11455,2.033333,-113.066666,,E,ETP IFS,,,
11456,2.033333,-113.066666,,E,ETP IFS,,,
11513,28.633333,-115.1,,E,BAJA,,,
11514,28.633333,-115.1,,E,BAJA,,,
11515,28.566666,-115.166666,mtGen40,E,BAJA,,,
11525,26.45,-114,,E,BAJA,,,
11526,26.45,-114,mtGen02,E,BAJA,,,
11527,26.45,-114,,E,BAJA,,,
11528,26.45,-114,,E,BAJA,,,
11872,10.116666,-90,,E,EL SALVADOR,,,
11873,10.116666,-90,mtGen41,E,EL SALVADOR,,,
11874,10.116666,-90,,E,EL SALVADOR,,,
11936,9.083333,-84.983333,,E,COSTA RICA,,,
11937,9.083333,-84.983333,,E,COSTA RICA,,,
11938,9.083333,-84.983333,,E,COSTA RICA,,,
11939,9.083333,-84.983333,,E,COSTA RICA,,,
11940,9.083333,-84.983333,,E,COSTA RICA,,,
11941,9.083333,-84.983333,,E,COSTA RICA,,,
11942,9.083333,-84.983333,,E,COSTA RICA,,,
11943,9.083333,-84.983333,mtGen15,E,COSTA RICA,,,
11954,7.2,-82.05,mtGen16,E,PANAMA,,,
11955,7.2,-82.05,,E,PANAMA,,,
11956,7.2,-82.05,,E,PANAMA,,,
11957,7.033333,-82.05,,E,PANAMA,,,
11958,7.033333,-82.05,,E,PANAMA,,,
11977,10.433333,-110.866666,mtGen28,5,CLIPPERTON IS.,,,
11978,10.433333,-110.866666,,5,CLIPPERTON IS.,,,
12008,-1.133333,-91.116666,,6,ECUADOR,,,
12009,-1.133333,-91.116666,mtGen43,6,ECUADOR,,,
12010,-1.133333,-91.116666,,6,ECUADOR,,,
12011,-1.133333,-91.116666,,E,ECUADOR,,,
12012,-1.133333,-91.116666,,6,ECUADOR,,,
12013,-1.133333,-91.116666,,6,ECUADOR,,,
12014,-1.133333,-91.116666,,6,ECUADOR,,,
12015,-1.133333,-91.116666,,6,ECUADOR,,,
12016,-1.133333,-91.116666,,6,ECUADOR,,,
12027,-2,-81.3,,E,ECUADOR,,,
12028,-2,-81.3,,E,ECUADOR,,,
12029,-2,-81.3,mtGen44,E,ECUADOR,,,
12030,-2,-81.3,mtGen45,7,ECUADOR,,,
12088,7,-81.483333,NA,E,PANAMA,,,
12089,7,-81.483333,,E,PANAMA,,,
12090,7,-81.483333,,E,PANAMA,,,
12091,7,-81.483333,,E,PANAMA,,,
12092,7,-81.483333,NA,E,PANAMA,,,
12093,7,-81.483333,,E,PANAMA,,,
12094,7,-81.483333,,E,PANAMA,,,
12095,7,-81.483333,mtGen02,E,PANAMA,,,
12096,7,-81.483333,,E,PANAMA,,,
12097,7,-81.483333,,E,PANAMA,,,
12098,7,-81.483333,NA,E,PANAMA,,,
16046,8.333333,-83.75,,E,COSTA RICA,,,
16047,8.333333,-83.75,mtGen17,E,COSTA RICA,,,
16048,8.333333,-83.75,,E,COSTA RICA,,,
16049,8.333333,-83.75,,E,COSTA RICA,,,
16050,8.333333,-83.75,,E,COSTA RICA,,,
16051,8.333333,-83.75,,E,COSTA RICA,,,
16052,8.333333,-83.75,,E,COSTA RICA,,,
16056,-8.8,-95.6,NA,E,ETP IFS,,,
16076,-6.183333,-85.083333,,E,ETP IFS,,,
16077,-6.183333,-85.083333,,E,ETP IFS,,,
16078,-6.183333,-85.083333,,E,ETP IFS,,,
16079,-6.183333,-85.083333,mtGen47,E,ETP IFS,,,
16080,-6.183333,-85.083333,,E,ETP IFS,,,
16081,-6.183333,-85.083333,,E,ETP IFS,,,
16082,-6.183333,-85.083333,,E,ETP IFS,,,
16083,-6.183333,-85.083333,,E,ETP IFS,,,
16167,8.45,-94.75,mtGen16,E,ETP IFS,,,
16168,8.45,-94.75,,E,ETP IFS,,,
17970,26.916666,-114.783333,,E,BAJA,,,
17971,26.916666,-114.783333,,E,BAJA,,,
17972,26.916666,-114.783333,,E,BAJA,,,
17973,26.916666,-114.783333,,E,BAJA,,,
17974,26.916666,-114.783333,,E,BAJA,,,
17976,26.916666,-114.783333,,E,BAJA,,,
17977,26.916666,-114.783333,mtGen02,E,BAJA,,,
17978,26.916666,-114.783333,,E,BAJA,,,
17979,26.916666,-114.783333,,E,BAJA,,,
17980,26.916666,-114.783333,,E,BAJA,,,
17981,26.916666,-114.783333,mtGen29,E,BAJA,,,
17982,26.916666,-114.783333,,E,BAJA,,,
18185,8.066666,-104.766666,,E,ETP IFS,,,
18186,8.066666,-104.766666,NA,E,ETP IFS,,,
18187,8.066666,-104.766666,,E,ETP IFS,,,
18188,8.066666,-104.766666,,E,ETP IFS,,,
18189,8.066666,-104.766666,,E,ETP IFS,,,
18190,8.066666,-104.766666,,E,ETP IFS,,,
18191,8.066666,-104.766666,mtGen02,E,ETP IFS,,,
18192,8.066666,-104.766666,NA,E,ETP IFS,,,
18193,8.066666,-104.766666,,E,ETP IFS,,,
18195,8.066666,-104.766666,,E,ETP IFS,,,
18259,8.166666,-83.4,,E,COSTA RICA,,,
18260,8.166666,-83.4,,E,COSTA RICA,,,
18261,8.166666,-83.4,mtGen17,E,COSTA RICA,,,
18289,6.9,-81.666666,,E,PANAMA,,,
18291,6.9,-81.666666,,E,PANAMA,,,
18292,6.9,-81.666666,,E,PANAMA,,,
18293,6.9,-81.666666,mtGen48,E,PANAMA,,,
18294,6.9,-81.666666,,E,PANAMA,,,
18296,6.9,-81.666666,,E,PANAMA,,,
25546,44.433333,-124.083333,mtGen02,E,OREGON,,,
37746,5.166666,-94.666666,mtGen02,E,ETP IFS,,,
37747,5.183333,-94.6,,E,ETP IFS,,,
37748,5.183333,-94.6,NA,E,ETP IFS,,,
37749,5.183333,-94.6,,E,ETP IFS,,,
37750,5.183333,-94.6,,E,ETP IFS,,,
37752,6.733333,-91.283333,mtGen30,E,ETP IFS,,,
37753,1.55,-89.3,mtGen56,E,ECUADOR,,,
37764,-8.866666,-93.3,,10,ETP IFS,,,
37765,-8.866666,-93.3,,10,ETP IFS,,,
37766,-8.866666,-93.3,mtGen57,10,ETP IFS,,,
37781,-11.95,-88.183333,mtGen59,E,ETP IFS,,,
37782,-14.733333,-84.766666,,E,ETP IFS,,,
37783,-14.733333,-84.766666,mtGen60,8,ETP IFS,,,
37784,-14.733333,-84.766666,,E,ETP IFS,,,
37785,-14.733333,-84.766666,,E,ETP IFS,,,
37786,-14.733333,-84.766666,,8,ETP IFS,,,
37787,-14.733333,-84.766666,,E,ETP IFS,,,
37788,-14.733333,-84.766666,mtGen61,E,ETP IFS,,,
37789,-14.733333,-84.766666,,E,ETP IFS,,,
37790,-14.733333,-84.766666,,8,ETP IFS,,,
37791,-14.733333,-84.766666,,E,ETP IFS,,,
37876,8.566666,-85.916666,,E,COSTA RICA,,,
37877,8.566666,-85.916666,,E,COSTA RICA,,,
37878,8.566666,-85.916666,,E,COSTA RICA,,,
37879,8.566666,-85.916666,NA,E,COSTA RICA,,,
37881,8.566666,-85.916666,NA,E,COSTA RICA,,,
37882,8.566666,-85.916666,NA,E,COSTA RICA,,,
37883,8.566666,-85.916666,,E,COSTA RICA,,,
37884,8.566666,-85.916666,mtGen15,E,COSTA RICA,,,
37885,8.566666,-85.916666,NA,E,COSTA RICA,,,
37907,27.616666,-115.166666,mtGen02,E,BAJA,,,
38312,22.8,-116.616666,mtGen63,E,MEXICO IFS,,,
38313,22.8,-116.616666,,E,MEXICO IFS,,,
67152,-11.133333,-93.15,,10,ETP IFS,,,
67165,0.216666,-95.416666,,10,ETP IFS,,,
124027,41.05,-124.116666,mtGen82,mtGen82,"Luffenholtz Beach, California",,,