Lab ID,Species name,Common name,Genetic ID,SWFSC ID,Field ID,Location,Latitude,Longitude,Country,Collection Date,Collected by,Member of,Tissue type,Tissue stored,DNA stored,DNA shipped,Photo stored,Extraction date,Extracted by,DNA conc ng/ul,DNA conc method,Field sex,lab sex,PCR no.,Run No,dlp haplotype,dlp PCR no.,dlp run No,ABI%,Photo,Hap Code,Microsats 'done',
Sbr00FP01,Steno bredanensis,Rough-toothed dolphin,,,,Moorea,,,French Polynesia,,M-Poole,aPOD,Stranding,UoA fridge,UoA fridge,,,,,,,,,,,,,,,,,yes,
Sbr00FP02,Steno bredanensis,Rough-toothed dolphin,,,,Moorea,,,French Polynesia,,M-Poole,aPOD,Stranding,UoA fridge,UoA fridge,,,,,,,,,,,Sbr00FP02,,,,,P,yes,
Sbr02FP01,Steno bredanensis,Rough-toothed dolphin,,,,Moorea,,,French Polynesia,8/26/02,M-Oremus,aPOD,biopsy,UoA fridge,OSU chest freezer,,,,,,,,?,,,?,,,,,,yes,
Sbr02FP02,Steno bredanensis,Rough-toothed dolphin,,,,Moorea,,,French Polynesia,9/1/02,M-Oremus,aPOD,biopsy,UoA fridge,OSU chest freezer,,,,,,,,F,,,Sbr02FP03,,,,,O,yes,
Sbr02FP03,Steno bredanensis,Rough-toothed dolphin,,,,Moorea,,,French Polynesia,9/1/02,M-Oremus,aPOD,biopsy,UoA fridge,OSU chest freezer,,,,,,,,M,,,Sbr00FP03,,,,,O,yes,
Sbr02FP04,Steno bredanensis,Rough-toothed dolphin,,,,Moorea,,,French Polynesia,9/2/02,M-Oremus,aPOD,biopsy,UoA fridge,OSU chest freezer,,,,,,,,M,,,Sbr00FP02,,,,,P,yes,
Sbr02FP05,Steno bredanensis,Rough-toothed dolphin,,,,Moorea,,,French Polynesia,9/2/02,M-Oremus,aPOD,biopsy,UoA fridge,OSU chest freezer,,,,,,,,M,,,Sbr00FP01,,,,,C,yes,
Sbr03FP01,Steno bredanensis,Rough-toothed dolphin,,,,Moorea,,,French Polynesia,7/27/03,M-Oremus,aPOD,biopsy,UoA fridge,OSU chest freezer,,,,,,,,M,,,Sbr02FP03,,,,,O,yes,
Sbr03FP02,Steno bredanensis,Rough-toothed dolphin,,,,Moorea,,,French Polynesia,7/27/03,M-Oremus,aPOD,biopsy,UoA fridge,OSU chest freezer,,,,,,,,M,,,Sbr02FP03,,,,,O,yes,
Sbr03FP03,Steno bredanensis,Rough-toothed dolphin,,,,Moorea,,,French Polynesia,7/27/03,M-Oremus,aPOD,biopsy,UoA fridge,OSU chest freezer,,,,,,,,F,,,Sbr00FP02,,,,,P,yes,
Sbr03FP04,Steno bredanensis,Rough-toothed dolphin,,,,Moorea,,,French Polynesia,7/27/03,M-Oremus,aPOD,biopsy,UoA fridge,OSU chest freezer,,,,,,,,?,,,?,,,,,,yes,
Sbr03FP05,Steno bredanensis,Rough-toothed dolphin,,,,Moorea,,,French Polynesia,7/27/03,M-Oremus,aPOD,biopsy,UoA fridge,OSU chest freezer,,,,,,,,?,,,Sbr02FP03,,,,,O,yes,
Sbr03FP06,Steno bredanensis,Rough-toothed dolphin,,,,Moorea,,,French Polynesia,7/27/03,M-Oremus,aPOD,biopsy,UoA fridge,OSU chest freezer,,,,,,,,F,,,Sbr02FP03,,,,,O,yes,
Sbr03FP07,Steno bredanensis,Rough-toothed dolphin,,,,Moorea,,,French Polynesia,7/28/03,M-Oremus,aPOD,biopsy,UoA fridge,OSU chest freezer,,,,,,,,F,,,Sbr00FP02,,,,,P,yes,
Sbr03FP08,Steno bredanensis,Rough-toothed dolphin,,,,Moorea,,,French Polynesia,8/28/03,M-Oremus,aPOD,biopsy,UoA fridge,OSU chest freezer,,,,,,,,F,,,Sbr02FP03,,,,,O,yes,
Sbr03FP09,Steno bredanensis,Rough-toothed dolphin,,,,Moorea,,,French Polynesia,8/28/03,M-Oremus,aPOD,biopsy,UoA fridge,OSU chest freezer,,,,,,,,F,,,Sbr02FP03,,,,,O,yes,
Sbr03FP10,Steno bredanensis,Rough-toothed dolphin,,,,Moorea,,,French Polynesia,10/7/03,M-Oremus,aPOD,biopsy,UoA fridge,OSU chest freezer,,,,,,,,M,,,Sbr02FP03,,,,,O,yes,
Sbr03FP11,Steno bredanensis,Rough-toothed dolphin,,,,Moorea,,,French Polynesia,10/7/03,M-Oremus,aPOD,biopsy,UoA fridge,OSU chest freezer,,,,,,,,M,,,Sbr02FP03,,,,,O,yes,
Sbr03FP12,Steno bredanensis,Rough-toothed dolphin,,,,Huahine,,,French Polynesia,11/6/03,M-Oremus,aPOD,biopsy,UoA fridge,OSU chest freezer,,,,,,,,M,,,Sbr03FP12,,,,,E,yes,
Sbr03FP13,Steno bredanensis,Rough-toothed dolphin,,,,Moorea,,,French Polynesia,11/22/03,M-Oremus,aPOD,biopsy,UoA fridge,OSU chest freezer,,,,,,,,F,,,Sbr00FP01,,,,,C,yes,
Sbr03FP14,Steno bredanensis,Rough-toothed dolphin,,,,Moorea,,,French Polynesia,11/22/03,M-Oremus,aPOD,biopsy,UoA fridge,OSU chest freezer,,,,,,,,F,,,Sbr02FP03,,,,,O,yes,
Sbr03FP15,Steno bredanensis,Rough-toothed dolphin,,,,Moorea,,,French Polynesia,11/22/03,M-Oremus,aPOD,biopsy,UoA fridge,OSU chest freezer,,,,,,,,F,,,Sbr02FP03,,,,,O,yes,
Sbr03FP16,Steno bredanensis,Rough-toothed dolphin,,,,Moorea,,,French Polynesia,11/22/03,M-Oremus,aPOD,biopsy,UoA fridge,OSU chest freezer,,,,,,,,M,,,Sbr00FP01,,,,,C,yes,
Sbr03FP17,Steno bredanensis,Rough-toothed dolphin,,,,Moorea,,,French Polynesia,11/22/03,M-Oremus,aPOD,biopsy,UoA fridge,OSU chest freezer,,,,,,,,M,,,Sbr02FP03,,,,,O,yes,
Sbr03FP18,Steno bredanensis,Rough-toothed dolphin,,,,Moorea,,,French Polynesia,11/22/03,M-Oremus,aPOD,biopsy,UoA fridge,OSU chest freezer,,,,,,,,M,,,Sbr02FP03,,,,,O,yes,
Sbr03FP19,Steno bredanensis,Rough-toothed dolphin,,,,Moorea,,,French Polynesia,11/22/03,M-Oremus,aPOD,biopsy,UoA fridge,OSU chest freezer,,,,,,,,M,,,Sbr00FP02,,,,,P,yes,
Sbr03Sa01,Steno bredanensis,Rough-toothed dolphin,,,,Samoa,,,French Polynesia,9/24/03,M-Oremus,aPOD,biopsy,UoA fridge,OSU chest freezer,May/Jun 2014,,,,,,,F,,,Sbr03FP12,,,,,E,yes,
Sbr03Sa02,Steno bredanensis,Rough-toothed dolphin,,,,Samoa,,,French Polynesia,9/25/03,M-Oremus,aPOD,biopsy,UoA fridge,OSU chest freezer,May/Jun 2014,,,,,,,M,,,Sbr03FP12,,,,,E,yes,
Sbr03Sa03,Steno bredanensis,Rough-toothed dolphin,,,,Samoa,,,French Polynesia,9/25/03,M-Oremus,aPOD,biopsy,UoA fridge,OSU chest freezer,May/Jun 2014,,,,,,,M,,,Sbr03FP12,,,,,E,yes,
Sbr03Sa04,Steno bredanensis,Rough-toothed dolphin,,,,Samoa,,,French Polynesia,9/25/03,M-Oremus,aPOD,biopsy,UoA fridge,OSU chest freezer,May/Jun 2014,,,,,,,M,,,Sbr03FP12,,,,,E,yes,
Sbr04FP01,Steno bredanensis,Rough-toothed dolphin,,,,Moorea,,,French Polynesia,8/19/04,M-Oremus,aPOD,biopsy,UoA fridge,OSU chest freezer,,,,,,,,F,,,Sbr02FP03,,,,,O,yes,
Sbr04FP02,Steno bredanensis,Rough-toothed dolphin,,,,Moorea,,,French Polynesia,8/19/04,M-Oremus,aPOD,biopsy,UoA fridge,OSU chest freezer,,,,,,,,F,,,Sbr02FP03,,,,,O,yes,
Sbr04FP03,Steno bredanensis,Rough-toothed dolphin,,,,Moorea,,,French Polynesia,8/19/04,M-Oremus,aPOD,biopsy,UoA fridge,OSU chest freezer,,,,,,,,F,,,Sbr02FP03,,,,,O,yes,
Sbr04FP04,Steno bredanensis,Rough-toothed dolphin,,,,Moorea,,,French Polynesia,8/19/04,M-Oremus,aPOD,biopsy,UoA fridge,OSU chest freezer,,,,,,,,M,,,Sbr02FP03,,,,,O,yes,
Sbr04FP05,Steno bredanensis,Rough-toothed dolphin,,,,Moorea,,,French Polynesia,8/19/04,M-Oremus,aPOD,biopsy,UoA fridge,OSU chest freezer,,,,,,,,M,,,Sbr02FP03,,,,,O,yes,
Sbr04FP06,Steno bredanensis,Rough-toothed dolphin,,,,Moorea,,,French Polynesia,8/26/04,M-Oremus,aPOD,biopsy,UoA fridge,OSU chest freezer,,,,,,,,F,,,Sbr02FP03,,,,,O,yes,
Sbr04FP07,Steno bredanensis,Rough-toothed dolphin,,,,Moorea,,,French Polynesia,8/26/04,M-Oremus,aPOD,biopsy,UoA fridge,OSU chest freezer,,,,,,,,M,,,Sbr02FP03,,,,,O,yes,
Sbr04FP08,Steno bredanensis,Rough-toothed dolphin,,,,Moorea,,,French Polynesia,8/26/04,M-Oremus,aPOD,biopsy,UoA fridge,OSU chest freezer,,,,,,,,F,,,Sbr02FP03,,,,,O,yes,
Sbr04FP09,Steno bredanensis,Rough-toothed dolphin,,,,Moorea,,,French Polynesia,9/12/04,M-Oremus,aPOD,biopsy,UoA fridge,OSU chest freezer,,,,,,,,M,,,Sbr02FP03,,,,,O,yes,
Sbr04FP10,Steno bredanensis,Rough-toothed dolphin,,,,Moorea,,,French Polynesia,9/12/04,M-Oremus,aPOD,biopsy,UoA fridge,OSU chest freezer,,,,,,,,M,,,Sbr02FP03,,,,,O,yes,
Sbr04FP11,Steno bredanensis,Rough-toothed dolphin,,,,Moorea,,,French Polynesia,9/12/04,M-Oremus,aPOD,biopsy,UoA fridge,OSU chest freezer,,,,,,,,M,,,Sbr02FP03,,,,,O,yes,
Sbr04FP12,Steno bredanensis,Rough-toothed dolphin,,,,Moorea,,,French Polynesia,9/12/04,M-Oremus,aPOD,biopsy,UoA fridge,OSU chest freezer,,,,,,,,M,,,Sbr03FP12,,,,,E,yes,
Sbr04FP13,Steno bredanensis,Rough-toothed dolphin,,,,Moorea,,,French Polynesia,9/12/04,M-Oremus,aPOD,biopsy,UoA fridge,OSU chest freezer,,,,,,,,M,,,Sbr02FP03,,,,,O,yes,
Sbr04FP14,Steno bredanensis,Rough-toothed dolphin,,,,Moorea,,,French Polynesia,9/12/04,M-Oremus,aPOD,biopsy,UoA fridge,OSU chest freezer,,,,,,,,M,,,Sbr02FP03,,,,,O,yes,
Sbr04FP15,Steno bredanensis,Rough-toothed dolphin,,,,Moorea,,,French Polynesia,9/20/04,M-Oremus,aPOD,biopsy,UoA fridge,OSU chest freezer,,,,,,,,F,,,Sbr02FP03,,,,,O,yes,
Sbr04FP16,Steno bredanensis,Rough-toothed dolphin,,,,Moorea,,,French Polynesia,9/20/04,M-Oremus,aPOD,biopsy,UoA fridge,OSU chest freezer,,,,,,,,F,,,Sbr02FP03,,,,,O,yes,
Sbr04FP17,Steno bredanensis,Rough-toothed dolphin,,,,Moorea,,,French Polynesia,9/20/04,M-Oremus,aPOD,biopsy,UoA fridge,OSU chest freezer,,,,,,,,F,,,Sbr02FP03,,,,,O,yes,
Sbr04FP18,Steno bredanensis,Rough-toothed dolphin,,,,Moorea,,,French Polynesia,9/21/04,M-Oremus,aPOD,biopsy,UoA fridge,OSU chest freezer,,,,,,,,M,,,Sbr00FP01,,,,,C,yes,
Sbr04FP19,Steno bredanensis,Rough-toothed dolphin,,,,Moorea,,,French Polynesia,9/21/04,M-Oremus,aPOD,biopsy,UoA fridge,OSU chest freezer,,,,,,,,F,,,Sbr00FP02,,,,,P,yes,
Sbr04FP20,Steno bredanensis,Rough-toothed dolphin,,,,Moorea,,,French Polynesia,9/21/04,M-Oremus,aPOD,biopsy,UoA fridge,OSU chest freezer,,,,,,,,F,,,Sbr00FP01,,,,,C,yes,
Sbr04FP21,Steno bredanensis,Rough-toothed dolphin,,,,Moorea,,,French Polynesia,9/24/04,M-Oremus,aPOD,biopsy,UoA fridge,OSU chest freezer,,,,,,,,F,,,Sbr02FP03,,,,,O,yes,
Sbr04FP22,Steno bredanensis,Rough-toothed dolphin,,,,Moorea,,,French Polynesia,9/24/04,M-Oremus,aPOD,biopsy,UoA fridge,OSU chest freezer,,,,,,,,M,,,Sbr02FP03,,,,,O,yes,
Sbr04FP23,Steno bredanensis,Rough-toothed dolphin,,,,Moorea,,,French Polynesia,10/1/04,M-Oremus,aPOD,biopsy,UoA fridge,OSU chest freezer,,,,,,,,F,,,Sbr02FP03,,,,,O,yes,
Sbr04FP24,Steno bredanensis,Rough-toothed dolphin,,,,Moorea,,,French Polynesia,10/7/04,M-Oremus,aPOD,biopsy,UoA fridge,OSU chest freezer,,,,,,,,M,,,Sbr00FP01,,,,,C,yes,
Sbr04FP25,Steno bredanensis,Rough-toothed dolphin,,,,Moorea,,,French Polynesia,10/8/04,M-Oremus,aPOD,biopsy,UoA fridge,OSU chest freezer,,,,,,,,M,,,Sbr02FP03,,,,,O,yes,
Sbr04FP26,Steno bredanensis,Rough-toothed dolphin,,,,Moorea,,,French Polynesia,10/12/04,M-Oremus,aPOD,biopsy,UoA fridge,OSU chest freezer,,,,,,,,F,,,Sbr02FP03,,,,,O,yes,
Sbr04FP27,Steno bredanensis,Rough-toothed dolphin,,,,Moorea,,,French Polynesia,10/12/04,M-Oremus,aPOD,biopsy,UoA fridge,OSU chest freezer,,,,,,,,F,,,Sbr02FP03,,,,,O,yes,
Sbr04FP28,Steno bredanensis,Rough-toothed dolphin,,,,Moorea,,,French Polynesia,10/12/04,M-Oremus,aPOD,biopsy,UoA fridge,OSU chest freezer,,,,,,,,M,,,Sbr02FP03,,,,,O,yes,
Sbr04FP29,Steno bredanensis,Rough-toothed dolphin,,,,Moorea,,,French Polynesia,10/16/04,M-Oremus,aPOD,biopsy,UoA fridge,OSU chest freezer,,,,,,,,M,,,Sbr02FP03,,,,,O,yes,
Sbr04FP30,Steno bredanensis,Rough-toothed dolphin,,,,Moorea,,,French Polynesia,10/16/04,M-Oremus,aPOD,biopsy,UoA fridge,OSU chest freezer,,,,,,,,M,,,Sbr02FP03,,,,,O,yes,
Sbr04FP31,Steno bredanensis,Rough-toothed dolphin,,,,Raiatea,,,French Polynesia,11/7/04,M-Oremus,aPOD,biopsy,UoA fridge,OSU chest freezer,,,,,,,,M,,,Sbr00FP02,,,,,E,yes,
Sbr04FP32,Steno bredanensis,Rough-toothed dolphin,,,,Raiatea,,,French Polynesia,11/7/04,M-Oremus,aPOD,biopsy,UoA fridge,OSU chest freezer,,,,,,,,M,,,Sbr03FP12,,,,,E,yes,
Sbr04FP33,Steno bredanensis,Rough-toothed dolphin,,,,Raiatea,,,French Polynesia,11/7/04,M-Oremus,aPOD,biopsy,UoA fridge,OSU chest freezer,,,,,,,,M,,,Sbr03FP12,,,,,E,yes,
Sbr04FP34,Steno bredanensis,Rough-toothed dolphin,,,,Raiatea,,,French Polynesia,11/7/04,M-Oremus,aPOD,biopsy,UoA fridge,OSU chest freezer,,,,,,,,F,,,Sbr03FP12,,,,,E,yes,
Sbr04FP35,Steno bredanensis,Rough-toothed dolphin,,,,Raiatea,,,French Polynesia,11/7/04,M-Oremus,aPOD,biopsy,UoA fridge,OSU chest freezer,,,,,,,,M,,,Sbr00FP02,,,,,P,yes,
Sbr04FP36,Steno bredanensis,Rough-toothed dolphin,,,,Raiatea,,,French Polynesia,11/7/04,M-Oremus,aPOD,biopsy,UoA fridge,OSU chest freezer,,,,,,,,M,,,Sbr03FP12,,,,,E,yes,
Sbr04FP37,Steno bredanensis,Rough-toothed dolphin,,,,Raiatea,,,French Polynesia,11/13/04,M-Oremus,aPOD,biopsy,UoA fridge,OSU chest freezer,,,,,,,,F,,,Sbr03FP12,,,,,E,yes,
Sbr04FP38,Steno bredanensis,Rough-toothed dolphin,,,,Raiatea,,,French Polynesia,11/13/04,M-Oremus,aPOD,biopsy,UoA fridge,OSU chest freezer,,,,,,,,M,,,Sbr03FP12,,,,,E,yes,
Sbr04FP39,Steno bredanensis,Rough-toothed dolphin,,,,Raiatea,,,French Polynesia,11/13/04,M-Oremus,aPOD,biopsy,UoA fridge,OSU chest freezer,,,,,,,,M,,,Sbr03FP12,,,,,E,yes,
Sbr04FP40,Steno bredanensis,Rough-toothed dolphin,,,,Raiatea,,,French Polynesia,11/13/04,M-Oremus,aPOD,biopsy,UoA fridge,OSU chest freezer,,,,,,,,M,,,Sbr03FP12,,,,,E,yes,
Sbr04FP41,Steno bredanensis,Rough-toothed dolphin,,,,Raiatea,,,French Polynesia,11/13/04,M-Oremus,aPOD,biopsy,UoA fridge,OSU chest freezer,,,,,,,,M,,,Sbr03FP12,,,,,E,yes,
Sbr04FP42,Steno bredanensis,Rough-toothed dolphin,,,,Raiatea,,,French Polynesia,11/13/04,M-Oremus,aPOD,biopsy,UoA fridge,OSU chest freezer,,,,,,,,M,,,Sbr03FP12,,,,,E,yes,
Sbr04FP43,Steno bredanensis,Rough-toothed dolphin,,,,Raiatea,,,French Polynesia,11/13/04,M-Oremus,aPOD,biopsy,UoA fridge,OSU chest freezer,,,,,,,,M,,,Sbr03FP12,,,,,E,yes,
Sbr07Sa01,Steno bredanensis,Rough-toothed dolphin,,,,Savai'i,,,Samoa,8/1/07,M-Oremus/J-Ward,aPOD,biopsy,UoA fridge,OSU chest freezer,,,,,,,,M,,,Sbr03FP12,,,,,E,yes,
Sbr07Sa02,Steno bredanensis,Rough-toothed dolphin,,,,Savai'i,15 56.55S,,Samoa,8/1/07,M-Oremus/J-Ward,aPOD,biopsy,UoA fridge,OSU chest freezer,,,,,,,,M,,,Sbr03FP12,,,,,E,yes,
Sbr07Sa03,Steno bredanensis,Rough-toothed dolphin,,,,Savai'i,15 56.55S,,Samoa,8/1/07,M-Oremus/J-Ward,aPOD,biopsy,UoA fridge,OSU chest freezer,,,,,,,,M,,,Sbr03FP12,,,,,E,yes,
Sbr91GCA137,Steno bredanensis,Rough-toothed dolphin,,137,DSJ910520.01,"MEXICO, GULF OF CALIFORNIA",,,,1991,,aPOD,,SWFSC,OSU chest freezer,,,,,,,,?,,,?,,,,,,no,
Sbr91OR138,Steno bredanensis,Rough-toothed dolphin,,138,OIMB-91-01,"USA, OR, CURRY CO., GOLD BEACH",,,,1991,,aPOD,,SWFSC,OSU chest freezer,,,,,,,,Male,,,PAC3,,,,,PAC3,yes,
Sbr91OR139,Steno bredanensis,Rough-toothed dolphin,,139,OIMB-91-02,"USA, OR, CURRY CO., GOLD BEACH",,,,1991,,aPOD,stranding,SWFSC,OSU chest freezer,,,,,,,,Male,,,PAC3,,,,,PAC3,yes,
Sbr76VA457,Steno bredanensis,Rough-toothed dolphin,,457,JGM0192/USNM504486,"USA, VA",,,,1976,,aPOD,stranding,SWFSC,OSU chest freezer,,,,,,,,Male,,,ATL1,,,,,ATL1,yes,
Sbr76VA458,Steno bredanensis,Rough-toothed dolphin,,458,USNM504487,"USA, VA, VIRGINIA BEACH",,,,1976,,aPOD,stranding,SWFSC,OSU chest freezer,,,,,,,,Male,,,ATL1,,,,,ATL1,yes,
Sbr76VA459,Steno bredanensis,Rough-toothed dolphin,,459,USNM504488,"USA, VA, VIRGINIA BEACH",,,,1976,,aPOD,stranding,SWFSC,OSU chest freezer,,,,,,,,Male,,,ATL1,,,,,ATL1,yes,
Sbr76NC460,Steno bredanensis,Rough-toothed dolphin,,460,CWP0062/USNM504498,"USA, NC",,,,1976,,aPOD,stranding,SWFSC,OSU chest freezer,,,,,,,,Male,,,ATL1,,,,,ATL1,yes,
Sbr76NC461,Steno bredanensis,Rough-toothed dolphin,,461,CWP0064/USNM504499,"USA, NC",,,,1976,,aPOD,stranding,SWFSC,OSU chest freezer,,,,,,,,Male,,,ATL1,,,,,ATL1,yes,
Sbr82ETP544,Steno bredanensis,Rough-toothed dolphin,,544,MSB0005,ETP,,,,1982,,aPOD,biopsy,SWFSC,OSU chest freezer,,,,,,,,Male,,,?,,,,,,no,
Sbr92ETP1214,Steno bredanensis,Rough-toothed dolphin,,1214,DSJ921007.01,ETP,,,,1992,,aPOD,biopsy,SWFSC,OSU chest freezer,,,,,,,,Male,,,PAC3,,,,,PAC3,yes,
Sbr92ETP1215,Steno bredanensis,Rough-toothed dolphin,,1215,DSJ921021.01,ETP,,,,1992,,aPOD,biopsy,SWFSC,OSU chest freezer,,,,,,,,Male,,,,,,,,,no,
Sbr79ETP1316,Steno bredanensis,Rough-toothed dolphin,,1316,RCR0150,ETP,,,,1979,,aPOD,biopsy,SWFSC,OSU chest freezer,,,,,,,,Male,,,RA01,,,,,D,yes,
Sbr78ETP1317,Steno bredanensis,Rough-toothed dolphin,,1317,EHE0003,ETP,,,,1978,,aPOD,biopsy,SWFSC,OSU chest freezer,,,,,,,,Male,,,PAC17,,,,,PAC17,yes,
Sbr83GM1725,Steno bredanensis,Rough-toothed dolphin,,1725,ORII930529.02,GULF OF MEXICO,,,,1993,,aPOD,Stranding,SWFSC,OSU chest freezer,,,,,,,,?,,,ATL10,,,,,ATL10,yes,
Sbr93ETP1945,Steno bredanensis,Rough-toothed dolphin,,1945,MAC931100.30,ETP,,,,1993,,aPOD,,SWFSC,OSU chest freezer,,,,,,,,?,,,?,,,,,,yes,
Sbr3816,Steno bredanensis,Rough-toothed dolphin,,3816,ZZZ0027,unknown,,,,unknown,,aPOD,,SWFSC,OSU chest freezer,,,,,,,,?,,,PAC21,,,,,PAC21,yes,
?,Steno bredanensis,Rough-toothed dolphin,,4597,,,,,,,,aPOD,,SWFSC,OSU chest freezer,,,,,,,,?,,,?,,,,,,no,
This was actually a Tursiops,Steno bredanensis,Rough-toothed dolphin,,4693,MAC951027.07,GULF OF CALIFORNIA,,,,1995,This was actually a Tursiops,aPOD,,SWFSC,OSU chest freezer,,,,,,,,,,,This was actually a Tursiops,,,,,,yes,
Sbr78TAI9535,Steno bredanensis,Rough-toothed dolphin,,9535,YL9653,Taiwan,,,,1978,,aPOD,,SWFSC,OSU chest freezer,,,,,,,,Male,,,Sbr00FP02,,,,,P,yes,
Sbr78TAI9536,Steno bredanensis,Rough-toothed dolphin,,9536,SU9704,Taiwan,,,,1978,,aPOD,,SWFSC,OSU chest freezer,,,,,,,,Male,,,PAC22,,,,,PAC22,yes,
Sbr78TAI9537,Steno bredanensis,Rough-toothed dolphin,,9537,SU9438,Taiwan,,,,1978,,aPOD,,SWFSC,OSU chest freezer,,,,,,,,Male,,,PAC23,,,,,PAC23,yes,
Sbr96BZ9838,Steno bredanensis,Rough-toothed dolphin,,9838,SB5,"BRAZIL, PECEM BEACH",,,,1996,,aPOD,,SWFSC,OSU chest freezer,,,,,,,,Female,,,ATL4/H9,,,,,ATL4/H9,yes,
SbrMAL9855,Steno bredanensis,Rough-toothed dolphin,,9855,GIR980404.03,Maldives,,,,1998,,aPOD,,SWFSC,OSU chest freezer,,,,,,,,female,,,IND1,,,,,IND1,yes,
Sbr98CA10936,Steno bredanensis,Rough-toothed dolphin,,10936,C86,Marin County CA,,,,1998,,aPOD,,SWFSC,OSU chest freezer,,,,,,,,Male,,,PAC17,,,,,PAC17,yes,
Sbr97FL11192,Steno bredanensis,Rough-toothed dolphin,,11192,GWSB9724,"USA, FL, GULF CO., PORT ST. JOE",,,,1997,,aPOD,,SWFSC,OSU chest freezer,,,,,,,,Female,,,ATL7,,,,,ATL7,yes,
Sbr97FL11193,Steno bredanensis,Rough-toothed dolphin,,11193,GWSB9725,"USA, FL, GULF CO., PORT ST. JOE",,,,1997,,aPOD,,SWFSC,OSU chest freezer,,,,,,,,Male,,,ATL8,,,,,ATL8,yes,
Sbr98MX11668,Steno bredanensis,Rough-toothed dolphin,,11638,DSJ980823.04,MEXICO,,,,1998,,aPOD,,SWFSC,OSU chest freezer,,,,,,,,Male,,,,,,,,,yes,
Sbr98MX11663,Steno bredanensis,Rough-toothed dolphin,,11663,DSJ980825.13,MEXICO,,,,1998,,aPOD,,SWFSC,OSU chest freezer,,,,,,,,Male,,,PAC6,,,,,PAC6,yes,
Sbr98NIC11924,Steno bredanensis,Rough-toothed dolphin,,11924,DSJ980902.04,NICARAGUA,,,,1998,,aPOD,,SWFSC,OSU chest freezer,,,,,,,,Female,,,PAC6,,,,,PAC6,yes,
Sbr99CA12344,Steno bredanensis,Rough-toothed dolphin,,12344,C95,"USA, CA, SAN LUIS OBISPO, PISMO BEACH",,,,1999,,aPOD,,SWFSC,OSU chest freezer,,,,,,,,?,,,?,,,,,,no,
Sbr99CA13304,Steno bredanensis,Rough-toothed dolphin,,13304,C96,"USA, CA, SAN LUIS OBISPO",,,,1999,,aPOD,,SWFSC,OSU chest freezer,,,,,,,,?,,,PAC18,,,,,PAC18,no,
Sbr99CA14206,Steno bredanensis,Rough-toothed dolphin,,14206,C96,"USA, CA, SAN LUIS OBISPO",,,,1999,,aPOD,,SWFSC,OSU chest freezer,,,,,,,,?,,,?,,,,,,no,
Sbr99MX15890,Steno bredanensis,Rough-toothed dolphin,,15890,DSJ990809.01,MEXICO,,,,1999,,aPOD,,SWFSC,OSU chest freezer,,,,,,,,,,,PAC3,,,,,PAC3,no,
Sbr99MX15996,Steno bredanensis,Rough-toothed dolphin,,15996,DSJ990908.09,MEXICO,,,,1999,,aPOD,,SWFSC,OSU chest freezer,,,,,,,,,,,PAC19,,,,,PAC19,no,
Sbr99IFS16159,Steno bredanensis,Rough-toothed dolphin,,16159,DSJ991123.03,IFS,,,,1999,,aPOD,,SWFSC,OSU chest freezer,,,,,,,,,,,PAC2,,,,,PAC2,no,
Sbr99IFS16160,Steno bredanensis,Rough-toothed dolphin,,16160,DSJ991123.04,IFS,,,,1999,,aPOD,,SWFSC,OSU chest freezer,,,,,,,,,,,PAC2,,,,,PAC2,no,
Sbr00MX18068,Steno bredanensis,Rough-toothed dolphin,,18068,DSJ000812.17,MEXICO,,,,2000,,aPOD,,SWFSC,OSU chest freezer,,,,,,,,,,,PAC3,,,,,PAC3,no,
Sbr00MX18069,Steno bredanensis,Rough-toothed dolphin,,18069,DSJ000812.18,MEXICO,,,,2000,,aPOD,,SWFSC,OSU chest freezer,,,,,,,,,,,PAC3,,,,,PAC3,no,
Sbr00IFS18126,Steno bredanensis,Rough-toothed dolphin,,18126,DSJ000823.01,IFS,,,,2000,,aPOD,,SWFSC,OSU chest freezer,,,,,,,,,,,PAC7,,,,,PAC7,no,
Sbr00IFS18127,Steno bredanensis,Rough-toothed dolphin,,18127,DSJ000823.02,IFS,,,,2000,,aPOD,,SWFSC,OSU chest freezer,,,,,,,,,,,PAC8,,,,,PAC8,no,
Sbr00IFS18431,Steno bredanensis,Rough-toothed dolphin,,18431,DSJ001102.01,IFS,,,,2000,,aPOD,,SWFSC,OSU chest freezer,,,,,,,,,,,PAC9,,,,,PAC9,no,
Sbr00IFS18432,Steno bredanensis,Rough-toothed dolphin,,18432,DSJ001102.02,IFS,,,,2000,,aPOD,,SWFSC,OSU chest freezer,,,,,,,,,,,PAC2,,,,,PAC2,no,
Sbr00MX18466,Steno bredanensis,Rough-toothed dolphin,,18466,DSJ001114.21,MEXICO,,,,2000,,aPOD,,SWFSC,OSU chest freezer,,,,,,,,,,,PAC3,,,,,PAC3,no,
Sbr00MX18467,Steno bredanensis,Rough-toothed dolphin,,18467,DSJ001114.22,MEXICO,,,,2000,,aPOD,,SWFSC,OSU chest freezer,,,,,,,,,,,PAC4,,,,,PAC4,no,
Sbr00MX18468,Steno bredanensis,Rough-toothed dolphin,,18468,DSJ001114.23,MEXICO,,,,2000,,aPOD,,SWFSC,OSU chest freezer,,,,,,,,,,,PAC4,,,,,PAC4,no,
Sbr00MX18469,Steno bredanensis,Rough-toothed dolphin,,18469,DSJ001114.24,MEXICO,,,,2000,,aPOD,,SWFSC,OSU chest freezer,,,,,,,,,,,PAC4,,,,,PAC4,no,
Sbr02HICE30452,Steno bredanensis,Rough-toothed dolphin,,30452,DSJ021022.01,NW HI,,,,2002,,aPOD,,SWFSC,OSU chest freezer,,,,,,,,male,,,KA_04,,,,,G,Yes,
Sbr02HICE30453,Steno bredanensis,Rough-toothed dolphin,,30453,DSJ021022.02,NW HI,,,,2002,,aPOD,,SWFSC,OSU chest freezer,,,,,,,,female,,,KA_01,,,,,U,Yes,
Sbr02HICE30454,Steno bredanensis,Rough-toothed dolphin,,30454,DSJ021022.03,NW HI,,,,2002,,aPOD,,SWFSC,OSU chest freezer,,,,,,,,?,,,KA_01,,,,,U,Yes,
Sbr02HICE30503,Steno bredanensis,Rough-toothed dolphin,,30503,DSJ021126.04,NW HI,,,,2002,,aPOD,,SWFSC,OSU chest freezer,,,,,,,,female,,,HI_01,,,,,H,Yes,
Sbr02HICE30504,Steno bredanensis,Rough-toothed dolphin,,30504,DSJ021126.05,NW HI,,,,2002,,aPOD,,SWFSC,OSU chest freezer,,,,,,,,female,,,HI_02,,,,,I,Yes,
Sbr02HICE30517,Steno bredanensis,Rough-toothed dolphin,,30517,MAC021110.01,NW HI,,,,2002,,aPOD,,SWFSC,OSU chest freezer,,,,,,,,female,,,KA_03,,,,,X,Yes,
Sbr03OA33849,Steno bredanensis,Rough-toothed dolphin,,33849,RWB240503.W05,"USA, HI, OAHU",,,,2003,,aPOD,,SWFSC,OSU chest freezer,,,,,,,,Male,,,KA_01,,,,,U,yes,
Sbr03OA33850,Steno bredanensis,Rough-toothed dolphin,,33850,RWB240503.W06,"USA, HI, OAHU",,,,2003,,aPOD,,SWFSC,OSU chest freezer,,,,,,,,Male,,,KA_02,,,,,K,yes,
Sbr03KA33964,Steno bredanensis,Rough-toothed dolphin,,33964,RWB020603.W02,"USA, HI, NI'IHAU",,,,2003,,aPOD,,SWFSC,OSU chest freezer,,,,,,,,Male,,,KA_04,,,,,G,yes,
Sbr03KA33965,Steno bredanensis,Rough-toothed dolphin,,33965,RWB020603.W03,"USA, HI, NI'IHAU",,,,2003,,aPOD,,SWFSC,OSU chest freezer,,,,,,,,Male,,,KA_01,,,,,U,yes,
Sbr03KA33966,Steno bredanensis,Rough-toothed dolphin,,33966,RWB020603.W04,"USA, HI, NI'IHAU",,,,2003,,aPOD,,SWFSC,OSU chest freezer,,,,,,,,Female,,,KA_01,,,,,U,yes,
Sbr03KA33987,Steno bredanensis,Rough-toothed dolphin,,33987,RWB030603.A02,"USA, HI, NI'IHAU",,,,2003,,aPOD,,SWFSC,OSU chest freezer,,,,,,,,Male,,,KA_01,,,,,U,yes,
Sbr03KA33988,Steno bredanensis,Rough-toothed dolphin,,33988,RWB030603.A03,"USA, HI, NI'IHAU",,,,2003,,aPOD,,SWFSC,OSU chest freezer,,,,,,,,Female,,,KA_03,,,,,X,yes,
Sbr03KA33989,Steno bredanensis,Rough-toothed dolphin,,33989,RWB030603.A04,"USA, HI, NI'IHAU",,,,2003,,aPOD,,SWFSC,OSU chest freezer,,,,,,,,female,,,KA_03,,,,,X,yes,
Sbr03KA33993,Steno bredanensis,Rough-toothed dolphin,,33993,RWB040603.W01,"USA, HI, KAUAI",,,,2003,,aPOD,,SWFSC,OSU chest freezer,,,,,,,,Female,,,KA_02,,,,,K,yes,
Sbr03KA33994,Steno bredanensis,Rough-toothed dolphin,,33994,RWB040603.W02,"USA, HI, KAUAI",,,,2003,,aPOD,,OSU walk in freezer,OSU chest freezer,,,,,,,,Female,,,KA_02,,,,,K,yes,
Sbr03KA33995,Steno bredanensis,Rough-toothed dolphin,,33995,RWB040603.W03,"USA, HI, KAUAI",,,,2003,,aPOD,,SWFSC,OSU chest freezer,,,,,,,,Male,,,KA_01,,,,,U,yes,
Sbr03KA33996,Steno bredanensis,Rough-toothed dolphin,,33996,RWB040603.W04,"USA, HI, KAUAI",,,,2003,,aPOD,,SWFSC,OSU chest freezer,,,,,,,,Male,,,KA_04,,,,,G,yes,
Sbr03KA33997,Steno bredanensis,Rough-toothed dolphin,,33997,RWB040603.W05,"USA, HI, KAUAI",,,,2003,,aPOD,,SWFSC,OSU chest freezer,,,,,,,,Male,,,KA_02,,,,,K,yes,
Sbr03KA33998,Steno bredanensis,Rough-toothed dolphin,,33998,RWB040603.W06,"USA, HI, KAUAI",,,,2003,,aPOD,,SWFSC,OSU chest freezer,,,,,,,,Male,,,KA_02,,,,,K,yes,
Sbr03KA33999,Steno bredanensis,Rough-toothed dolphin,,33999,RWB040603.W07,"USA, HI, KAUAI",,,,2003,,aPOD,,SWFSC,OSU chest freezer,,,,,,,,Male,,,KA_03,,,,,X,yes,
Sbr03KA34000,Steno bredanensis,Rough-toothed dolphin,,34000,RWB040603.W08,"USA, HI, KAUAI",,,,2003,,aPOD,,SWFSC,OSU chest freezer,,,,,,,,Male,,,KA_04,,,,,G,yes,
Sbr03KA34001,Steno bredanensis,Rough-toothed dolphin,,34001,RWB040603.W09,"USA, HI, KAUAI",,,,2003,,aPOD,,SWFSC,OSU chest freezer,,,,,,,,Female,,,KA_03,,,,,X,yes,
Sbr03KA34020,Steno bredanensis,Rough-toothed dolphin,,34020,RWB060603.A01,"USA, HI, KAUAI",,,,2003,,aPOD,,OSU walk in freezer,OSU chest freezer,,,,,,,,Female,,,KA_03,,,,,X,yes,
Sbr03KA34021,Steno bredanensis,Rough-toothed dolphin,,34021,RWB060603.A02,"USA, HI, KAUAI",,,,2003,,aPOD,,SWFSC,OSU chest freezer,,,,,,,,Male,,,,,,,,,no,
Sbr03KA34038,Steno bredanensis,Rough-toothed dolphin,,34038,RWB070603.W01,"USA, HI, KAUAI",,,,2003,,aPOD,,SWFSC,OSU chest freezer,,,,,,,,Male,,,KA_02,,,,,K,yes,
Sbr03KA34039,Steno bredanensis,Rough-toothed dolphin,,34039,RWB070603.W02,"USA, HI, KAUAI",,,,2003,,aPOD,,SWFSC,OSU chest freezer,,,,,,,,Female,,,KA_02,,,,,K,yes,
Sbr03KA34040,Steno bredanensis,Rough-toothed dolphin,,34040,RWB070603.W03,"USA, HI, KAUAI",,,,2003,,aPOD,,SWFSC,OSU chest freezer,,,,,,,,Male,,,Sbr03FP12,,,,,E,yes,
Sbr03KA34041,Steno bredanensis,Rough-toothed dolphin,,34041,RWB070603.W04,"USA, HI, KAUAI",,,,2003,,aPOD,,SWFSC,OSU chest freezer,,,,,,,,Male,,,HI_01,,,,,H,yes,
Sbr03KA34042,Steno bredanensis,Rough-toothed dolphin,,34042,RWB070603.W05,"USA, HI, KAUAI",,,,2003,,aPOD,,SWFSC,OSU chest freezer,,,,,,,,Male,,,KA05,,,,,F,yes,
Sbr03KA34043,Steno bredanensis,Rough-toothed dolphin,,34043,RWB070603.W06,"USA, HI, KAUAI",,,,2003,,aPOD,,SWFSC,OSU chest freezer,,,,,,,,Male,,,Sbr03FP12,,,,,E,yes,
Sbr03KA34044,Steno bredanensis,Rough-toothed dolphin,,34044,RWB070603.W07,"USA, HI, KAUAI",,,,2003,,aPOD,,SWFSC,OSU chest freezer,,,,,,,,Male,,,KA02,,,,,K,yes,
Sbr03KA34045,Steno bredanensis,Rough-toothed dolphin,,34045,RWB070603.W08,"USA, HI, KAUAI",,,,2003,,aPOD,,SWFSC,OSU chest freezer,,,,,,,,Male,,,KA03,,,,,X,yes,
Sbr03KA34046,Steno bredanensis,Rough-toothed dolphin,,34046,RWB070603.W09,"USA, HI, KAUAI",,,,2003,,aPOD,,SWFSC,OSU chest freezer,,,,,,,,Female,,,KA_01,,,,,U,yes,
Sbr03KA34047,Steno bredanensis,Rough-toothed dolphin,,34047,RWB070603.W10,"USA, HI, KAUAI",,,,2003,,aPOD,,SWFSC,OSU chest freezer,,,,,,,,Female,,,KA_01,,,,,U,yes,
Sbr03KA34056,Steno bredanensis,Rough-toothed dolphin,,34056,RWB080603.W01,"USA, HI, KAUAI",,,,2003,,aPOD,,SWFSC,OSU chest freezer,,,,,,,,Male,,,KA07,,,,,L,yes,
Sbr03KA34057,Steno bredanensis,Rough-toothed dolphin,,34057,RWB080603.W02,"USA, HI, KAUAI",,,,2003,,aPOD,,SWFSC,OSU chest freezer,,,,,,,,Male,,,KA07,,,,,L,yes,
Sbr03KA34058,Steno bredanensis,Rough-toothed dolphin,,34058,RWB080603.W03,"USA, HI, KAUAI",,,,2003,,aPOD,,SWFSC,OSU chest freezer,,,,,,,,Male,,,KA05,,,,,F,yes,
Sbr03KA34059,Steno bredanensis,Rough-toothed dolphin,,34059,RWB080603.W04,"USA, HI, KAUAI",,,,2003,,aPOD,,SWFSC,OSU chest freezer,,,,,,,,Female,,,KA02,,,,,K,yes,
Sbr03KA34060,Steno bredanensis,Rough-toothed dolphin,,34060,RWB090603.A01,"USA, HI, KAUAI",,,,2003,,aPOD,,SWFSC,OSU chest freezer,,,,,,,,Male,,,KA02,,,,,K,yes,
Sbr03KA34061,Steno bredanensis,Rough-toothed dolphin,,34061,RWB090603.A02,"USA, HI, KAUAI",,,,2003,,aPOD,,SWFSC,OSU chest freezer,,,,,,,,Male,,,KA02,,,,,K,yes,
Sbr03KA34062,Steno bredanensis,Rough-toothed dolphin,,34062,RWB090603.A03,"USA, HI, KAUAI",,,,2003,,aPOD,,SWFSC,OSU chest freezer,,,,,,,,Female,,,KA02,,,,,K,yes,
Sbr03KA34063,Steno bredanensis,Rough-toothed dolphin,,34063,RWB090603.A04,"USA, HI, KAUAI",,,,2003,,aPOD,,SWFSC,OSU chest freezer,,,,,,,,Male,,,KA06,,,,,Q,yes,
Sbr03KA34064,Steno bredanensis,Rough-toothed dolphin,,34064,RWB090603.A05,"USA, HI, KAUAI",,,,2003,,aPOD,,SWFSC,OSU chest freezer,,,,,,,,Female,,,KA02,,,,,K,yes,
Sbr03HI35858,Steno bredanensis,Rough-toothed dolphin,,35858,RWB131003.B01,"USA, HI, BIG IS.",,,,2003,,aPOD,,SWFSC,OSU chest freezer,,,,,,,,Male,,,HI_01,,,,,H,yes,
Sbr03MX38067,Steno bredanensis,Rough-toothed dolphin,,38067,DSJ030816.15,MEXICO,,,,2003,,aPOD,,SWFSC,OSU chest freezer,,,,,,,,Male,,,PAC2,,,,,PAC2,yes,
Sbr03MX38068,Steno bredanensis,Rough-toothed dolphin,,38068,DSJ030816.16,MEXICO,,,,2003,,aPOD,,SWFSC,OSU chest freezer,,,,,,,,Female,,,PAC2,,,,,PAC2,yes,
Sbr03MX38080,Steno bredanensis,Rough-toothed dolphin,,38080,DSJ030822.02,MEXICO,,,,2003,,aPOD,,SWFSC,OSU chest freezer,,,,,,,,Female,,,PAC2,,,,,PAC2,yes,
Sbr03MEX38136,Steno bredanensis,Rough-toothed dolphin,,38136,DSJ030921.01,MEXICO,,,,2003,,aPOD,,SWFSC,OSU chest freezer,,,,,,,,Female,,,?,,,,,,no,
Sbr03MEX38137,Steno bredanensis,Rough-toothed dolphin,,38137,DSJ030921.02,MEXICO,,,,2003,,aPOD,,SWFSC,OSU chest freezer,,,,,,,,Male,,,?,,,,,,no,
Sbr03MEX38138,Steno bredanensis,Rough-toothed dolphin,,38138,DSJ030921.03,MEXICO,,,,2003,,aPOD,,SWFSC,OSU chest freezer,,,,,,,,Male,,,PAC3,,,,,PAC3,yes,
,Steno bredanensis,Rough-toothed dolphin,,38161,,,,,,,,aPOD,,SWFSC,OSU chest freezer,,,,,,,,?,,,?,,,,,,no,
Sbr03CEN38180,Steno bredanensis,Rough-toothed dolphin,,38180,DSJ030926.15,CENTRAL,2003,,,2003,,aPOD,,SWFSC,OSU chest freezer,,,,,,,,female,,,PAC1,,,,,PAC1,yes,
,Steno bredanensis,Rough-toothed dolphin,,38181,DSJ030926.16,CENTRAL,2003,,,2003,,aPOD,,SWFSC,OSU chest freezer,,,,,,,,male,,,PAC5,,,,,PAC5,yes,
,Steno bredanensis,Rough-toothed dolphin,,38201,DSJ031010.01,COSTA RICA,2003,,,2003,,aPOD,,SWFSC,OSU chest freezer,,,,,,,,male,,,PAC3,,,,,PAC3,yes,
Sbr03IFS38282,Steno bredanensis,Rough-toothed dolphin,,38282,DSJ031102.02,IFS,,,,2003,,aPOD,,SWFSC,OSU chest freezer,,,,,,,,?,,,PAC6,,,,,PAC6,yes,
Sbr03IFS38283,Steno bredanensis,Rough-toothed dolphin,,38283,DSJ031102.03,IFS,,,,2003,,aPOD,,SWFSC,OSU chest freezer,,,,,,,,male,,,PAC6,,,,,PAC6,yes,
Sbr03IFS38284,Steno bredanensis,Rough-toothed dolphin,,38284,DSJ031102.04,IFS,,,,2003,,aPOD,,SWFSC,OSU chest freezer,,,,,,,,?,,,PAC6,,,,,PAC6,yes,
Sbr03MX38289,Steno bredanensis,Rough-toothed dolphin,,38289,DSJ031116.01,MEXICO,,,,2003,,aPOD,,SWFSC,OSU chest freezer,,,,,,,,male,,,PAC3,,,,,PAC3,yes,
Sbr04HI45907,Steno bredanensis,Rough-toothed dolphin,,45907,RWB021004.01,"USA, HI",,,,2004,,aPOD,,OSU walk in freezer,OSU chest freezer,,,,,,,,Male,,,HI_02,,,,,I,yes,
Sbr02HI45908,Steno bredanensis,Rough-toothed dolphin,,45908,RWB021004.02,"USA, HI",,,,2004,,aPOD,,OSU walk in freezer,OSU chest freezer,,,,,,,,Male,,,HI_01,,,,,H,yes,
Sbr04HI45910,Steno bredanensis,Rough-toothed dolphin,,45910,RWB031004.01,"USA, HI",,,,2004,,aPOD,,SWFSC,OSU chest freezer,,,,,,,,Female,,,HI_01,,,,,H,yes,
Sbr04HI45923,Steno bredanensis,Rough-toothed dolphin,,45923,RWB071204.01,"USA, HI",,,,2004,,aPOD,,SWFSC,OSU chest freezer,,,,,,,,Male,,,HI_01,,,,,H,yes,
Sbr04HI45936,Steno bredanensis,Rough-toothed dolphin,,45936,RWB170904.01,"USA, HI",,,,2004,,aPOD,,SWFSC,OSU chest freezer,,,,,,,,Female,,,HI_02,,,,,I,yes,
Sbr04HI45950,Steno bredanensis,Rough-toothed dolphin,,45950,RWB200904.01,"USA, HI",,,,2004,,aPOD,,SWFSC,OSU chest freezer,,,,,,,,Male,,,HI_02,,,,,I,yes,
Sbr04HI45951,Steno bredanensis,Rough-toothed dolphin,,45951,RWB200904.02,"USA, HI",,,,2004,,aPOD,,SWFSC,OSU chest freezer,,,,,,,,Female,,,HI_01,,,,,H,yes,
Sbr04HI45952,Steno bredanensis,Rough-toothed dolphin,,45952,RWB201104.01,"USA, HI",,,,2004,,aPOD,,SWFSC,OSU chest freezer,,,,,,,,Male,,,HI_04,,,,,M,yes,
Sbr04HI45953,Steno bredanensis,Rough-toothed dolphin,,45953,RWB211104.01,"USA, HI",,,,2004,,aPOD,,SWFSC,OSU chest freezer,,,,,,,,Female,,,HI_01,,,,,H,yes,
Sbr04HI5954,Steno bredanensis,Rough-toothed dolphin,,45954,RWB211104.02,"USA, HI",,,,2004,,aPOD,,SWFSC,OSU chest freezer,,,,,,,,Male,,,HI_01,,,,,H,yes,
Sbr04HI45961,Steno bredanensis,Rough-toothed dolphin,,45961,RWB220904.02,"USA, HI",,,,2004,,aPOD,,SWFSC,OSU chest freezer,,,,,,,,Male,,,HI_01,,,,,H,yes,
Sbr04HI45967,Steno bredanensis,Rough-toothed dolphin,,45967,RWB220904.08,"USA, HI",,,,2004,,aPOD,,SWFSC,OSU chest freezer,,,,,,,,Female,,,HI_02,,,,,I,yes,
Sbr04HI45969,Steno bredanensis,Rough-toothed dolphin,,45969,RWB221104.02,"USA, HI",,,,2004,,aPOD,,SWFSC,OSU chest freezer,,,,,,,,Male,,,HI_02,,,,,I,yes,
Sbr04HI45972,Steno bredanensis,Rough-toothed dolphin,,45972,RWB221104.05,"USA, HI",,,,2004,,aPOD,,SWFSC,OSU chest freezer,,,,,,,,Male,,,HI_02,,,,,I,yes,
Sbr04HI45984,Steno bredanensis,Rough-toothed dolphin,,45984,RWB271104.01,"USA, HI",,,,2004,,aPOD,,SWFSC,OSU chest freezer,,,,,,,,Male,,,HI_01,,,,,H,yes,
Sbr04HI45987,Steno bredanensis,Rough-toothed dolphin,,45987,RWB290105.01,"USA, HI",,,,2005,,aPOD,,SWFSC,OSU chest freezer,,,,,,,,?,,,?,,,,,,no,
Sbr04HI45988,Steno bredanensis,Rough-toothed dolphin,,45988,RWB301104.01,"USA, HI",,,,2005,,aPOD,,SWFSC,OSU chest freezer,,,,,,,,Male,,,HI_01,,,,,H,yes,
Sbr04HI45989,Steno bredanensis,Rough-toothed dolphin,,45989,RWB301104.02,"USA, HI",,,,2004,,aPOD,,SWFSC,OSU chest freezer,,,,,,,,Female,,,HI_04,,,,,M,yes,
Sbr04HI45990,,,,45990,RWB301104.03,"USA, HI",,,,2004,,aPOD,,SWFSC,OSU chest freezer,,,,,,,,Male,,,HI_01,,,,,H,,
Sbr98ARU48059,Steno bredanensis,Rough-toothed dolphin,,48059,NEPST 552,"ARUBA, SPAANS LAGOENWEG",,,,1998,,aPOD,,SWFSC,OSU chest freezer,,,,,,,,female,,,ATL3,,,,,ATL3,yes,
,Steno bredanensis,Rough-toothed dolphin,,48137,NEPST356,"USA, PUERTO RICO, JUAN DE ACOSTA",,,,1994,,aPOD,,SWFSC,OSU chest freezer,,,,,,,,Female,ATL3,,ATL3,,,,,ATL3,yes,
,Steno bredanensis,Rough-toothed dolphin,,48138,NEPST857,"USA, PUERTO RICO, SALINAS",,,,2003,,aPOD,,SWFSC,OSU chest freezer,,,,,,,,Female,,,ATL2,,,,,ATL2,yes,
Sbr03PR48139,Steno bredanensis,Rough-toothed dolphin,,48139,NEPST859,"USA, PUERTO RICO, ARROYO",,,,2003,,aPOD,,SWFSC,OSU chest freezer,,,,,,,,Female,,,ATL2,,,,,ATL2,yes,
Sbr05PICE49031,Steno bredanensis,Rough-toothed dolphin,,49031,MAC050807.10,"USA, HI",,,,2005,,aPOD,,SWFSC,OSU chest freezer,,,,,,,,Female,,,HI_01,,,,,H,yes,
Sbr05PICE49032,Steno bredanensis,Rough-toothed dolphin,,49032,MAC050807.11,"USA, HI",,,,2005,,aPOD,,SWFSC,OSU chest freezer,,,,,,,,Male,,,HI_01,,,,,H,yes,
Sbr05KA51048,Steno bredanensis,Rough-toothed dolphin,,51048,RWB2005OCT30.01,"USA, HI, KAUAI",,,,2005,,aPOD,,SWFSC,OSU chest freezer,,,,,,,,Male,,,KA_01,,,,,U,yes,
Sbr05KA51049,Steno bredanensis,Rough-toothed dolphin,,51049,RWB2005OCT30.02,"USA, HI, KAUAI",,,,2005,,aPOD,,SWFSC,OSU chest freezer,,,,,,,,female,,,KA_01,,,,,U,yes,
Sbr05KA51050,Steno bredanensis,Rough-toothed dolphin,,51050,RWB2005OCT30.03,"USA, HI, KAUAI",,,,2005,,aPOD,,OSU walk in freezer,OSU chest freezer,,,,,,,,Male,,,KA_05,,,,,F,yes,
Sbr05KA51051,Steno bredanensis,Rough-toothed dolphin,,51051,RWB2005OCT30.04,"USA, HI, KAUAI",,,,2005,,aPOD,,SWFSC,OSU chest freezer,,,,,,,,Male,,,KA_02,,,,,K,yes,
Sbr05KA51052,Steno bredanensis,Rough-toothed dolphin,,51052,RWB2005OCT30.05,"USA, HI, KAUAI",,,,2005,,aPOD,,SWFSC,OSU chest freezer,,,,,,,,Male?,,,KA_02,,,,,K,yes,
Sbr05KA51053,Steno bredanensis,Rough-toothed dolphin,,51053,RWB2005OCT30.06,"USA, HI, KAUAI",,,,2005,,aPOD,,SWFSC,OSU chest freezer,,,,,,,,Female,,,KA_02,,,,,K,yes,
Sbr05KA51054,Steno bredanensis,Rough-toothed dolphin,,51054,RWB2005OCT30.07,"USA, HI, KAUAI",,,,2005,,aPOD,,SWFSC,OSU chest freezer,,,,,,,,Male,,,KA_06,,,,,Q,yes,
Sbr05KA51055,Steno bredanensis,Rough-toothed dolphin,,51055,RWB2005OCT30.08,"USA, HI, KAUAI",,,,2005,,aPOD,,SWFSC,OSU chest freezer,,,,,,,,male,,,?,,,,,,no,
Sbr05KA51056,Steno bredanensis,Rough-toothed dolphin,,51056,RWB2005OCT30.09,"USA, HI, KAUAI",,,,2005,,aPOD,,SWFSC,OSU chest freezer,,,,,,,,male,,,KA_01,,,,,U,yes,
Sbr05KA51057,Steno bredanensis,Rough-toothed dolphin,,51057,RWB2005OCT30.10,"USA, HI, KAUAI",,,,2005,,aPOD,,SWFSC,OSU chest freezer,,,,,,,,male,,,KA_01,,,,,U,yes,
Sbr05KA51058,Steno bredanensis,Rough-toothed dolphin,,51058,RWB2005OCT30.11,"USA, HI, KAUAI",,,,2005,,aPOD,,OSU walk in freezer,OSU chest freezer,,,,,,,,male,,,?,,,,,,no,
Sbr05KA51059,Steno bredanensis,Rough-toothed dolphin,,51059,RWB2005OCT30.12,"USA, HI, NI'IHAU ",,,,2005,,aPOD,,SWFSC,OSU chest freezer,,,,,,,,Female,,,KA_02,,,,,K,yes,
Sbr05KA51065,Steno bredanensis,Rough-toothed dolphin,,51065,RWB2005NOV04.02,"USA, HI, NI'IHAU ",,,,2005,,aPOD,,SWFSC,OSU chest freezer,,,,,,,,Female,,,KA_02,,,,,K,yes,
Sbr05KA51094,Steno bredanensis,Rough-toothed dolphin,,51094,RWB2005NOV14.03,"USA, HI, NI'IHAU ",,,,2005,,aPOD,,SWFSC,OSU chest freezer,,,,,,,,Female,,,KA_03,,,,,X,yes,
Sbr05KA51095,Steno bredanensis,Rough-toothed dolphin,,51095,RWB2005NOV14.04,"USA, HI, NI'IHAU ",,,,2005,,aPOD,,OSU walk in freezer,OSU chest freezer,,,,,,,,Female,,,HI_01,,,,,H,yes,
Sbr05KA51096,Steno bredanensis,Rough-toothed dolphin,,51096,RWB2005NOV14.05,"USA, HI, NI'IHAU ",,,,2005,,aPOD,,SWFSC,OSU chest freezer,,,,,,,,female,,,KA_02,,,,,K,yes,
Sbr05KA51097,Steno bredanensis,Rough-toothed dolphin,,51097,RWB2005NOV14.06,"USA, HI, NI'IHAU ",,,,2005,,aPOD,,OSU walk in freezer,OSU chest freezer,,,,,,,,Male,,,KA_01,,,,,U,yes,
Sbr05KA51098,Steno bredanensis,Rough-toothed dolphin,,51098,RWB2005NOV14.07,"USA, HI, NI'IHAU ",,,,2005,,aPOD,,SWFSC,OSU chest freezer,,,,,,,,Female,,,Sbr03FP12,,,,,E,yes,
Sbr05KA51099,Steno bredanensis,Rough-toothed dolphin,,51099,RWB2005NOV14.08,"USA, HI, NI'IHAU ",,,,2005,,aPOD,,SWFSC,OSU chest freezer,,,,,,,,Female,,,KA_01,,,,,U,yes,
Sbr05KA51100,Steno bredanensis,Rough-toothed dolphin,,51100,RWB2005NOV14.09,"USA, HI, NI'IHAU ",,,,2005,,aPOD,,SWFSC,OSU chest freezer,,,,,,,,Male,,,KA_01,,,,,U,yes,
Sbr05KA51101,,,,51101,RWB2005NOV14.10,"USA, HI, NI'IHAU ",,,,2005,,,,SWFSC,,,,,,,,,Male,,,KA_02,,,,,K,yes,
Sbr05KA51102,Steno bredanensis,Rough-toothed dolphin,,51102,RWB2005NOV14.11,"USA, HI, NI'IHAU ",,,,2005,,aPOD,,SWFSC,OSU chest freezer,,,,,,,,Female,,,KA_02,,,,,K,yes,
Sbr05KA51103,,,,51103,RWB2005NOV14.12,"USA, HI, NI'IHAU ",,,,2005,,,,SWFSC,,,,,,,,,Male,,,KA_03,,,,,X,yes,
Sbr05KA51104,,,,51104,RWB2005NOV14.13,"USA, HI, NI'IHAU ",,,,2005,,,,SWFSC,,,,,,,,,Male,,,HI_13,,,,,HI_13,yes,
Sbr05KA51105,,,,51105,RWB2005NOV14.14,"USA, HI, NI'IHAU ",,,,2005,,,,SWFSC,,,,,,,,,Male,,,KA_01,,,,,U,yes,
Sbr05KA51106,Steno bredanensis,Rough-toothed dolphin,,51106,RWB2005NOV14.15,"USA, HI, NI'IHAU ",,,,2005,,aPOD,,SWFSC,OSU chest freezer,,,,,,,,Male,,,KA_01,,,,,U,yes,
Sbr05KA51107,Steno bredanensis,Rough-toothed dolphin,,51107,RWB2005NOV14.16,"USA, HI, NI'IHAU ",,,,2005,,aPOD,,SWFSC,OSU chest freezer,,,,,,,,female,,,KA_03,,,,,X,yes,
Sbr05KA51109,Steno bredanensis,Rough-toothed dolphin,,51109,RWB2005NOV14.17,"USA, HI, NI'IHAU ",,,,2005,,aPOD,,SWFSC,OSU chest freezer,,,,,,,,female,,,HI_01,,,,,H,yes,
Sbr05KA51110,Steno bredanensis,Rough-toothed dolphin,,51110,RWB2005NOV14.18,"USA, HI, NI'IHAU ",,,,2005,,aPOD,,SWFSC,OSU chest freezer,,,,,,,,female,,,KA_01,,,,,U,yes,
Sbr05KA51111,Steno bredanensis,Rough-toothed dolphin,,51111,RWB2005NOV14.19,"USA, HI, NI'IHAU ",,,,2005,,aPOD,,SWFSC,OSU chest freezer,,,,,,,,male,,,Sbr03FP12,,,,,E,yes,
Sbr05KA51112,Steno bredanensis,Rough-toothed dolphin,,51112,RWB2005NOV14.20,"USA, HI, NI'IHAU ",,,,2005,,aPOD,,SWFSC,OSU chest freezer,,,,,,,,female,,,HI_01,,,,,H,yes,
Sbr05KA51113,Steno bredanensis,Rough-toothed dolphin,,51113,RWB2005NOV14.21,"USA, HI, NI'IHAU ",,,,2005,,aPOD,,SWFSC,OSU chest freezer,,,,,,,,female,,,KA_07,,,,,L,yes,
Sbr05KA51114,Steno bredanensis,Rough-toothed dolphin,,51114,RWB2005NOV14.22,"USA, HI, NI'IHAU ",,,,2005,,aPOD,,SWFSC,OSU chest freezer,,,,,,,,male,,,KA_05,,,,,F,yes,
Sbr05KA51115,Steno bredanensis,Rough-toothed dolphin,,51115,RWB2005NOV14.23,"USA, HI, NI'IHAU ",,,,2005,,aPOD,,SWFSC,OSU chest freezer,,,,,,,,Female,,,Sbr03FP12,,,,,E,yes,
Sbr05KA51116,Steno bredanensis,Rough-toothed dolphin,,51116,RWB2005NOV14.24,"USA, HI, NI'IHAU ",,,,2005,,aPOD,,SWFSC,OSU chest freezer,,,,,,,,female,,,?,,,,,,no,
Sbr05KA51117,Steno bredanensis,Rough-toothed dolphin,,51117,RWB2005NOV14.25,"USA, HI, NI'IHAU ",,,,2005,,aPOD,,SWFSC,OSU chest freezer,,,,,,,,male,,,KA_05,,,,,F,yes,
Sbr05HI53053,Steno bredanensis,Rough-toothed dolphin,,53053,RWB2005NOV14.26,"USA, HI, ",,,,2005,,aPOD,,SWFSC,OSU chest freezer,,,,,,,,Male,,,HI_01,,,,,H,yes,
Sbr06HI61447,Steno bredanensis,Rough-toothed dolphin,,61447,RWB2006DEC09.01,"USA, HI, ",,,,2005,,aPOD,,SWFSC,OSU chest freezer,,,,,,,,?,,,HI_01,,,,,H,yes,
Sbr06HI61923,Steno bredanensis,Rough-toothed dolphin,,61923,RWB2006JUL23.01,"USA, HI, ",,,,2005,,aPOD,,SWFSC,OSU chest freezer,,,,,,,,?,,,HI_01,,,,,H,yes,
Sbr06HI61934,Steno bredanensis,Rough-toothed dolphin,,61934,RWB2006JUL25.01,"USA, HI, ",,,,2005,,aPOD,,SWFSC,OSU chest freezer,,,,,,,,male,,,HI_01,,,,,H,yes,
Sbr06HI61935,Steno bredanensis,Rough-toothed dolphin,,61935,RWB2006JUL25.02,"USA, HI, ",,,,2005,,aPOD,,SWFSC,OSU chest freezer,,,,,,,,female,,,HI_01,,,,,H,yes,
Sbr06MX66767,Steno bredanensis,Rough-toothed dolphin,,66767,DSJ060820.01,Mexico,,,,2006,,aPOD,,SWFSC,OSU chest freezer,,,,,,,,female,,,PAC11,,,,,PAC11,no,
Sbr66768MEX,Steno bredanensis,Rough-toothed dolphin,,66768,DSJ060820.02,Mexico,,,,2006,,aPOD,,SWFSC,OSU chest freezer,,,,,,,,male,,,PAC3,,,,,PAC3,no,
Sbr06IFS66774,Steno bredanensis,Rough-toothed dolphin,,66774,DSJ060831.06,IFS,,,,2006,,aPOD,,SWFSC,OSU chest freezer,,,,,,,,?,,,PAC3,,,,,PAC3,no,
Sbr06COL66794,Steno bredanensis,Rough-toothed dolphin,,66794,DSJ060911.01,COLUMBIA,,,,2006,,aPOD,,SWFSC,OSU chest freezer,,,,,,,,?,,,PAC3,,,,,PAC3,yes,
Sbr06IFS66873,Steno bredanensis,Rough-toothed dolphin,,66873,DSJ060924.01,IFS,,,,2006,,aPOD,,SWFSC,OSU chest freezer,,,,,,,,male,,,PAC5,,,,,PAC5,yes,
Sbr06IFS66874,Steno bredanensis,Rough-toothed dolphin,,66874,DSJ060924.02,IFS,,,,2006,,aPOD,,SWFSC,OSU chest freezer,,,,,,,,?,,,PAC5,,,,,PAC5,yes,
Sbr06IFS66875,Steno bredanensis,Rough-toothed dolphin,,66875,DSJ060924.03,IFS,,,,2006,,aPOD,,SWFSC,OSU chest freezer,,,,,,,,?,,,PAC5,,,,,PAC5,yes,
Sbr06IFS66900,Steno bredanensis,Rough-toothed dolphin,,66900,DSJ061007.01,IFS,,,,2006,,aPOD,,SWFSC,OSU chest freezer,,,,,,,,female,,,PAC4,,,,,PAC4,yes,
Sbr06IFS66911,Steno bredanensis,Rough-toothed dolphin,,66911,DSJ061010.01,IFS,,,,2006,,aPOD,,SWFSC,OSU chest freezer,,,,,,,,female,,,PAC3,,,,,PAC3,yes,
Sbr06IFS66912,Steno bredanensis,Rough-toothed dolphin,,66912,DSJ061010.02,IFS,,,,2006,,aPOD,,SWFSC,OSU chest freezer,,,,,,,,female,,,PAC4,,,,,PAC4,yes,
Sbr06IFS66913,Steno bredanensis,Rough-toothed dolphin,,66913,DSJ061010.03,IFS,,,,2006,,aPOD,,SWFSC,OSU chest freezer,,,,,,,,female,,,PAC3,,,,,PAC3,yes,
Sbr06MX67070,Steno bredanensis,Rough-toothed dolphin,,67070,DSJ061113.02,Mexico,,,,2006,,aPOD,,SWFSC,OSU chest freezer,,,,,,,,?,,,PAC4,,,,,PAC4,yes,
Sbr06MX67080,Steno bredanensis,Rough-toothed dolphin,,67080,DSJ061122.01,Mexico,,,,2006,,aPOD,,SWFSC,OSU chest freezer,,,,,,,,male,,,PAC4,,,,,PAC4,yes,
Sbr00HI70966,Steno bredanensis,Rough-toothed dolphin,,70966,15351,"USA, HI, HAWAII IS., PUAKO",,,,2000,,aPOD,,SWFSC,OSU chest freezer,,,,,,,,male,,,HI_10,,,,,HI_10,yes,
Sbr08HI75659,Steno bredanensis,Rough-toothed dolphin,,75659,RWB2008JUL15.01,"USA, HI",,,,2008,,aPOD,,SWFSC,OSU chest freezer,,,,,,,,female,,,HI_01,,,,,H,yes,
Sbr08HI75658,Steno bredanensis,Rough-toothed dolphin,,75668,RWB2008JUL20.04,"USA, HI",,,,2008,,aPOD,,SWFSC,OSU chest freezer,,,,,,,,male,,,?,,,,,,no,
Sbr08HI75669,Steno bredanensis,Rough-toothed dolphin,,75669,RWB2008JUL20.05,"USA, HI",,,,2008,,aPOD,,SWFSC,OSU chest freezer,,,,,,,,Male,,,HI_01,,,,,H,yes,
Sbr08HI75670,Steno bredanensis,Rough-toothed dolphin,,75670,RWB2008JUL20.06,"USA, HI",,,,2008,,aPOD,,SWFSC,OSU chest freezer,,,,,,,,Male,,,HI_01,,,,,H,yes,
Sbr08HI75671,Steno bredanensis,Rough-toothed dolphin,,75671,RWB2008JUL20.07,"USA, HI",,,,2008,,aPOD,,SWFSC,OSU chest freezer,,,,,,,,Male,,,HI_01,,,,,H,yes,
Sbr08HI75672,Steno bredanensis,Rough-toothed dolphin,,75672,RWB2008JUL20.08,"USA, HI",,,,2008,,aPOD,,SWFSC,OSU chest freezer,,,,,,,,Male,,,HI_03,,,,,B,yes,
Sbr08HI75673,Steno bredanensis,Rough-toothed dolphin,,75673,RWB2008JUL21.01,"USA, HI",,,,2008,,aPOD,,SWFSC,OSU chest freezer,,,,,,,,Male,,,KA06,,,,,Q,yes,
Sbr08HI75674,Steno bredanensis,Rough-toothed dolphin,,75674,RWB2008JUL21.02,"USA, HI",,,,2008,,aPOD,,SWFSC,OSU chest freezer,,,,,,,,male,,,HI_12,,,,,HI_12,yes,
Sbr08AS77043,Steno bredanensis,Rough-toothed dolphin,,77043,AS0025-020313,AMERICAN SAMOA,,,,2008,,aPOD,,OSU walk in freezer,OSU chest freezer,,,,,,,,male,,,Sbr03FP12,,,,,E,yes,
Sbr08HI78744,Steno bredanensis,Rough-toothed dolphin,,78744,RWB2008DEC04.01,"USA, HAWAII",,,,2008,,aPOD,,SWFSC,OSU chest freezer,,,,,,,,male,,,HI_01,,,,,H,yes,
Sbr08HI78755,Steno bredanensis,Rough-toothed dolphin,,78755,RWB2008DEC07.04,"USA, HAWAII",,,,2008,,aPOD,,SWFSC,OSU chest freezer,,,,,,,,female,,,HI_04,,,,,M,yes,
Sbr08HI78759,Steno bredanensis,Rough-toothed dolphin,,78759,RWB2008DEC15.02,"USA, HAWAII",,,,2008,,aPOD,,SWFSC,OSU chest freezer,,,,,,,,female,,,HI_03,,,,,B,yes,
Sbr06AS78773,Steno bredanensis,Rough-toothed dolphin,,78773,Sb 33-1,"American Samoa, Tutuila",,,A Samoa,2006,,aPOD,,OSU walk in freezer,OSU chest freezer,,,,,,,,?,,,?,,,,,,yes,
Sbr06AS78774,Steno bredanensis,Rough-toothed dolphin,,78774,Sb 33-2,"American Samoa, Tutuila",,,A Samoa,2006,,aPOD,,OSU walk in freezer,OSU chest freezer,,,,,,,,Male,,,HI_01,,,,,H,yes,
Sbr06AS78775,Steno bredanensis,Rough-toothed dolphin,,78775,Sb 33-3,"American Samoa, Tutuila",,,A Samoa,2006,,aPOD,,OSU walk in freezer,OSU chest freezer,,,,,,,,Male,,,Sbr03FP12,,,,,E,yes,
Sbr06AS78776,Steno bredanensis,Rough-toothed dolphin,,78776,Sb 33-4,"American Samoa, Tutuila",,,A Samoa,2006,,aPOD,,OSU walk in freezer,OSU chest freezer,,,,,,,,Male,,,Sbr03FP12,,,,,E,yes,
Sbr06AS78777,Steno bredanensis,Rough-toothed dolphin,,78777,Sb 33-5,"American Samoa, Tutuila",,,A Samoa,2006,,aPOD,,OSU walk in freezer,OSU chest freezer,,,,,,,,Female,,,HI_04,,,,,M,yes,
Sbr06AS78778,Steno bredanensis,Rough-toothed dolphin,,78778,Sb 36-1,"American Samoa, Tutuila",,,A Samoa,2006,,aPOD,,OSU walk in freezer,OSU chest freezer,,,,,,,,?,,,?,,,,,,yes,
Sbr06AS78779,Steno bredanensis,Rough-toothed dolphin,,78779,Sb 36-2,"American Samoa, Tutuila",,,A Samoa,2006,,aPOD,,OSU walk in freezer,OSU chest freezer,,,,,,,,Male,,,Sbr03FP12,,,,,E,yes,
Sbr09HI79981,Steno bredanensis,Rough-toothed dolphin,,79981,RWB2008MAY06.04,"USA, HAWAII",,,,2008,,aPOD,,SWFSC,OSU chest freezer,,,,,,,,male,,,HI_01,,,,,H,yes,
Sbr09HI79995,Steno bredanensis,Rough-toothed dolphin,,79995,RWB2009APR26.01,"USA, HAWAII",,,,2009,,aPOD,,SWFSC,OSU chest freezer,,,,,,,,female,,,HI_02,,,,,I,yes,
Sbr09HI79996,Steno bredanensis,Rough-toothed dolphin,,79996,RWB2009APR26.02,"USA, HAWAII",,,,2009,,aPOD,,SWFSC,OSU chest freezer,,,,,,,,Male,,,HI_02,,,,,I,yes,
Sbr09HI79997,Steno bredanensis,Rough-toothed dolphin,,79997,RWB2009APR26.03,"USA, HAWAII",,,,2009,,aPOD,,SWFSC,OSU chest freezer,,,,,,,,Female,,,HI_01,,,,,I,yes,
Sbr09HI79999,Steno bredanensis,Rough-toothed dolphin,,79999,RWB2009APR27.01,"USA, HAWAII",,,,2009,,aPOD,,SWFSC,OSU chest freezer,,,,,,,,Male,,,KA_01,,,,,U,yes,
Sbr09HI80008,Steno bredanensis,Rough-toothed dolphin,,80008,RWB2009MAY01.02,"USA, HAWAII",,,,2009,,aPOD,,SWFSC,OSU chest freezer,,,,,,,,Male,,,HI_03,,,,,B,yes,B
Sbr09HI80009,Steno bredanensis,Rough-toothed dolphin,,80009,RWB2009MAY01.03,"USA, HAWAII",,,,2009,,aPOD,,SWFSC,OSU chest freezer,,,,,,,,Male,,,HI_01,,,,,H,yes,
Sbr09HI80010,Steno bredanensis,Rough-toothed dolphin,,80010,RWB2009MAY04.02,"USA, HAWAII",,,,2009,,aPOD,,SWFSC,OSU chest freezer,,,,,,,,Female,,,HI_01,,,,,H,yes,
Sbr09HI88599,Steno bredanensis,Rough-toothed dolphin,,88599,RWB2009OCT29.04,,,,,,,aPOD,,SWFSC,OSU chest freezer,,,,,,,,female,,,HI_02,,,,,I,yes,
Sbr09HI88600,Steno bredanensis,Rough-toothed dolphin,,88600,RWB2009OCT29.01,,,,,,,aPOD,,SWFSC,OSU chest freezer,,,,,,,,female,,,HI_01,,,,,H,yes,
Sbr09HI88601,Steno bredanensis,Rough-toothed dolphin,,88601,RWB2009OCT29.05,,,,,,,aPOD,,SWFSC,OSU chest freezer,,,,,,,,male,,,HI_03,,,,,B,yes,
Sbr09HI88602,Steno bredanensis,Rough-toothed dolphin,,88602,RWB2009OCT29.03,,,,,,,aPOD,,SWFSC,OSU chest freezer,,,,,,,,male,,,HI_02,,,,,I,yes,
Sbr09HI88603,Steno bredanensis,Rough-toothed dolphin,,88603,RWB2009OCT29.04,,,,,,,aPOD,,SWFSC,OSU chest freezer,,,,,,,,male,,,HI_01,,,,,H,yes,
Sbr09HI88613,Steno bredanensis,Rough-toothed dolphin,,88613,RWB2009OCT31.03,,,,,,,aPOD,,SWFSC,OSU chest freezer,,,,,,,,male,,,HI_02,,,,,I,yes,
Sbr10OA102471,Steno bredanensis,Rough-toothed dolphin,,102471,RWB2010OCT10.06,Oahu,,,,,,aPOD,,SWFSC,OSU chest freezer,,,,,,,,Male,,,KA_02,,,,,K,yes,
Sbr10OA102472,Steno bredanensis,Rough-toothed dolphin,,102472,RWB2010OCT10.04,Oahu,,,,,,aPOD,,SWFSC,OSU chest freezer,,,,,,,,Female,,,KA_01,,,,,U,yes,
Sbr10OA102473,Steno bredanensis,Rough-toothed dolphin,,102473,RWB2010OCT10.03,Oahu,,,,,,aPOD,,SWFSC,OSU chest freezer,,,,,,,,Male,,,KA_01,,,,,U,yes,
Sbr10OA102474,Steno bredanensis,Rough-toothed dolphin,,102474,RWB2010OCT10.05,Oahu,,,,,,aPOD,,SWFSC,OSU chest freezer,,,,,,,,Female,,,KA04,,,,,G,yes,
Sbr10OA102475,Steno bredanensis,Rough-toothed dolphin,,102475,RWB2010OCT11.02,Oahu,,,,,,aPOD,,SWFSC,OSU chest freezer,,,,,,,,Male,,,KA04,,,,,G,yes,
Sbr10OA102476,Steno bredanensis,Rough-toothed dolphin,,102476,RWB2010OCT11.03,Oahu,,,,,,aPOD,,SWFSC,OSU chest freezer,,,,,,,,Male,,,Sbr00FP02,,,,,P,yes,
Sbr10OA102477,Steno bredanensis,Rough-toothed dolphin,,102477,RWB2010OCT11.01,Oahu,,,,,,aPOD,,SWFSC,OSU chest freezer,,,,,,,,Male,,,KA04,,,,,G,yes,
Sbr10OA102478,Steno bredanensis,Rough-toothed dolphin,,102478,RWB2010OCT11.04,Oahu,,,,,,aPOD,,SWFSC,OSU chest freezer,,,,,,,,Female,,,KA04,,,,,G,yes,
Sbr13MA116865,Steno bredanensis,Rough-toothed dolphin,,116865,PIC130720.01A,Marianus,14.875839,145.576405,Marianas,15-Jul-13,E. Olson,aPOD,,SWFSC,OSU chest freezer,,,,,,,,female,,,KA_01,,,,,U,yes,
Sbr13MA116871,Steno bredanensis,Rough-toothed dolphin,,116871,PIC130720.01B,Marianus,15.232742,145.623937,Marianas,20-Jul-13,E. Olson,aPOD,,SWFSC,OSU chest freezer,,,,,,,,female,,,KA_01,,,,,U,yes,
Sbr10HICE123345,Steno bredanensis,Rough-toothed dolphin,,123345,,NW HI,,,,,,aPOD,,SWFSC,OSU chest freezer,,,,,,,,Male,,,KA_02,,,,,K,yes,
Sbr10HICE123346,Steno bredanensis,Rough-toothed dolphin,,123346,,NW HI,,,,,,aPOD,,SWFSC,OSU chest freezer,,,,,,,,Female,,,KA_04,,,,,G,yes,
Sbr10HICE123351,Steno bredanensis,Rough-toothed dolphin,,123351,,NW HI,,,,,,aPOD,,SWFSC,OSU chest freezer,,,,,,,,Male,,,KA_05,,,,,F,yes,
Sbr10HICE123352,Steno bredanensis,Rough-toothed dolphin,,123352,,NW HI,,,,,,aPOD,,SWFSC,OSU chest freezer,,,,,,,,Male,,,KA_01,,,,,U,yes,
Sbr10HICE123383,Steno bredanensis,Rough-toothed dolphin,,123383,,NW HI,,,,,,aPOD,,SWFSC,OSU chest freezer,,,,,,,,?,,,KA_01,,,,,U,yes,
Sbr10HICE123344,Steno bredanensis,Rough-toothed dolphin,,123384,,NW HI,,,,,,aPOD,,SWFSC,OSU chest freezer,,,,,,,,female,,,KA_01,,,,,U,yes,
Sbr10HICE123385,Steno bredanensis,Rough-toothed dolphin,,123385,,NW HI,,,,,,aPOD,,SWFSC,OSU chest freezer,,,,,,,,?,,,KA_02,,,,,K,yes,
Sbr10AS124012,Steno bredanensis,Rough-toothed dolphin,,124012,AS0067-160108,"American Samoa, Tutuila",,,A Samoa,,,aPOD,,SWFSC,OSU chest freezer,,,,,,,,female,,,Sbr03FP12,,,,,E,yes,
Sbr10AS124013,Steno bredanensis,Rough-toothed dolphin,,124013,AS0067-170101,"American Samoa, Tutuila",,,A Samoa,,,aPOD,,SWFSC,OSU chest freezer,,,,,,,,female,,,Sbr03FP12,,,,,E,yes,
Sbr11KA124776,Steno bredanensis,Rough-toothed dolphin,,124776,,Kauai,,,,,,aPOD,,SWFSC,OSU chest freezer,,,,,,,,Female,,,KA04,,,,,G,yes,
Sbr11KA124777,Steno bredanensis,Rough-toothed dolphin,,124777,,Kauai,,,,,,aPOD,,SWFSC,OSU chest freezer,,,,,,,,Male,,,KA06,,,,,Q,yes,
Sbr11KA124778,Steno bredanensis,Rough-toothed dolphin,,124778,,Kauai,,,,,,aPOD,,SWFSC,OSU chest freezer,,,,,,,,Female,,,KA05,,,,,F,yes,
Sbr11KA124779,Steno bredanensis,Rough-toothed dolphin,,124779,,Kauai,,,,,,aPOD,,SWFSC,OSU chest freezer,,,,,,,,Female,,,KA_01,,,,,U,yes,
Sbr11KA124780R,Steno bredanensis,Rough-toothed dolphin,,124780,,Kauai,,,,,,aPOD,,SWFSC,OSU chest freezer,,,,,,,,Female,,,KA04,,,,,G,yes,
Sbr11AS125879,Steno bredanensis,Rough-toothed dolphin,,125879,AS0079-030604,"American Samoa, Tutuila",,,A Samoa,,,aPOD,,OSU walk in freezer,OSU chest freezer,,,,,,,,female,,,Sbr03FP12,,,,,E,yes,
Sbr11AS125880,Steno bredanensis,Rough-toothed dolphin,,125880,AS0085-070709,"American Samoa, Tutuila",,,A Samoa,,,aPOD,,OSU walk in freezer,OSU chest freezer,,,,,,,,male,,,Sbr03FP12,,,,,E,yes,
Sbr11BA13400,Steno bredanensis,Rough-toothed dolphin,,134000,,Bahamas,,,Bahamas,,SWFSC,aPOD,,oSU walk in freezer,OSU chest freezer,,,,,,,,Female,,,ATL9,,,,,ATL9,yes,
SbAT315,Steno bredanensis,Rough-toothed dolphin,,I don't have this in my records,,US Atlantic,,,,,,aPOD,,OSU walk in freezer,,,,,,,,,?,,,,,,,,,yes,
Sbr??Pro01,Steno bredanensis,Rough-toothed dolphin,,"These are the same as above samples, they were sent to me from SWFSC and then Susana also sent them",,Puerto Rico,,,,,,aPOD,,OSU walk in freezer,OSU chest freezer,,,,,,,,,,,,,,,,,yes,
Sbr??Pro03,Steno bredanensis,Rough-toothed dolphin,,"These are the same as above samples, they were sent to me from SWFSC and then Susana also sent them",,Puerto Rico,,,,,,aPOD,,OSU walk in freezer,OSU chest freezer,,,,,,,,,,,,,,,,,yes,
Sbr??Pro04,Steno bredanensis,Rough-toothed dolphin,,"These are the same as above samples, they were sent to me from SWFSC and then Susana also sent them",,Puerto Rico,,,,,,aPOD,,OSU walk in freezer,OSU chest freezer,,,,,,,,,,,,,,,,,yes,
Sbr??Pro2,Steno bredanensis,Rough-toothed dolphin,,"These are the same as above samples, they were sent to me from SWFSC and then Susana also sent them",,Puerto Rico,,,,,,aPOD,,OSU walk in freezer,OSU chest freezer,,,,,,,,,,,,,,,,,yes,
Sbr02Oman001,Steno bredanensis,Rough-toothed dolphin,,Oman1,,Oman,,,,,,aPOD,,OSU walk in freezer,OSU chest freezer,,,,,,,,Female,,,IND1,,,,,IND1,yes,
Sbr02Oman003,Steno bredanensis,Rough-toothed dolphin,,Oman3,,Oman,,,,,,aPOD,,OSU walk in freezer,OSU chest freezer,,,,,,,,?,,,IND1,,,,,IND1,yes,
Sbr02Oman002,Steno bredanensis,Rough-toothed dolphin,,Oman2,,Oman,,,,,,aPOD,,OSU walk in freezer,OSU chest freezer,,,,,,,,Female,,,IND2,,,,,IND2,yes,
Sbr03KA33989,Steno bredanensis,Rough-toothed dolphin,,33989,,Kauai,,,,,Robin Baird,aPOD,,SWFSC,OSU chest freezer,,,,,,,,female,,,KA_03,,,,,X,yes,
Sbr03KA34043,Steno bredanensis,Rough-toothed dolphin,,34043,,Kauai,,,,,Robin Baird,aPOD,,SWFSC,OSU chest freezer,,,,,,,,male,,,Sbr03FP12,,,,,E,yes,
Sbr04HI45953,Steno bredanensis,Rough-toothed dolphin,,45953,,Hawaii,,,,,Robin Baird,aPOD,,SWFSC,OSU chest freezer,,,,,,,,female,,,HI_01,,,,,H,yes,
Sbr04KA51107,Steno bredanensis,Rough-toothed dolphin,,51107,,Kauai,,,,,Robin Baird,aPOD,,SWFSC,OSU chest freezer,,,,,,,,female,,,KA_03,,,,,X,yes,
Sbr05KA51113,Steno bredanensis,Rough-toothed dolphin,,51113,,Kauai,,,,,Robin Baird,aPOD,,SWFSC,OSU chest freezer,,,,,,,,female,,,KA_07,,,,,L,yes,
Sbr07Sa03,Steno bredanensis,Rough-toothed dolphin,,Sbr07Sa03,,Samoa,,,,,M Oremus,aPOD,,OSU walk in freezer,OSU chest freezer,,,,,,,,male,,,Sbr03FP12,,,,,E,yes,
Sbr09HI79995,Steno bredanensis,Rough-toothed dolphin,,79995,,Hawaii,,,,,Robin Baird,aPOD,,SWFSC,OSU chest freezer,,,,,,,,female,,,HI_02,,,,,I,yes,
Sbr10TA01,Steno bredanensis,Rough-toothed dolphin,,Sbr10TA01,,Tahiti,,,,,R Albertson,aPOD,,OSU walk in freezer,OSU chest freezer,,,,,,,,male,,,Sbr00FP01,,,,,C,yes,
Sbr10Ta02 (Sbr10FP002),Steno bredanensis,Rough-toothed dolphin,,Sbr10Ta02 (Sbr10FP002),,Tahiti,,,,20-Oct-10,R Albertson,aPOD,,OSU walk in freezer,OSU chest freezer,,,,,,,,female,,,Sbr02FP03,,,,,O,yes,
Sbr10Ta03(Sbr10FP003),Steno bredanensis,Rough-toothed dolphin,,Sbr10Ta03(Sbr10FP003),,Tahiti,,,,22-Oct-10,R Albertson,aPOD,,OSU walk in freezer,OSU chest freezer,,,,,,,,?,,,Sbr00FP02,,,,,P,yes,
Sbr10Ta04(Sbr10FP004),Steno bredanensis,Rough-toothed dolphin,,Sbr10Ta04(Sbr10FP004),,Tahiti,,,,22-Oct-10,R Albertson,aPOD,,OSU walk in freezer,OSU chest freezer,,,,,,,,male,,,RA_06,,,,,RA_06,yes,
Sbr11Hi01,Steno bredanensis,Rough-toothed dolphin,,,RWB2011Aug22.01,Hawaii,,,,22-Aug-11,Robin Baird,aPOD,,OSU walk in freezer,OSU chest freezer,,,,,,,,Female,,,HI_01,,,,,H,yes,
Sbr11HI02,Steno bredanensis,Rough-toothed dolphin,,,RWB2011Aug22.02,Hawaii,,,,22-Aug-11,Robin Baird,aPOD,,OSU walk in freezer,OSU chest freezer,,,,,,,,Male,,,HI_02,,,,,I,yes,
Sbr11HI03,Steno bredanensis,Rough-toothed dolphin,,,RWB2011Aug22.03,Hawaii,,,,22-Aug-11,Robin Baird,aPOD,,OSU walk in freezer,OSU chest freezer,,,,,,,,Male,,,HI_02,,,,,I,yes,
Sbr11KA001,Steno bredanensis,Rough-toothed dolphin,,,RWB2011Jul21.01,Kauai,,,,21-Jul-11,Robin Baird,aPOD,,OSU walk in freezer,OSU chest freezer,,,,,,,,Male,,,KA04,,,,,G,yes,
Sbr11KA002,Steno bredanensis,Rough-toothed dolphin,,,RWB2011Jul21.02,Kauai,,,,21-Jul-11,Robin Baird,aPOD,,OSU walk in freezer,OSU chest freezer,,,,,,,,Male,,,KA06,,,,,Q,yes,
Sbr11KA003,Steno bredanensis,Rough-toothed dolphin,,,RWB2011Jul21.03,Kauai,,,,21-Jul-11,Robin Baird,aPOD,,OSU walk in freezer,OSU chest freezer,,,,,,,,Male,,,KA06,,,,,Q,yes,
Sbr11KA004,Steno bredanensis,Rough-toothed dolphin,,,RWB2011Jul23.01,Kauai,,,,23-Jul-11,Robin Baird,aPOD,,OSU walk in freezer,OSU chest freezer,,,,,,,,Female,,,KA_01,,,,,U,yes,
Sbr11KA005,Steno bredanensis,Rough-toothed dolphin,,,RWB2011Jul23.02,Kauai,,,,23-Jul-11,Robin Baird,aPOD,,OSU walk in freezer,OSU chest freezer,,,,,,,,Male,,,Sbr03FP12,,,,,E,yes,
Sbr11KA006,Steno bredanensis,Rough-toothed dolphin,,,RWB2011Jul24.01,Kauai,,,,24-Jul-11,Robin Baird,aPOD,,OSU walk in freezer,OSU chest freezer,,,,,,,,Female,,,KA02,,,,,K,yes,
Sbr11KA007,Steno bredanensis,Rough-toothed dolphin,,Not enough of a sample to extract,RWB2011Jul24.02,Kauai,,,,24-Jul-11,Robin Baird,aPOD,,OSU walk in freezer,,,,,,,,,,,,,,,,,,yes,Not enough of a sample to extract
Sbr11KA008,Steno bredanensis,Rough-toothed dolphin,,,RWB2011Jul26.01,Kauai,,,,26-Jul-11,Robin Baird,aPOD,,OSU walk in freezer,OSU chest freezer,,,,,,,,Female,,,KA03,,,,,X,yes,
Sbr11KA009,Steno bredanensis,Rough-toothed dolphin,,,RWB2011Jul27.01,Kauai,,,,27-Jul-11,Robin Baird,aPOD,,OSU walk in freezer,OSU chest freezer,,,,,,,,Male,,,KA_01,,,,,U,yes,
Sbr11KA010,Steno bredanensis,Rough-toothed dolphin,,,RWB2011Jul31.01,Kauai,,,,31-Jul-11,Robin Baird,aPOD,,OSU walk in freezer,OSU chest freezer,,,,,,,,Male,,,KA05,,,,,F,yes,
Sbr11KA011,Steno bredanensis,Rough-toothed dolphin,,,RWB2011Jul31.02,Kauai,,,,31-Jul-11,Robin Baird,aPOD,,OSU walk in freezer,OSU chest freezer,,,,,,,,Male,,,KA02,,,,,K,yes,
Sbr11KA012,Steno bredanensis,Rough-toothed dolphin,,,RWB2011Jul31.03,Kauai,,,,31-Jul-11,Robin Baird,aPOD,,OSU walk in freezer,OSU chest freezer,,,,,,,,Female,,,KA04,,,,,G,yes,
Sbr11KA013,Steno bredanensis,Rough-toothed dolphin,,,RWB2011Aug01.01,Kauai,,,,1-Aug-11,Robin Baird,aPOD,,OSU walk in freezer,OSU chest freezer,,,,,,,,Female,,,KA02,,,,,K,yes,
Sbr11KA014,Steno bredanensis,Rough-toothed dolphin,,,RWB2011Aug02.01,Kauai,,,,2-Aug-11,Robin Baird,aPOD,,OSU walk in freezer,OSU chest freezer,,,,,,,,Female,,,KA03,,,,,X,yes,
Sbr11KA015,Steno bredanensis,Rough-toothed dolphin,,,RWB2011Aug02.02,Kauai,,,,2-Aug-11,Robin Baird,aPOD,,OSU walk in freezer,OSU chest freezer,,,,,,,,Female,,,KA02,,,,,K,yes,
Sbr11KA016,Steno bredanensis,Rough-toothed dolphin,,,RWB2011Aug02.03,Kauai,,,,2-Aug-11,Robin Baird,aPOD,,OSU walk in freezer,OSU chest freezer,,,,,,,,Female,,,KA03,,,,,X,yes,
Sbr11KA017,Steno bredanensis,Rough-toothed dolphin,,,RWB2011Aug02.04,Kauai,,,,2-Aug-11,Robin Baird,aPOD,,OSU walk in freezer,OSU chest freezer,,,,,,,,Male,,,KA_01,,,,,U,yes,
Sbr11KA018,Steno bredanensis,Rough-toothed dolphin,,,RWB2011Aug02.05,Kauai,,,,2-Aug-11,Robin Baird,aPOD,,OSU walk in freezer,OSU chest freezer,,,,,,,,Male,,,KA_01,,,,,U,yes,
Sbr11KA019,Steno bredanensis,Rough-toothed dolphin,,,RWB2011Aug02.06,Kauai,,,,2-Aug-11,Robin Baird,aPOD,,OSU walk in freezer,OSU chest freezer,,,,,,,,Male,,,KA06,,,,,Q,yes,
Sbr11KA020,Steno bredanensis,Rough-toothed dolphin,,,RWB2011Aug08.01,Kauai,,,,8-Aug-11,Robin Baird,aPOD,,OSU walk in freezer,OSU chest freezer,,,,,,,,Female,,,KA_01,,,,,U,yes,
Sbr11KA021,Steno bredanensis,Rough-toothed dolphin,,,RWB2011Aug08.02,Kauai,,,,8-Aug-11,Robin Baird,aPOD,,OSU walk in freezer,OSU chest freezer,,,,,,,,Female,,,KA_01,,,,,U,yes,
Sbr11HI022,Steno bredanensis,Rough-toothed dolphin,,,RWB2011Oct22.WW.01,Hawaii,,,,22-Oct-11,Robin Baird,aPOD,,OSU walk in freezer,OSU chest freezer,,,,,,,,Male,,,HI_01,,,,,H,yes,
Sbr11RA001,Steno bredanensis,Rough-toothed dolphin,,,Sbr11RA001,Raiatea,,,,9-Oct-11,R Albertson,aPOD,,OSU walk in freezer,OSU chest freezer,,,,,,,,Male,Sbr03FP12,,Sbr03FP12,,,,,E,yes,
Sbr11RA002,Steno bredanensis,Rough-toothed dolphin,,,Sbr11RA002,Raiatea,,,,9-Oct-11,R Albertson,aPOD,,OSU walk in freezer,OSU chest freezer,,,,,,,,Male,,,Hap6,,,,,V,yes,
Sbr11RA003,Steno bredanensis,Rough-toothed dolphin,,,Sbr11RA003,Raiatea,,,,9-Oct-11,R Albertson,aPOD,,OSU walk in freezer,OSU chest freezer,,,,,,,,Female,RA01,,RA01,,,,,D,yes,
Sbr11RA004,Steno bredanensis,Rough-toothed dolphin,,,Sbr11RA004,Raiatea,,,,20-Oct-11,R Albertson,aPOD,,OSU walk in freezer,OSU chest freezer,,,,,,,,Female,Sbr03FP12,,Sbr03FP12,,,,,E,yes,
Sbr11RA005,Steno bredanensis,Rough-toothed dolphin,,,Sbr11RA005,Raiatea,,,,20-Oct-11,R Albertson,aPOD,,OSU walk in freezer,OSU chest freezer,,,,,,,,Male,Sbr03FP12,,Sbr03FP12,,,,,E,yes,
Sbr11RA006,Steno bredanensis,Rough-toothed dolphin,,,Sbr11RA006,Raiatea,,,,21-Oct-11,R Albertson,aPOD,,OSU walk in freezer,OSU chest freezer,,,,,,,,Male,Hap6,,Hap6,,,,,V,yes,
Sbr11RA007,Steno bredanensis,Rough-toothed dolphin,,,Sbr11RA007,Raiatea,,,,21-Oct-11,R Albertson,aPOD,,OSU walk in freezer,OSU chest freezer,,,,,,,,Male,Sbr03FP12,,Sbr03FP12,,,,,E,yes,
Sbr11RA008,Steno bredanensis,Rough-toothed dolphin,,,Sbr11RA008,Raiatea,,,,24-Oct-11,R Albertson,aPOD,,OSU walk in freezer,OSU chest freezer,,,,,,,,Male,Sbr03FP12,,Sbr03FP12,,,,,E,yes,
Sbr12HI001,Steno bredanensis,Rough-toothed dolphin,,,RWB2012AUG10.01,Hawaii,,,,10-Aug-12,Robin Baird,aPOD,,OSU walk in freezer,OSU chest freezer,,,,,,,,Male,,,HI_03,,,,,B,yes,
Sbr12HI002,Steno bredanensis,Rough-toothed dolphin,,,JMA2012AUG19.03,Hawaii,,,,19-Aug-12,Robin Baird,aPOD,,OSU walk in freezer,OSU chest freezer,,,,,,,,Male,,,HI_03,,,,,B,yes,
Sbr12HI003,Steno bredanensis,Rough-toothed dolphin,,,RWB2012AUG23.01,Hawaii,,,,23-Aug-12,Robin Baird,aPOD,,OSU walk in freezer,OSU chest freezer,,,,,,,,Male,,,HI_03,,,,,B,yes,
Sbr12HI004,Steno bredanensis,Rough-toothed dolphin,,,RWB2012AUG23.02,Hawaii,,,,23-Aug-12,Robin Baird,aPOD,,OSU walk in freezer,OSU chest freezer,,,,,,,,Male,,,HI_02,,,,,I,yes,
Sbr12HI005,Steno bredanensis,Rough-toothed dolphin,,,JMA2012AUG30.01,Hawaii,,,,30-Aug-12,Robin Baird,aPOD,,OSU walk in freezer,OSU chest freezer,,,,,,,,Female,,,HI_01,,,,,H,yes,
Sbr12KA001,Steno bredanensis,Rough-toothed dolphin,,,RWB2012JAN14.01,Kauai,,,,14-Jan-12,Robin Baird,aPOD,,OSU walk in freezer,OSU chest freezer,,,,,,,,Male,,,KA_01,,,,,U,yes,
Sbr12KA002,Steno bredanensis,Rough-toothed dolphin,,,RWB2012JAN14.02,Kauai,,,,14-Jan-12,Robin Baird,aPOD,,OSU walk in freezer,OSU chest freezer,,,,,,,,Male,,,KA_01,,,,,U,yes,
Sbr12KA003,Steno bredanensis,Rough-toothed dolphin,,,RWB2012JUN12.01,Kauai,,,,12-Jun-12,Robin Baird,aPOD,,OSU walk in freezer,OSU chest freezer,,,,,,,,Female,,,KA_01,,,,,U,yes,
Sbr12KA004,Steno bredanensis,Rough-toothed dolphin,,,RWB2012JUN23.01,Kauai,,,,23-Jun-12,Robin Baird,aPOD,,OSU walk in freezer,OSU chest freezer,,,,,,,,Male,,,KA_01,,,,,U,yes,
Sbr12LA001,Steno bredanensis,Rough-toothed dolphin,,,RWB2012DEC18.02,Lanai,,,,18-Dec-12,Robin Baird,aPOD,,OSU walk in freezer,OSU chest freezer,,,,,,,,Male,,,KA_01,,,,,U,yes,
Sbr12LA002,Steno bredanensis,Rough-toothed dolphin,,,RWB2012DEC18.03,Lanai,,,,18-Dec-12,Robin Baird,aPOD,,OSU walk in freezer,OSU chest freezer,,,,,,,,Male,,,KA02,,,,,K,yes,
Sbr4009A,Steno bredanensis,Rough-toothed dolphin,,,,US Atlantic,,,,,Debbie Duffield,aPOD,,OSU walk in freezer,OSU chest freezer,,,,,,,,?,,,ATL2,,,,,ATL2,no,
Sbr4010D,Tursiops truncatus,Bottlenose dolphin,,,This is Tursiops,US Atlantic,,,,,Debbie Duffield,aPOD,,OSU walk in freezer,OSU chest freezer,,,,,,,,,,,This is Tursiops,,,,,,no,
SbrGWO1006D,Steno bredanensis,Rough-toothed dolphin,,,SbrGWO1006D,US Atlantic,,,,,Debbie Duffield,aPOD,,OSU walk in freezer,OSU chest freezer,,,,,,,,?,,,GUFL1,,,,,GUFL1,no,
SbrGWO1007D,Steno bredanensis,Rough-toothed dolphin,,,SbrGWO1007D,US Atlantic,,,,,Debbie Duffield,aPOD,,OSU walk in freezer,OSU chest freezer,,,,,,,,?,,,GUFL1,,,,,GUFL1,no,
SbrGWO1055D,Steno bredanensis,Rough-toothed dolphin,,,SbrGWO1055D,US Atlantic,,,,,Debbie Duffield,aPOD,,OSU walk in freezer,OSU chest freezer,,,,,,,,?,,,GUFL1,,,,,GUFL1,no,
SbrHBOI0413,Steno bredanensis,Rough-toothed dolphin,,,SbrHBOI0413,US Atlantic,,,,,Debbie Duffield,aPOD,,OSU walk in freezer,OSU chest freezer,,,,,,,,?,,,ATL1,,,,,ATL1,no,
SbrHBOI0424,Steno bredanensis,Rough-toothed dolphin,,,SbrHBOI0424,US Atlantic,,,,,Debbie Duffield,aPOD,,OSU walk in freezer,,,,,,,,,?,,,ATL1,,,,,ATL1,no,
SbrHBOI0435,Steno bredanensis,Rough-toothed dolphin,,,SbrHBOI0435,US Atlantic,,,,,Debbie Duffield,aPOD,,OSU walk in freezer,OSU chest freezer,,,,,,,,?,,,ATL1,,,,,ATL1,no,
SbrHBOI0438,Steno bredanensis,Rough-toothed dolphin,,,SbrHBOI0438,US Atlantic,,,,,Debbie Duffield,aPOD,,OSU walk in freezer,OSU chest freezer,,,,,,,,?,,,ATL1,,,,,ATL1,no,
SbrHBOI0439,Steno bredanensis,Rough-toothed dolphin,,,SbrHBOI0439,US Atlantic,,,,,Debbie Duffield,aPOD,,OSU walk in freezer,OSU chest freezer,,,,,,,,?,,,ATL1,,,,,ATL1,no,
SbrNEPST857,Steno bredanensis,Rough-toothed dolphin,,,SbrNEPST857,Puerto Rico,,,,,SWFSC,aPOD,,OSU walk in freezer,OSU chest freezer,,,,,,,,Female,,,ATL2,,,,,ATL2,yes,
SbrNEPST859,Steno bredanensis,Rough-toothed dolphin,,,SbrNEPST859,Puerto Rico,,,,,SWFSC,aPOD,,OSU walk in freezer,OSU chest freezer,,,,,,,,Female,,,ATL2,,,,,ATL2,yes,
SbrOW1021921,Steno bredanensis,Rough-toothed dolphin,,,SbrOW1021921,US Atlantic,,,,,Debbie Duffield,aPOD,,OSU walk in freezer,,,,,,,,,Female,,,GUFL3,,,,,GUFL3,no,
SbrRT313green,Steno bredanensis,Rough-toothed dolphin,,,SbrRT313green,US Atlantic,,,,,Debbie Duffield,aPOD,,OSU walk in freezer,OSU chest freezer,,,,,,,,Female,,,FL2,,,,,FL2,no,
SbrRT314green,Steno bredanensis,Rough-toothed dolphin,,,SbrRT314green,US Atlantic,,,,,Debbie Duffield,aPOD,,OSU walk in freezer,,,,,,,,,Male,,,FL2,,,,,FL2,no,
SbrRT361red,Steno bredanensis,Rough-toothed dolphin,,,SbrRT361red,US Atlantic,,,,,Debbie Duffield,aPOD,,OSU walk in freezer,OSU chest freezer,,,,,,,,Female,,,FL2,,,,,FL2,no,
SbrRT366red,Steno bredanensis,Rough-toothed dolphin,,,SbrRT366red,US Atlantic,,,,,Debbie Duffield,aPOD,,OSU walk in freezer,OSU chest freezer,,,,,,,,Female,,,FL2,,,,,FL2,no,
SbrRT370yellow,Steno bredanensis,Rough-toothed dolphin,,,SbrRT370yellow,US Atlantic,,,,,Debbie Duffield,aPOD,,OSU walk in freezer,OSU chest freezer,,,,,,,,Female,,,FL2,,,,,FL2,no,
SbrRT371red,Steno bredanensis,Rough-toothed dolphin,,,SbrRT371red,US Atlantic,,,,,Debbie Duffield,aPOD,,OSU walk in freezer,OSU chest freezer,,,,,,,,Male,,,FL2,,,,,FL2,no,
SbrRT373yellow,Steno bredanensis,Rough-toothed dolphin,,,SbrRT373yellow,US Atlantic,,,,,Debbie Duffield,aPOD,,OSU walk in freezer,OSU chest freezer,,,,,,,,Male,,,FL2,,,,,FL2,no,
SbrRT374red,Steno bredanensis,Rough-toothed dolphin,,,SbrRT374red,US Atlantic,,,,,Debbie Duffield,aPOD,,OSU walk in freezer,OSU chest freezer,,,,,,,,Male,,,FL2,,,,,FL2,no,
SbrRT900,Steno bredanensis,Rough-toothed dolphin,,,SbrRT900,US Atlantic,,,,,Debbie Duffield,aPOD,,OSU walk in freezer,OSU chest freezer,,,,,,,,Male,,,ATL1,,,,,ATL1,no,